Date/Time,WEST ZONE:Zone Air Heat Balance Internal Convective Heat Gain Rate [W](TimeStep:REPORTSCH),WEST ZONE:Zone Air Heat Balance Surface Convection Rate [W](TimeStep:REPORTSCH),WEST ZONE:Zone Air Heat Balance Interzone Air Transfer Rate [W](TimeStep:REPORTSCH),WEST ZONE:Zone Air Heat Balance Outdoor Air Transfer Rate [W](TimeStep:REPORTSCH),WEST ZONE:Zone Air Heat Balance System Air Transfer Rate [W](TimeStep:REPORTSCH),WEST ZONE:Zone Air Heat Balance Air Energy Storage Rate [W](TimeStep:REPORTSCH),EAST ZONE:Zone Air Heat Balance Internal Convective Heat Gain Rate [W](TimeStep:REPORTSCH),EAST ZONE:Zone Air Heat Balance Surface Convection Rate [W](TimeStep:REPORTSCH),EAST ZONE:Zone Air Heat Balance Interzone Air Transfer Rate [W](TimeStep:REPORTSCH),EAST ZONE:Zone Air Heat Balance Outdoor Air Transfer Rate [W](TimeStep:REPORTSCH),EAST ZONE:Zone Air Heat Balance System Air Transfer Rate [W](TimeStep:REPORTSCH),EAST ZONE:Zone Air Heat Balance Air Energy Storage Rate [W](TimeStep:REPORTSCH),NORTH ZONE:Zone Air Heat Balance Internal Convective Heat Gain Rate [W](TimeStep:REPORTSCH),NORTH ZONE:Zone Air Heat Balance Surface Convection Rate [W](TimeStep:REPORTSCH),NORTH ZONE:Zone Air Heat Balance Interzone Air Transfer Rate [W](TimeStep:REPORTSCH),NORTH ZONE:Zone Air Heat Balance Outdoor Air Transfer Rate [W](TimeStep:REPORTSCH),NORTH ZONE:Zone Air Heat Balance System Air Transfer Rate [W](TimeStep:REPORTSCH),NORTH ZONE:Zone Air Heat Balance Air Energy Storage Rate [W](TimeStep:REPORTSCH),ATTIC ZONE:Zone Air Heat Balance Internal Convective Heat Gain Rate [W](TimeStep:REPORTSCH),ATTIC ZONE:Zone Air Heat Balance Surface Convection Rate [W](TimeStep:REPORTSCH),ATTIC ZONE:Zone Air Heat Balance Interzone Air Transfer Rate [W](TimeStep:REPORTSCH),ATTIC ZONE:Zone Air Heat Balance Outdoor Air Transfer Rate [W](TimeStep:REPORTSCH),ATTIC ZONE:Zone Air Heat Balance System Air Transfer Rate [W](TimeStep:REPORTSCH),ATTIC ZONE:Zone Air Heat Balance Air Energy Storage Rate [W](TimeStep:REPORTSCH),WEST ZONE:Zone Infiltration Sensible Heat Loss Energy [J](TimeStep:REPORTSCH),WEST ZONE:Zone Infiltration Sensible Heat Gain Energy [J](TimeStep:REPORTSCH),EAST ZONE:Zone Infiltration Sensible Heat Loss Energy [J](TimeStep:REPORTSCH),EAST ZONE:Zone Infiltration Sensible Heat Gain Energy [J](TimeStep:REPORTSCH),NORTH ZONE:Zone Infiltration Sensible Heat Loss Energy [J](TimeStep:REPORTSCH),NORTH ZONE:Zone Infiltration Sensible Heat Gain Energy [J](TimeStep:REPORTSCH),ATTIC ZONE:Zone Infiltration Sensible Heat Loss Energy [J](TimeStep:REPORTSCH),ATTIC ZONE:Zone Infiltration Sensible Heat Gain Energy [J](TimeStep:REPORTSCH),WEST ZONE:Zone Ventilation Sensible Heat Loss Energy [J](TimeStep:REPORTSCH),WEST ZONE:Zone Ventilation Sensible Heat Gain Energy [J](TimeStep:REPORTSCH),EAST ZONE:Zone Ventilation Sensible Heat Loss Energy [J](TimeStep:REPORTSCH),EAST ZONE:Zone Ventilation Sensible Heat Gain Energy [J](TimeStep:REPORTSCH),NORTH ZONE:Zone Ventilation Sensible Heat Loss Energy [J](TimeStep:REPORTSCH),NORTH ZONE:Zone Ventilation Sensible Heat Gain Energy [J](TimeStep:REPORTSCH),WEST ZONE:AFN Node Temperature [C](TimeStep:REPORTSCH),EAST ZONE:AFN Node Temperature [C](TimeStep:REPORTSCH),NORTH ZONE:AFN Node Temperature [C](TimeStep:REPORTSCH),ATTIC ZONE:AFN Node Temperature [C](TimeStep:REPORTSCH),ExtNode   1:AFN Node Temperature [C](TimeStep:REPORTSCH),ExtNode   2:AFN Node Temperature [C](TimeStep:REPORTSCH),ExtNode   3:AFN Node Temperature [C](TimeStep:REPORTSCH),ExtNode   4:AFN Node Temperature [C](TimeStep:REPORTSCH),ExtNode   5:AFN Node Temperature [C](TimeStep:REPORTSCH),ExtNode   6:AFN Node Temperature [C](TimeStep:REPORTSCH),ExtNode   7:AFN Node Temperature [C](TimeStep:REPORTSCH),ExtNode   8:AFN Node Temperature [C](TimeStep:REPORTSCH),EQUIPMENTINLETNODE:AFN Node Temperature [C](TimeStep:REPORTSCH),SUPPLYMAINNODE:AFN Node Temperature [C](TimeStep:REPORTSCH),MAINSPLITTERNODE:AFN Node Temperature [C](TimeStep:REPORTSCH),ZONE1SUPPLYNODE:AFN Node Temperature [C](TimeStep:REPORTSCH),REHEATINLET1NODE:AFN Node Temperature [C](TimeStep:REPORTSCH),ZONE1SUPPLYREGISTERNODE:AFN Node Temperature [C](TimeStep:REPORTSCH),ZONE1OUTLETNODE:AFN Node Temperature [C](TimeStep:REPORTSCH),ZONE2SUPPLYNODE:AFN Node Temperature [C](TimeStep:REPORTSCH),REHEATINLET2NODE:AFN Node Temperature [C](TimeStep:REPORTSCH),ZONE2SUPPLYREGISTERNODE:AFN Node Temperature [C](TimeStep:REPORTSCH),ZONE2OUTLETNODE:AFN Node Temperature [C](TimeStep:REPORTSCH),ZONE3SUPPLYNODE:AFN Node Temperature [C](TimeStep:REPORTSCH),ZONE3SUPPLYREGISTERNODE ATINLET:AFN Node Temperature [C](TimeStep:REPORTSCH),ZONE3SUPPLYREGISTERNODE:AFN Node Temperature [C](TimeStep:REPORTSCH),ZONE3OUTLETNODE:AFN Node Temperature [C](TimeStep:REPORTSCH),ZONE1RETURNNODE:AFN Node Temperature [C](TimeStep:REPORTSCH),ZONE2RETURNNODE:AFN Node Temperature [C](TimeStep:REPORTSCH),ZONE3RETURNNODE:AFN Node Temperature [C](TimeStep:REPORTSCH),MAINMIXERNODE:AFN Node Temperature [C](TimeStep:REPORTSCH),MAINRETURNNODE:AFN Node Temperature [C](TimeStep:REPORTSCH),MAININLETNODE:AFN Node Temperature [C](TimeStep:REPORTSCH),OA SYSTEM NODE:AFN Node Temperature [C](TimeStep:REPORTSCH),OA INLET NODE:AFN Node Temperature [C](TimeStep:REPORTSCH),FANINLETNODE:AFN Node Temperature [C](TimeStep:REPORTSCH),FANOUTLETNODE:AFN Node Temperature [C](TimeStep:REPORTSCH),HEATINGINLETNODE:AFN Node Temperature [C](TimeStep:REPORTSCH),HEATINGOUTLETNODE:AFN Node Temperature [C](TimeStep:REPORTSCH),ZN001:WALL001:AFN Linkage Node 1 to Node 2 Mass Flow Rate [kg/s](TimeStep:REPORTSCH),ZN001:WALL004:AFN Linkage Node 1 to Node 2 Mass Flow Rate [kg/s](TimeStep:REPORTSCH),ZN001:WALL003:AFN Linkage Node 1 to Node 2 Mass Flow Rate [kg/s](TimeStep:REPORTSCH),ZN001:CEIL001:AFN Linkage Node 1 to Node 2 Mass Flow Rate [kg/s](TimeStep:REPORTSCH),ZN002:WALL001:AFN Linkage Node 1 to Node 2 Mass Flow Rate [kg/s](TimeStep:REPORTSCH),ZN002:WALL002:AFN Linkage Node 1 to Node 2 Mass Flow Rate [kg/s](TimeStep:REPORTSCH),ZN002:WALL003:AFN Linkage Node 1 to Node 2 Mass Flow Rate [kg/s](TimeStep:REPORTSCH),ZN002:WALL005:AFN Linkage Node 1 to Node 2 Mass Flow Rate [kg/s](TimeStep:REPORTSCH),ZN002:CEIL001:AFN Linkage Node 1 to Node 2 Mass Flow Rate [kg/s](TimeStep:REPORTSCH),ZN003:WALL001:AFN Linkage Node 1 to Node 2 Mass Flow Rate [kg/s](TimeStep:REPORTSCH),ZN003:WALL002:AFN Linkage Node 1 to Node 2 Mass Flow Rate [kg/s](TimeStep:REPORTSCH),ZN003:CEIL001:AFN Linkage Node 1 to Node 2 Mass Flow Rate [kg/s](TimeStep:REPORTSCH),ZN004:WALL001:AFN Linkage Node 1 to Node 2 Mass Flow Rate [kg/s](TimeStep:REPORTSCH),ZN004:ROOF001:AFN Linkage Node 1 to Node 2 Mass Flow Rate [kg/s](TimeStep:REPORTSCH),AIRLOOPRETURNLINK:AFN Linkage Node 1 to Node 2 Mass Flow Rate [kg/s](TimeStep:REPORTSCH),COOLINGCOILLINK:AFN Linkage Node 1 to Node 2 Mass Flow Rate [kg/s](TimeStep:REPORTSCH),EQUIPMENTAIRLOOPLINK:AFN Linkage Node 1 to Node 2 Mass Flow Rate [kg/s](TimeStep:REPORTSCH),HEATINGCOILLINK:AFN Linkage Node 1 to Node 2 Mass Flow Rate [kg/s](TimeStep:REPORTSCH),MAIN LINK 1:AFN Linkage Node 1 to Node 2 Mass Flow Rate [kg/s](TimeStep:REPORTSCH),MAIN LINK 2:AFN Linkage Node 1 to Node 2 Mass Flow Rate [kg/s](TimeStep:REPORTSCH),MAINSUPPLYLEAKLINK:AFN Linkage Node 1 to Node 2 Mass Flow Rate [kg/s](TimeStep:REPORTSCH),OAMIXEROUTLETLINK:AFN Linkage Node 1 to Node 2 Mass Flow Rate [kg/s](TimeStep:REPORTSCH),OASYSTEMINLETLINK:AFN Linkage Node 1 to Node 2 Mass Flow Rate [kg/s](TimeStep:REPORTSCH),RETURNMIXERLINK:AFN Linkage Node 1 to Node 2 Mass Flow Rate [kg/s](TimeStep:REPORTSCH),SUPPLYFANLINK:AFN Linkage Node 1 to Node 2 Mass Flow Rate [kg/s](TimeStep:REPORTSCH),ZONE1REHEATCOILLINK:AFN Linkage Node 1 to Node 2 Mass Flow Rate [kg/s](TimeStep:REPORTSCH),ZONE1RETURN1LINK:AFN Linkage Node 1 to Node 2 Mass Flow Rate [kg/s](TimeStep:REPORTSCH),ZONE1RETURN2LINK:AFN Linkage Node 1 to Node 2 Mass Flow Rate [kg/s](TimeStep:REPORTSCH),ZONE1RETURNCONNECTIONLINK:AFN Linkage Node 1 to Node 2 Mass Flow Rate [kg/s](TimeStep:REPORTSCH),ZONE1RETURNLEAKLINK:AFN Linkage Node 1 to Node 2 Mass Flow Rate [kg/s](TimeStep:REPORTSCH),ZONE1SUPPLY1LINK:AFN Linkage Node 1 to Node 2 Mass Flow Rate [kg/s](TimeStep:REPORTSCH),ZONE1SUPPLY2LINK:AFN Linkage Node 1 to Node 2 Mass Flow Rate [kg/s](TimeStep:REPORTSCH),ZONE1SUPPLYCONNECTIONLINK:AFN Linkage Node 1 to Node 2 Mass Flow Rate [kg/s](TimeStep:REPORTSCH),ZONE1SUPPLYLEAKLINK:AFN Linkage Node 1 to Node 2 Mass Flow Rate [kg/s](TimeStep:REPORTSCH),ZONE2REHEATCOILLINK:AFN Linkage Node 1 to Node 2 Mass Flow Rate [kg/s](TimeStep:REPORTSCH),ZONE2RETURN1LINK:AFN Linkage Node 1 to Node 2 Mass Flow Rate [kg/s](TimeStep:REPORTSCH),ZONE2RETURN2LINK:AFN Linkage Node 1 to Node 2 Mass Flow Rate [kg/s](TimeStep:REPORTSCH),ZONE2RETURNLEAKLINK:AFN Linkage Node 1 to Node 2 Mass Flow Rate [kg/s](TimeStep:REPORTSCH),ZONE2SUPPLY1LINK:AFN Linkage Node 1 to Node 2 Mass Flow Rate [kg/s](TimeStep:REPORTSCH),ZONE2SUPPLY2LINK:AFN Linkage Node 1 to Node 2 Mass Flow Rate [kg/s](TimeStep:REPORTSCH),ZONE2SUPPLYCONNECTIONLINK:AFN Linkage Node 1 to Node 2 Mass Flow Rate [kg/s](TimeStep:REPORTSCH),ZONE2SUPPLYLEAKLINK:AFN Linkage Node 1 to Node 2 Mass Flow Rate [kg/s](TimeStep:REPORTSCH),ZONE2RETURNCONNECTIONLINK:AFN Linkage Node 1 to Node 2 Mass Flow Rate [kg/s](TimeStep:REPORTSCH),ZONE3RETURN1LINK:AFN Linkage Node 1 to Node 2 Mass Flow Rate [kg/s](TimeStep:REPORTSCH),ZONE3RETURN2LINK:AFN Linkage Node 1 to Node 2 Mass Flow Rate [kg/s](TimeStep:REPORTSCH),ZONE3RETURNCONNECTIONLINK:AFN Linkage Node 1 to Node 2 Mass Flow Rate [kg/s](TimeStep:REPORTSCH),ZONE3RETURNLEAKLINK:AFN Linkage Node 1 to Node 2 Mass Flow Rate [kg/s](TimeStep:REPORTSCH),ZONE3SUPPLY1LINK:AFN Linkage Node 1 to Node 2 Mass Flow Rate [kg/s](TimeStep:REPORTSCH),ZONE3SUPPLYCONNECTIONLINK:AFN Linkage Node 1 to Node 2 Mass Flow Rate [kg/s](TimeStep:REPORTSCH),ZONE3SUPPLYLEAKLINK:AFN Linkage Node 1 to Node 2 Mass Flow Rate [kg/s](TimeStep:REPORTSCH),ZONE3SUPPLYLINK:AFN Linkage Node 1 to Node 2 Mass Flow Rate [kg/s](TimeStep:REPORTSCH),ZONE3SUPPLYLINK ATINLET:AFN Linkage Node 1 to Node 2 Mass Flow Rate [kg/s](TimeStep:REPORTSCH),WEST ZONE:AFN Zone Infiltration Sensible Heat Gain Energy [J](TimeStep:REPORTSCH),WEST ZONE:AFN Zone Infiltration Sensible Heat Loss Energy [J](TimeStep:REPORTSCH),WEST ZONE:AFN Distribution Sensible Heat Gain Rate [W](TimeStep:REPORTSCH),WEST ZONE:AFN Distribution Sensible Heat Gain Energy [J](TimeStep:REPORTSCH),WEST ZONE:AFN Distribution Sensible Heat Loss Rate [W](TimeStep:REPORTSCH),WEST ZONE:AFN Distribution Sensible Heat Loss Energy [J](TimeStep:REPORTSCH),EAST ZONE:AFN Zone Infiltration Sensible Heat Gain Energy [J](TimeStep:REPORTSCH),EAST ZONE:AFN Zone Infiltration Sensible Heat Loss Energy [J](TimeStep:REPORTSCH),EAST ZONE:AFN Distribution Sensible Heat Gain Rate [W](TimeStep:REPORTSCH),EAST ZONE:AFN Distribution Sensible Heat Gain Energy [J](TimeStep:REPORTSCH),EAST ZONE:AFN Distribution Sensible Heat Loss Rate [W](TimeStep:REPORTSCH),EAST ZONE:AFN Distribution Sensible Heat Loss Energy [J](TimeStep:REPORTSCH),NORTH ZONE:AFN Zone Infiltration Sensible Heat Gain Energy [J](TimeStep:REPORTSCH),NORTH ZONE:AFN Zone Infiltration Sensible Heat Loss Energy [J](TimeStep:REPORTSCH),NORTH ZONE:AFN Distribution Sensible Heat Gain Rate [W](TimeStep:REPORTSCH),NORTH ZONE:AFN Distribution Sensible Heat Gain Energy [J](TimeStep:REPORTSCH),NORTH ZONE:AFN Distribution Sensible Heat Loss Rate [W](TimeStep:REPORTSCH),NORTH ZONE:AFN Distribution Sensible Heat Loss Energy [J](TimeStep:REPORTSCH),ATTIC ZONE:AFN Zone Infiltration Sensible Heat Gain Energy [J](TimeStep:REPORTSCH),ATTIC ZONE:AFN Zone Infiltration Sensible Heat Loss Energy [J](TimeStep:REPORTSCH),ATTIC ZONE:AFN Distribution Sensible Heat Gain Rate [W](TimeStep:REPORTSCH),ATTIC ZONE:AFN Distribution Sensible Heat Gain Energy [J](TimeStep:REPORTSCH),ATTIC ZONE:AFN Distribution Sensible Heat Loss Rate [W](TimeStep:REPORTSCH),ATTIC ZONE:AFN Distribution Sensible Heat Loss Energy [J](TimeStep:REPORTSCH),WEST ZONE:Zone Air Temperature [C](TimeStep:REPORTSCH),WEST ZONE:Zone Air System Sensible Heating Energy [J](TimeStep:REPORTSCH),WEST ZONE:Zone Air System Sensible Cooling Energy [J](TimeStep:REPORTSCH),EAST ZONE:Zone Air Temperature [C](TimeStep:REPORTSCH),EAST ZONE:Zone Air System Sensible Heating Energy [J](TimeStep:REPORTSCH),EAST ZONE:Zone Air System Sensible Cooling Energy [J](TimeStep:REPORTSCH),NORTH ZONE:Zone Air Temperature [C](TimeStep:REPORTSCH),NORTH ZONE:Zone Air System Sensible Heating Energy [J](TimeStep:REPORTSCH),NORTH ZONE:Zone Air System Sensible Cooling Energy [J](TimeStep:REPORTSCH),ATTIC ZONE:Zone Air Temperature [C](TimeStep:REPORTSCH),ATTIC ZONE:Zone Air System Sensible Heating Energy [J](TimeStep:REPORTSCH),ATTIC ZONE:Zone Air System Sensible Cooling Energy [J](TimeStep:REPORTSCH),MAIN HEATING COIL 1:Heating Coil NaturalGas Rate [W](TimeStep:REPORTSCH),REHEAT COIL ZONE 1:Heating Coil NaturalGas Rate [W](TimeStep:REPORTSCH),REHEAT COIL ZONE 2:Heating Coil NaturalGas Rate [W](TimeStep:REPORTSCH),ACDXCOIL 1:Cooling Coil Electricity Rate [W](TimeStep:REPORTSCH) 
 01/21  00:10:00,43.93125,-2727.327082560125,-47.56780878407767,-931.1702913993649,3662.132462438527,-0.001481997063767461,43.93125,-3032.4889549825457,133.4026612015498,-2005.3301069189997,4859.970826817261,-0.5182369056850428,26.358756,-4550.397087059006,0.0,-1930.5207885030773,6454.523285353874,-0.0365005972506551,0.0,-6698.301826375894,1135.6000853345254,-896.6514002055106,0.0,-1.954267582410678,0.0,0.0,0.0,0.0,0.0,0.0,276005.908933782,0.0,0.0,0.0,0.0,0.0,0.0,0.0,14.9987505595535,13.450347413125096,14.824296048199619,-0.3429389748229549,-17.290250002300976,-17.290250002300976,-17.290250002300976,-17.290250002300976,-17.290250002300976,-17.290250002300976,-17.290250002300976,-17.290250002300976,21.046956449147725,21.016679018948935,20.97561546149981,20.84257055785189,20.70639799647252,20.70639822847495,14.998750559552974,20.86726241253822,20.756092227575177,22.292485143785257,13.450347413124529,20.914012915553677,20.85143168090113,20.851431680900856,14.824296048198745,13.324394599764762,11.811867331626313,13.003606493151926,12.682839114744835,12.682837299808602,12.68283729980717,12.682837299805735,-17.290250002300976,5.847390790395672,6.5716872241593185,6.5716872241593185,21.04695645077235,0.0,0.0,0.0,0.02132294562375862,0.0,0.0,0.0,0.0,0.0219322501552004,0.0,0.09524532692522926,0.03284325949585847,0.0,0.22655263622311708,2.234180887208868,2.234180887209943,2.23418088720887,2.234390521213405,2.2341808872088715,2.1915064732782428,0.042674413928405625,2.2341808872088698,2.2341808872088698,2.2341808872088698,2.2341808872088698,0.5473700520164921,0.6750714770423841,0.7102954938773287,0.6750714770443177,0.0,0.5646082593430661,0.5473461365835722,0.5473461365917055,0.01726212275884381,0.5248256231770472,0.6448997448254544,0.6796700172819439,0.0,0.5420411636144485,0.5248245738159679,0.524824573814227,0.017216589798433875,0.6448997448252343,0.7980994821661174,0.8442153760494805,0.7980994821646195,0.0,1.0848570503259305,1.0640811575537783,0.02077589276346738,1.0640811575624058,1.0640811576122426,0.0,558702.174839619,0.0,0.0,0.0,0.0,0.0,1203198.0641513998,0.0,0.0,0.0,0.0,0.0,1158312.4731018464,0.0,0.0,0.0,0.0,0.0,537990.8401233063,6457.44161786994,3874464.9707219643,0.0,0.0,14.998741706436583,2197279.4774631164,0.0,13.448077090559398,2915982.496090357,0.0,14.824184581206234,3872713.9712123256,0.0,-0.35069197412169656,0.0,0.0,40684.14371175974,647.5954070421483,1000.0,0.0 
 01/21  00:20:00,43.93125,-2735.805088371813,-47.622373018810094,-931.1880959901781,3670.682858598811,-0.0014596819020664177,43.93125,-3039.8616765904967,133.60886325573279,-2005.2064429741615,4867.021375623018,-0.5104688812716195,26.358756,-4562.50461599402,0.0,-1930.527429176304,6466.638738818521,-0.0351861545933591,0.0,-6701.800627524077,1136.074955004697,-896.1054812435556,0.0,-1.8701978337023524,0.0,0.0,0.0,0.0,0.0,0.0,275885.1848205614,0.0,0.0,0.0,0.0,0.0,0.0,0.0,14.99874404030454,13.448079464905982,14.82418904809634,-0.35069197412169656,-17.290250002300976,-17.290250002300976,-17.290250002300976,-17.290250002300976,-17.290250002300976,-17.290250002300976,-17.290250002300976,-17.290250002300976,21.058358684618987,21.0280526712884,20.98695031724378,20.85378004941921,20.717479021239235,20.717479254444125,14.998744040304013,20.8784953766067,20.76722052347271,22.303613439744385,13.448079464905414,20.925289758380263,20.862649545085727,20.86264954508545,14.824189048095466,13.324349120324984,11.80970157970731,13.003470387700892,12.68208012298109,12.68207830706985,12.68207830706843,12.68207830706701,-17.290250002300976,5.846804990747177,6.571101424681479,6.571101424681479,21.058358686211808,0.0,0.0,0.0,0.021322122789693577,0.0,0.0,0.0,0.0,0.021930913754358787,0.0,0.09524503425528405,0.03284271518003045,0.0,0.22654527393325674,2.2341808872088693,2.234180887226228,2.2341808872088698,2.2342956790564847,2.2341808872088724,2.191504578239937,0.042676308968933804,2.23418088720887,2.23418088720887,2.2341808872088693,2.2341808872088698,0.5473440505130537,0.6750713270133929,0.7102953437813925,0.6750713270133895,0.0,0.5646070042975132,0.5473440929797823,0.547344092979768,0.017262911317731843,0.5248235996403738,0.6449003240631702,0.6796703061218922,0.0,0.5420409456031369,0.5248236023334382,0.524823602333441,0.017217343269698742,0.6449003240631705,0.798099361278404,0.8442152373055853,0.7980993612784065,0.0,1.0848566283392809,1.0640798222645733,0.0207768060747231,1.0640798222645576,1.0640798222581183,0.0,558712.8575941069,0.0,0.0,0.0,0.0,0.0,1203123.865784497,0.0,0.0,0.0,0.0,0.0,1158316.4575057821,0.0,0.0,0.0,0.0,0.0,537663.2887461334,6460.001648963867,3876000.9893783205,0.0,0.0,14.998735283898434,2202409.7151592867,0.0,13.445843153614238,2920212.8253738107,0.0,14.824081432045077,3879983.2432911126,0.0,-0.35811124888195867,0.0,0.0,40717.83755081872,650.6637192252668,1000.0,0.0 
 01/21  00:30:00,43.93125,-2744.1337940038397,-47.67589787594807,-931.205911748315,3679.0829234661282,-0.0014395228452743299,43.93125,-3047.099629538235,133.81220398087157,-2005.0851892270503,4873.942282482324,-0.5028487783983372,26.358756,-4574.378122950828,0.0,-1930.534205143135,6478.520248737443,-0.03393110268758026,0.0,-6705.1821052229525,1136.5276874190395,-895.582135656424,0.0,-1.790153237264263,0.0,0.0,0.0,0.0,0.0,0.0,275769.63071600226,0.0,0.0,0.0,0.0,0.0,0.0,0.0,14.998737619214456,13.445845529120898,14.824085901308786,-0.35811124888195867,-17.290250002300976,-17.290250002300976,-17.290250002300976,-17.290250002300976,-17.290250002300976,-17.290250002300976,-17.290250002300976,-17.290250002300976,21.069540690339128,21.0392069200253,20.998066890331263,20.864774877656114,20.728349089141865,20.72834932351268,14.998737619213925,20.889513002897914,20.778136504842674,22.314529421172068,13.44584552912033,20.936349995182038,20.873652507155924,20.873652507155647,14.824085901307912,13.324305396609963,11.807569385689758,13.003339411456468,12.681335396471264,12.681333579629552,12.681333579628152,12.681333579626754,-17.290250002300976,5.84623020083512,6.570526634936875,6.570526634936875,21.069540691901178,0.0,0.0,0.0,0.021321331616195004,0.0,0.0,0.0,0.0,0.021929616537660533,0.0,0.09524474306326113,0.03284219142994375,0.0,0.22653825283122575,2.2341808872088684,2.234180887223148,2.2341808872088693,2.2343905192876785,2.2341808872088675,2.191502719197182,0.04267816800984075,2.2341808872088698,2.2341808872088698,2.2341808872088698,2.2341808872088698,0.5473619173271262,0.6750711782547656,0.7102951953372827,0.6750711782563675,0.0,0.5646057696492177,0.5473420841952163,0.5473420842019486,0.01726368545346228,0.5248236415266605,0.6449008947662207,0.6796705911331223,0.0,0.5420407335842993,0.5248226507860019,0.5248226507845909,0.017218082798256023,0.6449008947660448,0.7980992414703884,0.8442151007383705,0.7980992414691409,0.0,1.0848562159680046,1.064078513627253,0.02077770233351136,1.064078513634446,1.0640785136867932,0.0,558723.5470489889,0.0,0.0,0.0,0.0,0.0,1203051.1135362303,0.0,0.0,0.0,0.0,0.0,1158320.523085881,0.0,0.0,0.0,0.0,0.0,537349.2813938544,6462.485148525141,3877491.0891150846,0.0,0.0,14.998728950059414,2207449.754079677,0.0,13.443642581003825,2924365.369489394,0.0,14.823981962136788,3887112.1492424654,0.0,-0.36521279329200795,0.0,0.0,40750.88146205795,653.6892400114004,1000.0,0.0 
 01/21  00:40:00,43.93125,-2752.317604008982,-47.72841305644238,-931.2237199634153,3687.337078460408,-0.0014189733623224548,43.93125,-3054.2067059133788,134.01272675056748,-2004.9662789668753,4880.737334542833,-0.49537078052289046,26.358756,-4586.024928259806,0.0,-1930.541107889413,6490.175125478002,-0.032733957507108696,0.0,-6708.451429416331,1136.9593683492872,-895.0802900283052,0.0,-1.713924839482172,0.0,0.0,0.0,0.0,0.0,0.0,275658.99989977,0.0,0.0,0.0,0.0,0.0,0.0,0.0,14.998731286797291,13.443644957648555,14.82398643372889,-0.365212793292008,-17.290250002300976,-17.290250002300976,-17.290250002300976,-17.290250002300976,-17.290250002300976,-17.290250002300976,-17.290250002300976,-17.290250002300976,21.08050935055763,21.05014861531087,21.008971984656398,20.875561697341954,20.739014702319132,20.739014937843507,14.998731286796763,20.900321973710746,20.788846729190777,22.325239645576893,13.443644957647987,20.947200360620904,20.884447231427632,20.884447231427355,14.823986433728017,13.324263340746334,11.805470062316795,13.003213328676113,12.68060453310497,12.680602715375144,12.68060271537376,12.680602715372382,-17.290250002300976,5.845666110308127,6.569962544574213,6.569962544574213,21.080509352089877,0.0,0.0,0.0,0.02132057066203044,0.0,0.0,0.0,0.0,0.02192835690907643,0.0,0.09524445333504836,0.03284168728783268,0.0,0.22653155630909802,2.234180887208869,2.234180887215813,2.234180887208869,2.234387181732998,2.2341808872088684,2.1915008950364827,0.04267999216979393,2.2341808872088698,2.2341808872088693,2.2341808872088698,2.2341808872088698,0.5473681317164166,0.6750710308629015,0.7102950486146101,0.6750710308651682,0.0,0.5646045557063172,0.5473401101459002,0.5473401101554444,0.017264445559655305,0.5248228243312548,0.6449014570858531,0.6796708723623524,0.0,0.5420405270645614,0.524821718259792,0.5248217182577185,0.017218808804717115,0.6449014570855885,0.7980991226810069,0.8442149662317672,0.7980991226792572,0.0,1.0848558122716692,1.064077230201019,0.020778582060511915,1.0640772302110906,1.0640772302727766,0.0,558734.2319780492,0.0,0.0,0.0,0.0,0.0,1202979.7673801251,0.0,0.0,0.0,0.0,0.0,1158324.6647336478,0.0,0.0,0.0,0.0,0.0,537048.1740169831,6464.895330476372,3878937.198285823,0.0,0.0,14.998722706637377,2212402.247076245,0.0,13.44147475009164,2928442.4007257,0.0,14.823886001722647,3894105.075286802,0.0,-0.3720117699063888,0.0,0.0,40783.295666773694,656.6730178648982,1000.0,0.0 
 01/21  00:50:00,43.93125,-2760.3605989291577,-47.779947544810284,-931.2415128314519,3695.449420365609,-0.0013988551764490546,43.93125,-3061.186537959098,134.21047328334203,-2004.8496480074518,4887.410063389291,-0.4880296425472235,26.358756,-4597.451837616038,0.0,-1930.5481248472229,6501.6101688589715,-0.03159101927700771,0.0,-6711.613482801069,1137.3710262242348,-894.5989270575498,0.0,-1.641313404169979,0.0,0.0,0.0,0.0,0.0,0.0,275553.05855194066,0.0,0.0,0.0,0.0,0.0,0.0,0.0,14.998725044771675,13.441477127853094,14.82389047559929,-0.37201176990638885,-17.290250002300976,-17.290250002300976,-17.290250002300976,-17.290250002300976,-17.290250002300976,-17.290250002300976,-17.290250002300976,-17.290250002300976,21.09127106523559,21.0608841249689,21.01967192444576,20.886146691932073,20.749481900108034,20.749482136770037,14.998725044771145,20.910928498725355,20.799357288637992,22.33575020507921,13.44147712785252,20.957847113713115,20.89503991065795,20.895039910657676,14.823890475598414,13.324222879102903,11.803402950359631,13.003091911712474,12.679887150815293,12.679885332237646,12.679885332236287,12.679885332234917,-17.290250002300976,5.845112424337563,6.56940885876495,6.56940885876495,21.091271066738933,0.0,0.0,0.0,0.021319838532590916,0.0,0.0,0.0,0.0,0.021927133352673548,0.0,0.0952441651690629,0.03284120186041835,0.0,0.2265251686302381,2.2341808872088693,2.2341808872101807,2.2341808872088706,2.2343790584617036,2.2341808872088698,2.191499104691003,0.04268178251472544,2.2341808872088698,2.2341808872088693,2.23418088720887,2.2341808872088698,0.5473722661130909,0.6750708848255187,0.7102949035808505,0.675070884828279,0.0,0.5646033617345658,0.5473381696755071,0.5473381696871423,0.01726519205813228,0.524821958689075,0.644902011177088,0.679671149865019,0.0,0.5420403258690444,0.52482080417648,0.5248208041739046,0.01721952169250493,0.6449020111767558,0.7980990049417337,0.8442148337628255,0.7980990049396129,0.0,1.0848554170947258,1.0640759713301564,0.0207794457522924,1.0640759713423524,1.0640759714039663,0.0,558744.9076988712,0.0,0.0,0.0,0.0,0.0,1202909.788804471,0.0,0.0,0.0,0.0,0.0,1158328.8749083336,0.0,0.0,0.0,0.0,0.0,536759.3562345299,6467.2352272424005,3880341.13634544,0.0,0.0,14.998716551734628,2217269.6522193663,0.0,13.439339061224272,2932446.038033575,0.0,14.823793391890261,3900966.101315383,0.0,-0.3785225484662786,0.0,0.0,40815.098981634845,659.616019509503,1000.0,0.0 
 01/21  01:00:00,43.93125,-2768.2665778839855,-47.830528658215826,-931.2592813281753,3703.42376827168,-0.0013792392675867498,43.93125,-3068.042531623789,134.40548446575485,-2004.735233889788,4893.9637754972155,-0.48082097174491945,26.358756,-4608.665208475333,0.0,-1930.5552444779187,6512.831726613191,-0.030499213033835085,0.0,-6714.672882472103,1137.7636356574524,-894.1370836593429,0.0,-1.5721310928751269,0.0,0.0,0.0,0.0,0.0,0.0,275451.5850133049,0.0,0.0,0.0,0.0,0.0,0.0,0.0,14.998718891240634,13.439341440081723,14.823797868008889,-0.37852254846627864,-17.290250002300976,-17.290250002300976,-17.290250002300976,-17.290250002300976,-17.290250002300976,-17.290250002300976,-17.290250002300976,-17.290250002300976,21.101831809932214,21.071419394235093,21.030172613798733,20.89653563272944,20.759756317861594,20.759756555645076,14.998718891240106,20.92133837395495,20.809673868270067,22.346066784764837,13.43934144008115,20.968296097023295,20.905436324887468,20.90543632488719,14.823797868008015,13.324183938646293,11.80136741608766,13.002974946641258,12.67918288445002,12.679181065062911,12.679181065061558,12.679181065060217,-17.290250002300976,5.844568861129289,6.568865295715029,6.568865295715029,21.101831811407482,0.0,0.0,0.0,0.021319133910876437,0.0,0.0,0.0,0.0,0.02192594443037936,0.0,0.09524387865034858,0.03284073430050465,0.0,0.22651907485471887,2.234180887208869,2.2341808872437596,2.2341808872088698,2.2343633014171043,2.234180887208871,2.1914973471753276,0.04268354002989646,2.234180887208869,2.23418088720887,2.2341808872088693,2.2341808872088698,0.5473759387771991,0.6750707401452862,0.7102947602182103,0.6750707401485007,0.0,0.5646021871732373,0.5473362618396072,0.5473362618531673,0.01726592533255149,0.5248210806587162,0.6449025571869987,0.6796714236922323,0.0,0.5420401298080232,0.5248199079748118,0.5248199079717679,0.017220221833146206,0.6449025571866024,0.7980988882707115,0.8442147032982213,0.7980988882682511,0.0,1.0848550302025617,1.0640747363210936,0.02078029386723315,1.0640747363352345,1.0640747364076246,0.0,558755.5687969052,0.0,0.0,0.0,0.0,0.0,1202841.1403338728,0.0,0.0,0.0,0.0,0.0,1158333.1466867512,0.0,0.0,0.0,0.0,0.0,536482.2501956058,6469.507699753727,3881704.6198522365,0.0,0.0,14.998710483141164,2222054.260963008,0.0,13.437234933999843,2936378.265298329,0.0,14.82370398274188,3907699.0359679153,0.0,-0.3847587513585587,0.0,0.0,40846.30899378819,662.5191411346901,1000.0,0.0 
 01/21  01:10:00,43.93125,-2776.0390962250276,-47.880182519999835,-931.2770129622554,3711.263692095392,-0.001359512375278354,43.93125,-3074.7778947395636,134.5978003884154,-2004.6229760995495,4900.4015817341315,-0.4737409406321248,26.358756,-4619.671004528173,0.0,-1930.5624570620703,6523.845754608437,-0.029456220095872312,0.0,-6717.633996163385,1138.1381207192235,-893.6938479184828,0.0,-1.5062012343170874,0.0,0.0,0.0,0.0,0.0,0.0,275354.3690609609,0.0,0.0,0.0,0.0,0.0,0.0,0.0,14.99871282399483,13.437237313933153,14.823708461061123,-0.3847587513585587,-17.290250002300976,-17.290250002300976,-17.290250002300976,-17.290250002300976,-17.290250002300976,-17.290250002300976,-17.290250002300976,-17.290250002300976,21.1121971919254,21.081760001726522,21.040479592452055,20.90673393404128,20.769843241487234,20.76984348038522,14.9987128239943,20.9315570369547,20.81980180077572,22.356194717322726,13.437237313932581,20.978552792114044,20.915641896569802,20.91564189656953,14.823708461060246,13.324146449901946,11.799362847542831,13.002862231299256,12.678491384627344,12.678489564467263,12.678489564465933,12.678489564464602,-17.290250002300976,5.844035151036949,6.568331585778173,6.568331585778173,21.112197193373376,0.0,0.0,0.0,0.02131845556076026,0.0,0.0,0.0,0.0,0.021924788777210505,0.0,0.09524359382864514,0.03284028380145663,0.0,0.22651326079604922,2.2341808872088698,2.234180887100667,2.234180887208873,2.2343860369416415,2.234180887208866,2.1914956215837247,0.042685265622861256,2.2341808872088698,2.2341808872088698,2.23418088720887,2.2341808872088698,0.5473590556694626,0.6750705968606194,0.7102946185439376,0.6750705968626144,0.0,0.5646010318688669,0.547334386148962,0.5473343861573593,0.017266645719234426,0.5248200477598852,0.6449030952527367,0.679671693888128,0.0,0.5420399385883647,0.5248190290204413,0.5248190290186282,0.017220909567876606,0.644903095252506,0.7980987726553324,0.844214574776662,0.7980987726537905,0.0,1.084854651131841,1.0640735242960626,0.02078112682683906,1.064073524304943,1.0640735243558141,0.0,558766.2077773532,0.0,0.0,0.0,0.0,0.0,1202773.7856597297,0.0,0.0,0.0,0.0,0.0,1158337.4742372418,0.0,0.0,0.0,0.0,0.0,536216.3087510897,6471.715450882284,3883029.2705293703,0.0,0.0,14.998704501345301,2226758.2152572353,0.0,13.435161804793124,2940240.949040479,0.0,14.823617631177314,3914307.4527650625,0.0,-0.3907332981353282,0.0,0.0,40876.94222107348,665.3832067775596,1000.0,0.0 
 01/21  01:20:00,43.93125,-2783.6814945919946,-47.928934248577434,-931.2947001288264,3718.9725482941903,-0.001340196324827698,43.93125,-3081.3956611250683,134.78746033796642,-2004.5128159842945,4906.72642154378,-0.4667859680158591,26.358756,-4630.474843570243,0.0,-1930.5697516086136,6534.657863359594,-0.028459100232702927,0.0,-6720.50096027307,1138.4953572935215,-893.2683550952427,0.0,-1.4433564333372593,0.0,0.0,0.0,0.0,0.0,0.0,275261.21130632644,0.0,0.0,0.0,0.0,0.0,0.0,0.0,14.998706843523214,13.43516418578269,14.823622111656933,-0.3907332981353282,-17.290250002300976,-17.290250002300976,-17.290250002300976,-17.290250002300976,-17.290250002300976,-17.290250002300976,-17.290250002300976,-17.290250002300976,21.12237249261295,21.09191120171276,21.050598077873865,20.916746694513442,20.77974764798663,20.779747887989483,14.998706843522685,20.941589608502515,20.82974610770215,22.366139024299844,13.43516418578212,20.98862236140676,20.925661732195053,20.92566173219478,14.823622111656059,13.324110349239135,11.797388651991403,13.002753573167722,12.677812316658384,12.677810495760085,12.67781049575877,12.677810495757456,-17.290250002300976,5.843511035775953,6.567807470669864,6.567807470669864,21.12237249403437,0.0,0.0,0.0,0.02131780229720487,0.0,0.0,0.0,0.0,0.021923665094944467,0.0,0.0952433107957107,0.03283984960404747,0.0,0.22650771299616515,2.2341808872088684,2.234180887096943,2.2341808872088684,2.234284955156012,2.23418088720887,2.19149392705118,0.04268696015793377,2.2341808872088693,2.23418088720887,2.2341808872088698,2.2341808872088698,0.5473288399749642,0.6750704549641352,0.710294478532541,0.6750704549638262,0.0,0.564599895235657,0.5473325416775061,0.5473325416761323,0.017267353558250126,0.5248191912852621,0.6449036255127228,0.6796719605014683,0.0,0.5420397520730754,0.5248181668510365,0.5248181668516253,0.01722158522201996,0.6449036255128211,0.7980986581191962,0.8442144481748766,0.7980986581193732,0.0,1.0848542797419523,1.0640723347101662,0.02078194503274292,1.0640723347092154,1.0640723347000678,0.0,558776.8200772959,0.0,0.0,0.0,0.0,0.0,1202707.6895905768,0.0,0.0,0.0,0.0,0.0,1158341.850965168,0.0,0.0,0.0,0.0,0.0,535961.0130571456,6473.861039752769,3884316.6238516616,0.0,0.0,14.99869860453935,2231383.528976514,0.0,13.433119125676544,2944035.852926268,0.0,14.82353420271598,3920794.7180157555,0.0,-0.3964584425099135,0.0,0.0,40907.01423353403,668.2089880631145,1000.0,0.0 
 01/21  01:30:00,43.93125,-2791.196921612823,-47.97680719940627,-931.3123451473625,3726.5535078526323,-0.0013235446833204803,43.93125,-3087.8987103316767,134.97450328743776,-2004.404696223482,4912.941080737636,-0.4599530778475606,26.358756,-4641.082037295453,0.0,-1930.5771139499411,6545.27335253742,-0.027505234261907673,0.0,-6723.277697015838,1138.8361753937515,-892.8597845609232,0.0,-1.3834380890403233,0.0,0.0,0.0,0.0,0.0,0.0,275171.9226245738,0.0,0.0,0.0,0.0,0.0,0.0,0.0,14.99870094801869,13.433121507703287,14.823538685316798,-0.3964584425099136,-17.290250002300976,-17.290250002300976,-17.290250002300976,-17.290250002300976,-17.290250002300976,-17.290250002300976,-17.290250002300976,-17.290250002300976,21.132362696967725,21.10187795347155,21.060532994483935,20.92657872579634,20.789474233543796,20.78947447461401,14.998700948018161,20.951440921499746,20.83951152802733,22.375904444674397,13.433121507702717,20.998509677217882,20.935500651138838,20.935500651138565,14.82353868531592,13.324075573800501,11.79544425473016,13.002648790993758,12.67714535900171,12.677143537398267,12.677143537396969,12.677143537395668,-17.290250002300976,5.842996267342829,6.567292702386705,6.567292702386705,21.132362698363288,0.0,0.0,0.0,0.021317172965119837,0.0,0.0,0.0,0.0,0.021922572147879283,0.0,0.09524302972951323,0.03283943100035382,0.0,0.22650241871092708,2.2341808872088698,2.234180887081031,2.2341808872088706,2.2342145683150814,2.23418088720887,2.191492262729201,0.04268862447789282,2.2341808872088698,2.2341808872088693,2.2341808872088698,2.2341808872088698,0.5473495655042954,0.6750703143548062,0.7102943400692869,0.675070314356327,0.0,0.5645987757350659,0.5473307265096803,0.5473307265160672,0.017268049224873305,0.5248183488659902,0.6449041481147638,0.6796722235939425,0.0,0.5420395704619408,0.5248173213489042,0.5248173213475871,0.017222249112995223,0.6449041481146014,0.7980985447600435,0.8442143235455309,0.7980985447588544,0.0,1.0848539165363538,1.0640711676520462,0.02078274887740117,1.0640711676589074,1.0640711676913264,0.0,558787.4070884176,0.0,0.0,0.0,0.0,0.0,1202642.8177340892,0.0,0.0,0.0,0.0,0.0,1158346.2683699646,0.0,0.0,0.0,0.0,0.0,535715.8707365539,6475.946892268445,3885568.1353610666,0.0,0.0,14.998692781000019,2235932.104711579,0.0,13.431106361770944,2947764.6484425818,0.0,14.823453570555728,3927164.0115224514,0.0,-0.4019458074217895,0.0,0.0,40936.53973955641,670.9972186471288,1000.0,0.0 
 01/21  01:40:00,43.93125,-2798.5883652817224,-48.023824761145534,-931.3299306806298,3734.0095753028695,-0.0013051767361413518,43.93125,-3094.289787271823,135.1589668055367,-2004.298562448435,4919.0482182378255,-0.45323778343414584,26.358756,-4651.497628370065,0.0,-1930.584538640917,6555.697266206342,-0.026589757314520852,0.0,-6725.967925523058,1139.1613627201057,-892.4673602768441,0.0,-1.3262973991954532,0.0,0.0,0.0,0.0,0.0,0.0,275086.3235195333,0.0,0.0,0.0,0.0,0.0,0.0,0.0,14.99869512575853,13.431108744816267,14.823458055239573,-0.40194580742178954,-17.290250002300976,-17.290250002300976,-17.290250002300976,-17.290250002300976,-17.290250002300976,-17.290250002300976,-17.290250002300976,-17.290250002300976,21.142172566149945,21.111664993744114,21.07028904589815,20.936234624788085,20.799027485825725,20.79902772794999,14.998695125758,20.961115592464026,20.84910258888347,22.38549550557865,13.431108744815695,21.00821939357577,20.945163257045678,20.945163257045404,14.823458055238698,13.32404205532159,11.793529096425926,13.002547713196698,12.676490199797723,12.676488377520629,12.676488377519348,12.676488377518067,-17.290250002300976,5.842490604722637,6.566787039913822,6.566787039913822,21.14217256752032,0.0,0.0,0.0,0.021316566528691808,0.0,0.0,0.0,0.0,0.021921508762810307,0.0,0.0952427506176437,0.032839027295364094,0.0,0.2264973657866173,2.2341808872088706,2.2341808870719793,2.234180887208871,2.23436372631279,2.2341808872088667,2.191490627886547,0.04269025931885772,2.2341808872088698,2.2341808872088698,2.23418088720887,2.2341808872088698,0.5473665977248171,0.675070175129206,0.7102942032283851,0.6750701751322572,0.0,0.5645976738904945,0.5473289409277194,0.5473289409405979,0.017268732961751306,0.5248175201634186,0.644904663175096,0.6796724831965477,0.0,0.5420393933007575,0.5248164917843497,0.5248164917814383,0.017222901516347793,0.6449046631747152,0.7980984325145044,0.8442142007837219,0.7980984325121736,0.0,1.0848535607033472,1.06407002198828,0.020783538701584427,1.0640700220016737,1.064070022075361,0.0,558797.9584083778,0.0,0.0,0.0,0.0,0.0,1202579.137469061,0.0,0.0,0.0,0.0,0.0,1158350.7231845504,0.0,0.0,0.0,0.0,0.0,535480.4161661066,6477.975307359497,3886785.184415698,0.0,0.0,14.998687038278975,2240405.7451817226,0.0,13.42912299785507,2951428.930942695,0.0,14.823375622156085,3933418.359723805,0.0,-0.4072064240673404,0.0,0.0,40965.53279747359,673.7485651041158,1000.0,0.0 
 01/21  01:50:00,43.93125,-2805.85866333424,-48.07000762275834,-931.3474486449784,3741.343590174827,-0.0012877919000847582,43.93125,-3100.5715103183547,135.3408900265913,-2004.1943611705526,4925.050355209663,-0.44664027135214096,26.358756,-4661.7264077705095,0.0,-1930.592016294916,6565.934374692499,-0.025716193584990086,0.0,-6728.575174509706,1139.4716671339952,-892.0903449020291,0.0,-1.2717935069524913,0.0,0.0,0.0,0.0,0.0,0.0,275004.2436084772,0.0,0.0,0.0,0.0,0.0,0.0,0.0,14.998689384294927,13.429125381900837,14.823380108885738,-0.4072064240673404,-17.290250002300976,-17.290250002300976,-17.290250002300976,-17.290250002300976,-17.290250002300976,-17.290250002300976,-17.290250002300976,-17.290250002300976,21.15180658309195,21.12127678233385,21.079870660543797,20.945718718643725,20.808411628312655,20.808411871478757,14.998689384294396,20.97061796738093,20.858523551648563,22.394916468390676,13.429125381900267,21.01775589197121,20.954653883715544,20.954653883715263,14.823380108884859,13.324009746217278,11.79164263911894,13.002450184360702,12.67584654912763,12.675844726206904,12.675844726205634,12.675844726204366,-17.290250002300976,5.841993824511394,6.566290259847303,6.566290259847303,21.151806584437757,0.0,0.0,0.0,0.021315981981963245,0.0,0.0,0.0,0.0,0.021920473822405456,0.0,0.09524247352541292,0.032838637840557974,0.0,0.2264925427146638,2.2341808872088693,2.2341808870502,2.234180887208872,2.2343615282958567,2.2341808872088675,2.1914890217942045,0.042691865409995165,2.2341808872088698,2.2341808872088698,2.2341808872088693,2.2341808872088698,0.5473781940992097,0.6750700372925239,0.710294067999879,0.6750700372966625,0.0,0.5645965893431002,0.5473271842923382,0.5473271843098296,0.017269405049374898,0.5248167054675678,0.6449051708190459,0.6796727393534612,0.0,0.5420392204357892,0.5248156777298189,0.524815677725774,0.017223542705896634,0.6449051708185097,0.798098321386588,0.8442140798552403,0.7980983213834457,0.0,1.0848532120261376,1.0640688971640837,0.020784314843898727,1.0640688971821193,1.0640688972889372,0.0,558808.4691869869,0.0,0.0,0.0,0.0,0.0,1202516.6167023312,0.0,0.0,0.0,0.0,0.0,1158355.2097769496,0.0,0.0,0.0,0.0,0.0,535254.2069412174,6479.948466012878,3887969.079607727,0.0,0.0,14.998681372050568,2244806.1541048964,0.0,13.427168517914465,2955030.213125798,0.0,14.823300234645535,3939560.624815498,0.0,-0.4122507635632162,0.0,0.0,40994.006636027996,676.4636682809237,1000.0,0.0 
 01/21  02:00:00,43.93125,-2813.010521482387,-48.11537808598996,-931.3648918414395,3748.5582796388035,-0.0012704378273903363,43.93125,-3106.74638783664,135.52030952488917,-2004.0920406249247,4930.949920157829,-0.440156851352455,26.358756,-4671.772948860473,0.0,-1930.5995383488735,6575.989257861238,-0.024879453138992313,0.0,-6731.102795945117,1139.767796882535,-891.7280390112005,0.0,-1.219792700934707,0.0,0.0,0.0,0.0,0.0,0.0,274925.52115876396,0.0,0.0,0.0,0.0,0.0,0.0,0.0,14.998683719302738,13.427170902942985,14.823304723384693,-0.4122507635632162,-17.290250002300976,-17.290250002300976,-17.290250002300976,-17.290250002300976,-17.290250002300976,-17.290250002300976,-17.290250002300976,-17.290250002300976,21.1612690604747,21.130717609886986,21.089282099175463,20.9550351716235,20.817630726480875,20.817630970676372,14.998683719302209,20.97995222846573,20.86777851793541,22.404171434723306,13.427170902942416,21.027123388444206,20.96397670175549,20.963976701755215,14.823304723383819,13.323978590511482,11.789784346889476,13.00235604200129,12.675214115092734,12.675212291556953,12.675212291555706,12.67521229155445,-17.290250002300976,5.841505701249829,6.565802136727939,6.565802136727939,21.16126906179655,0.0,0.0,0.0,0.0213154183661389,0.0,0.0,0.0,0.0,0.02191946625988179,0.0,0.09524219852145105,0.03283826201832386,0.0,0.2264879385571185,2.2341808872088675,2.2341808870572635,2.2341808872088715,2.23436062721413,2.2341808872088667,2.191487443764585,0.042693443438786366,2.23418088720887,2.23418088720887,2.23418088720887,2.2341808872088698,0.5473855912240357,0.6750699008454549,0.7102939343684253,0.675069900850337,0.0,0.5645955217024147,0.5473254559464952,0.5473254559671424,0.017270065754283914,0.5248159048590905,0.6449056711707023,0.6796729921081421,0.0,0.5420390517399297,0.5248148788002589,0.5248148787954382,0.017224172939588087,0.6449056711700601,0.7980982113878369,0.8442139607319619,0.7980982113841395,0.0,1.0848528703349618,1.0640677926901663,0.020785077623444146,1.0640677927113769,1.064067792824165,0.0,558818.9351048637,0.0,0.0,0.0,0.0,0.0,1202455.2243749546,0.0,0.0,0.0,0.0,0.0,1158359.7230093242,0.0,0.0,0.0,0.0,0.0,535036.8234067203,6481.868442905793,3889121.0657434757,0.0,0.0,14.998675782179435,2249134.9677832825,0.0,13.425242422105583,2958569.9520946974,0.0,14.823227300073986,3945593.5547167417,0.0,-0.41708876542251355,0.0,0.0,41021.97400974943,679.1431404863971,1000.0,0.0 
 01/21  02:10:00,43.93125,-2820.0465267445134,-48.15995650097739,-931.3822535737916,3755.656241906567,-0.0012533597736209868,43.93125,-3112.8168283783543,135.69726239452666,-2003.9915508766435,4936.749234218988,-0.43378535163375254,26.358756,-4681.641627228642,0.0,-1930.6070967264363,6585.866279237239,-0.024077831248718866,0.0,-6733.553975836765,1140.0504244834078,-891.379778686765,0.0,-1.1701686791204087,0.0,0.0,0.0,0.0,0.0,0.0,274850.0026076656,0.0,0.0,0.0,0.0,0.0,0.0,0.0,14.998678130647086,13.425244808099585,14.823231790787219,-0.41708876542251355,-17.290250002300976,-17.290250002300976,-17.290250002300976,-17.290250002300976,-17.290250002300976,-17.290250002300976,-17.290250002300976,-17.290250002300976,21.17056410660021,21.139991563763203,21.098527420742943,20.964187950967034,20.826688653682787,20.826688898894993,14.998678130646557,20.989122360024236,20.87687139544439,22.41326431227716,13.425244808099015,21.03632589944695,20.973135684437047,20.973135684436773,14.82323179078634,13.323948538791212,11.787953701619482,13.0022651399786,12.674592621984704,12.674590797861116,12.674590797859876,12.674590797858642,-17.290250002300976,5.8410260221977435,6.565322457815596,6.565322457815596,21.17056410789867,0.0,0.0,0.0,0.021314874771322677,0.0,0.0,0.0,0.0,0.02191848505937141,0.0,0.09524192566764453,0.03283789924329688,0.0,0.22648354293943718,2.234180887208869,2.234180887031104,2.234180887208868,2.2343604043978704,2.2341808872088698,2.1914858931355696,0.042694994067260336,2.2341808872088698,2.2341808872088698,2.23418088720887,2.2341808872088698,0.5473899589538556,0.6750697657880002,0.7102938023194588,0.675069765793379,0.0,0.5645944705928256,0.5473237552576007,0.5473237552803659,0.017270715333423906,0.5248149422374282,0.6449061643511873,0.6796732415039957,0.0,0.5420388870943224,0.5248140946282698,0.524814094622885,0.017224792465967784,0.6449061643504647,0.7980981025253141,0.844213843385041,0.7980981025212556,0.0,1.0848525354623657,1.0640667080911854,0.02078582734775902,1.0640667081144521,1.06406670823658,0.0,558829.352144275,0.0,0.0,0.0,0.0,0.0,1202394.930525986,0.0,0.0,0.0,0.0,0.0,1158364.258035862,0.0,0.0,0.0,0.0,0.0,534827.867212059,6483.737210097175,3890242.3260583053,0.0,0.0,14.9986702674511,2253393.74514394,0.0,13.42334422011021,2962049.540531393,0.0,14.82315671548896,3951519.767542344,0.0,-0.4217298670644958,0.0,0.0,41049.44706361317,681.787564294259,1000.0,0.0 
 01/21  02:20:00,43.93125,-2826.969158688678,-48.20376251418634,-931.3995274090709,3762.6399703300785,-0.0012365758275520841,43.93125,-3118.7851489237037,135.87178529587322,-2003.8928436665713,4942.450532116292,-0.4275236087830894,26.358756,-4691.33663720985,0.0,-1930.6146837567064,6595.569628415304,-0.023309569871563424,0.0,-6735.931743887035,1140.320188094588,-891.0449336312158,0.0,-1.1228020203512878,0.0,0.0,0.0,0.0,0.0,0.0,274777.5421164967,0.0,0.0,0.0,0.0,0.0,0.0,0.0,14.998672617113957,13.423346607052828,14.823161208141656,-0.42172986706449583,-17.290250002300976,-17.290250002300976,-17.290250002300976,-17.290250002300976,-17.290250002300976,-17.290250002300976,-17.290250002300976,-17.290250002300976,21.179695666129078,21.149102568674227,21.107610522895754,20.973180866965432,20.83558913077713,20.835589376993262,14.998672617113428,20.99813218860073,20.885805937745705,22.42219885462208,13.423346607052258,21.045367282147364,20.98213464779581,20.982134647795533,14.823161208140775,13.323919543116794,11.786150196615186,13.002177339107028,12.673981803070737,12.673979978385294,12.67397997838407,12.67397997838285,-17.290250002300976,5.840554581492604,6.564851017247799,6.564851017247799,21.179695667404697,0.0,0.0,0.0,0.02131435033294545,0.0,0.0,0.0,0.0,0.021917529251811153,0.0,0.09524165502281784,0.03283754895938566,0.0,0.22647934600486258,2.23418088720887,2.2341808870309396,2.2341808872088738,2.2343609389367267,2.2341808872088698,2.1914843692761257,0.04269651792634099,2.2341808872088698,2.2341808872088693,2.23418088720887,2.2341808872088698,0.5473921374006718,0.6750696321198287,0.7102936718386491,0.6750696321255217,0.0,0.5645934356641489,0.5473220816307188,0.5473220816548136,0.017271354031524022,0.5248142173314653,0.6449066504787646,0.6796734875834879,0.0,0.5420387263758567,0.524813324853409,0.5248133248477087,0.017225401522357905,0.6449066504779998,0.7980979948050937,0.8442137277863371,0.7980979948007985,0.0,1.084852207250888,1.0640656429161126,0.020786564309988348,1.0640656429407367,1.0640656430855753,0.0,558839.7164454424,0.0,0.0,0.0,0.0,0.0,1202335.7061999426,0.0,0.0,0.0,0.0,0.0,1158368.8102540236,0.0,0.0,0.0,0.0,0.0,534626.9601787294,6485.556644970284,3891333.98698217,0.0,0.0,14.998664826571499,2257583.9821980475,0.0,13.421473431097962,2965470.319269776,0.0,14.823088383091862,3957341.777049182,0.0,-0.42618303121623896,0.0,0.0,41076.43746319058,684.3974959649779,1000.0,0.0 
 01/21  02:30:00,43.93125,-2833.780799542191,-48.246815111372825,-931.4167073433342,3769.5118601839267,-0.001220017205573813,43.93125,-3124.653582712028,136.04391445316605,-2003.7958722334233,4948.055966320837,-0.42136943145655836,26.358756,-4700.862007691542,0.0,-1930.6222923293476,6605.103329038163,-0.022572842600956322,0.0,-6738.238982618389,1140.577693433808,-890.722905304586,0.0,-1.0775797665945566,0.0,0.0,0.0,0.0,0.0,0.0,274708.0011518777,0.0,0.0,0.0,0.0,0.0,0.0,0.0,14.998667177409745,13.42147581897271,14.823092877650222,-0.426183031216239,-17.290250002300976,-17.290250002300976,-17.290250002300976,-17.290250002300976,-17.290250002300976,-17.290250002300976,-17.290250002300976,-17.290250002300976,21.1886675283576,21.158054394905633,21.116535150129742,20.982017580863918,20.844335733781538,20.844335980988802,14.998667177409212,21.00698539093147,20.894585752034708,22.430978668953703,13.421475818972139,21.054251242462836,20.9909772585504,20.990977258550124,14.823092877649346,13.32389155782518,11.784373336437545,13.002092507170094,12.673381400668864,12.673379575446326,12.673379575445118,12.673379575443908,-17.290250002300976,5.840091180247594,6.564387616137787,6.564387616137787,21.188667529610907,0.0,0.0,0.0,0.02131384422962352,0.0,0.0,0.0,0.0,0.021916597912917522,0.0,0.09524138663926825,0.0328372106377417,0.0,0.2264753383951412,2.2341808872088698,2.2341808870429936,2.2341808872088698,2.2343617666455944,2.2341808872088693,2.1914828715803476,0.04269801562190874,2.2341808872088698,2.2341808872088698,2.2341808872088698,2.2341808872088698,0.5473927048043822,0.6750694998406455,0.7102935429123902,0.6750694998465191,0.0,0.5645924165808667,0.5473204344952801,0.5473204345201391,0.01727198208361999,0.5248134950657429,0.6449071296697977,0.6796737303890737,0.0,0.5420385694755646,0.5248125691390896,0.5248125691332096,0.017226000336382597,0.6449071296690088,0.7980978882307616,0.8442136139069976,0.7980978882263299,0.0,1.0848518855391607,1.064064596721791,0.020787288791794263,1.0640645967471984,1.064064596887626,0.0,558850.0244060005,0.0,0.0,0.0,0.0,0.0,1202277.5233400539,0.0,0.0,0.0,0.0,0.0,1158373.3753976084,0.0,0.0,0.0,0.0,0.0,534433.7431827516,6487.328535636974,3892397.1213821843,0.0,0.0,14.998659458549211,2261707.1161103556,0.0,13.41962958384774,2968833.5797925014,0.0,14.823022210438387,3963061.9974228973,0.0,-0.43045677164669804,0.0,0.0,41102.95641774916,686.9734690094486,1000.0,0.0 
 01/21  02:40:00,43.93125,-2840.4837423053805,-48.289132451801606,-931.4337876950409,3776.2742165178047,-0.001203870499312622,43.93125,-3130.424285107507,136.21368589726558,-2003.70059132913,4953.567612151602,-0.41532114549476556,26.358756,-4710.2216144805,0.0,-1930.6299156622167,6614.471250471661,-0.021866620694166623,0.0,-6740.478435653208,1140.8235155909006,-890.4131251092135,0.0,-1.034395120528437,0.0,0.0,0.0,0.0,0.0,0.0,274641.24808667257,0.0,0.0,0.0,0.0,0.0,0.0,0.0,14.998661810543442,13.419631972638525,14.823026706869376,-0.430456771646698,-17.290250002300976,-17.290250002300976,-17.290250002300976,-17.290250002300976,-17.290250002300976,-17.290250002300976,-17.290250002300976,-17.290250002300976,21.19748333530857,21.16685066635732,21.125304901759442,20.99070161261493,20.852931901401064,20.852932149586724,14.998661810542913,21.015685501735252,20.903214306735762,22.43960722369642,13.419631972637951,21.062981342931195,20.999667041870396,20.999667041870115,14.823026706868498,13.323864539756759,11.78262263688895,13.002010518993558,12.672791166118323,12.67278934038228,12.672789340381085,12.672789340379891,-17.290250002300976,5.839635626583525,6.563932062606432,6.563932062606432,21.19748333654008,0.0,0.0,0.0,0.02131335568037261,0.0,0.0,0.0,0.0,0.02191569016055474,0.0,0.09524112056494491,0.03283688377562196,0.0,0.22647151122111356,2.2341808872088693,2.2341808870173687,2.234180887208867,2.2343627967763,2.2341808872088738,2.191481399465633,0.04269948773651865,2.2341808872088698,2.2341808872088698,2.234180887208869,2.2341808872088698,0.5473920583152257,0.6750693689488458,0.7102934155265148,0.675069368954799,0.0,0.5645914130246317,0.5473188133068478,0.5473188133320426,0.017272599715790458,0.5248127789279405,0.6449076020387831,0.6796739699632076,0.0,0.5420384162846766,0.5248118271573164,0.5248118271513603,0.017226589127266247,0.6449076020379839,0.7980977828047029,0.8442135017187334,0.7980977828002107,0.0,1.084851570171794,1.0640635690817029,0.020788001064164334,1.064063569107459,1.064063569253387,0.0,558860.2726170245,0.0,0.0,0.0,0.0,0.0,1202220.3547974783,0.0,0.0,0.0,0.0,0.0,1158377.9493973302,0.0,0.0,0.0,0.0,0.0,534247.8750655282,6489.0545858330015,3893432.751499801,0.0,0.0,14.998654161571821,2265764.5299106827,0.0,13.417812214483885,2972140.567290961,0.0,14.822958108100131,3968682.7502829963,0.0,-0.43455917769164054,0.0,0.0,41129.01470305704,689.515998029122,1000.0,0.0 
 01/21  02:50:00,43.93125,-2847.0801980411998,-48.33073217957849,-931.4507631371041,3782.9292626971355,-0.001188274886954116,43.93125,-3136.0993391188267,136.38113524143864,-2003.6069570721372,4958.987474956177,-0.40937708368290027,26.358756,-4719.419191723364,0.0,-1930.637547310731,6623.677121678955,-0.02118989370060574,0.0,-6742.652715454358,1141.0582005483575,-890.1150527729812,0.0,-0.9931470589754222,0.0,0.0,0.0,0.0,0.0,0.0,274577.157826017,0.0,0.0,0.0,0.0,0.0,0.0,0.0,14.99865651470305,13.417814604174946,14.822962606371455,-0.4345591776916406,-17.290250002300976,-17.290250002300976,-17.290250002300976,-17.290250002300976,-17.290250002300976,-17.290250002300976,-17.290250002300976,-17.290250002300976,21.206146595776175,21.175494874531548,21.13392324582892,20.999236354538997,20.86138094843323,20.86138119758466,14.998656514702517,21.02423592742222,20.911694945003788,22.448087862005174,13.417814604174374,21.071561016505953,21.008207395054175,21.0082073950539,14.822962606370574,13.323838447083329,11.78089762276411,13.001931254149113,12.672210857746236,12.672209031519184,12.672209031518001,12.672209031516822,-17.290250002300976,5.839187734019735,6.563484170173123,6.563484170173123,21.206146596986372,0.0,0.0,0.0,0.02131288394262267,0.0,0.0,0.0,0.0,0.021914805151873922,0.0,0.0952408568434994,0.03283656789441862,0.0,0.2264678560373928,2.2341808872088693,2.2341808870168824,2.234180887208866,2.234363968893684,2.2341808872088724,2.1914799523716164,0.042700934830520954,2.2341808872088698,2.2341808872088698,2.2341808872088698,2.2341808872088698,0.5473904747504489,0.6750692394430297,0.7102932896675863,0.6750692394489838,0.0,0.5645904246903524,0.5473172175427096,0.5473172175679069,0.017273207145648915,0.5248120709082791,0.6449080676976724,0.6796742063473761,0.0,0.5420382666989461,0.524811098592803,0.5248110985868512,0.017227168106048484,0.6449080676968746,0.7980976785282301,0.8442133911934933,0.7980976785237363,0.0,1.0848512609978076,1.0640625595839583,0.020788701387910464,1.0640625596097268,1.064062559753274,0.0,558870.4578822624,0.0,0.0,0.0,0.0,0.0,1202164.1742432823,0.0,0.0,0.0,0.0,0.0,1158382.5283864385,0.0,0.0,0.0,0.0,0.0,534069.0316637887,6490.7364200162465,3894441.852009748,0.0,0.0,14.998648933214536,2269757.557618282,0.0,13.41602086644512,2975392.4849737063,0.0,14.82289598961097,3974206.273007374,0.0,-0.43849793723664787,0.0,0.0,41154.62270526887,692.0255803331889,1000.0,0.0 
 01/21  03:00:00,43.93125,-2853.572304140978,-48.37163208471452,-931.4676288333594,3789.479151169041,-0.0011721384964583975,43.93125,-3141.680763055827,136.54629696918187,-2003.5149274347525,4964.3175012588645,-0.403533911737974,26.358756,-4728.458347118642,0.0,-1930.6451817535653,6632.724551944247,-0.020538329097222734,0.0,-6744.764312078896,1141.2822666112324,-889.8281749076684,0.0,-0.9537394770593196,0.0,0.0,0.0,0.0,0.0,0.0,274515.61148870434,0.0,0.0,0.0,0.0,0.0,0.0,0.0,14.99865128746417,13.41602325702106,14.822900489691051,-0.43849793723664793,-17.290250002300976,-17.290250002300976,-17.290250002300976,-17.290250002300976,-17.290250002300976,-17.290250002300976,-17.290250002300976,-17.290250002300976,21.214660714482466,21.183990407612992,21.142393548088126,21.007625099965843,20.86968609406597,20.869686344170656,14.998651287463638,21.032639974797288,20.920030913147404,22.456423830188626,13.416023257020486,21.079993595377477,21.016601616192386,21.016601616192105,14.82290048969017,13.323813239388258,11.779197827709673,13.001854596805703,12.671640240682471,12.671638413985878,12.671638413984708,12.67163841398354,-17.290250002300976,5.838747321105463,6.563043757387154,6.563043757387154,21.21466071567183,0.0,0.0,0.0,0.021312428309557093,0.0,0.0,0.0,0.0,0.021913942081617906,0.0,0.09524059551428514,0.03283626253846624,0.0,0.22646436482053672,2.234180887208869,2.234180887002113,2.2341808872088684,2.2343652408828394,2.2341808872088706,2.191478529757894,0.04270235744429485,2.2341808872088698,2.2341808872088693,2.2341808872088693,2.2341808872088698,0.5473881505828693,0.6750691113207188,0.7102931653215899,0.6750691113266114,0.0,0.5645894512848925,0.5473156466996796,0.5473156467246149,0.017273804583239336,0.5248113721702717,0.6449085267570069,0.6796744395831925,0.0,0.5420381206177142,0.5248103831411319,0.5248103831352485,0.01722773747648811,0.6449085267562187,0.7980975754019843,0.8442132823036773,0.7980975753975357,0.0,1.084850957870641,1.0640615678302394,0.02078939001472055,1.0640615678557517,1.0640615679908636,0.0,558880.5773000156,0.0,0.0,0.0,0.0,0.0,1202108.9564608512,0.0,0.0,0.0,0.0,0.0,1158387.1090521393,0.0,0.0,0.0,0.0,0.0,533896.904944601,6492.375590467543,3895425.354280526,0.0,0.0,14.998643775856753,2273687.490701424,0.0,13.414255097778565,2978590.500755318,0.0,14.822835781205741,3979634.7311665486,0.0,-0.4422803562980007,0.0,0.0,41179.79050327484,694.5026936534424,1000.0,0.0 
 01/21  03:10:00,43.93125,-2859.9621265763126,-48.411847675697345,-931.4843802076384,3795.925955060509,-0.0011568013352275378,43.93125,-3147.1705105536594,136.70920673025307,-2003.4244614356744,4969.559564990495,-0.39779148726301683,26.358756,-4737.342562437469,0.0,-1930.652813226286,6641.617008473534,-0.019914153923119952,0.0,-6746.815598721103,1141.4962067422873,-889.552003304421,0.0,-0.916081946917064,0.0,0.0,0.0,0.0,0.0,0.0,274456.4960397266,0.0,0.0,0.0,0.0,0.0,0.0,0.0,14.99864613120659,13.414257489224315,14.822840283063687,-0.4422803562980007,-17.290250002300976,-17.290250002300976,-17.290250002300976,-17.290250002300976,-17.290250002300976,-17.290250002300976,-17.290250002300976,-17.290250002300976,21.2230289518155,21.19234051023269,21.15071903179182,21.01587100314778,20.87785042190767,20.877850672953247,14.998646131206057,21.04090081095247,20.928225320617162,22.46461823769735,13.414257489223742,21.088282270824646,21.024852864073075,21.02485286407279,14.822840283062806,13.323788882649085,11.777522800965881,13.001780444717484,12.671079093762298,12.67107726661663,12.67107726661548,12.671077266614327,-17.290250002300976,5.838314217350084,6.562610653757947,6.562610653757947,21.223028952984485,0.0,0.0,0.0,0.021311988109885827,0.0,0.0,0.0,0.0,0.021913100181533376,0.0,0.09524033661113994,0.032835967275571545,0.0,0.22646102995197867,2.234180887208869,2.234180887018021,2.2341808872088684,2.234366582123977,2.234180887208873,2.1914771310992593,0.042703756103038136,2.2341808872088698,2.2341808872088698,2.23418088720887,2.2341808872088698,0.5473852279915898,0.6750689845783362,0.7102930424748416,0.6750689845841167,0.0,0.5645884925254168,0.5473141002904734,0.5473141003149314,0.017274392233007127,0.5248106833940037,0.6449089793248167,0.6796746697122759,0.0,0.5420379779436102,0.5248096805065767,0.5248096805008141,0.017228297436940262,0.6449089793240451,0.7980974734229952,0.8442131750213496,0.7980974734186297,0.0,1.084850660645319,1.064060593430609,0.02079006718950583,1.064060593455647,1.0640605935935497,0.0,558890.6281245829,0.0,0.0,0.0,0.0,0.0,1202054.676861405,0.0,0.0,0.0,0.0,0.0,1158391.6879357717,0.0,0.0,0.0,0.0,0.0,533731.2019826527,6493.973576533356,3896384.1459200135,0.0,0.0,14.998638685981893,2277555.5730363047,0.0,13.412514467172118,2981735.738994297,0.0,14.82277740259079,3984970.20508412,0.0,-0.4459133816053838,0.0,0.0,41204.527740564416,696.9478058176867,1000.0,0.0 
 01/21  03:20:00,43.93125,-2866.2516667211517,-48.4513954488591,-931.5010130174247,3802.2716910568824,-0.0011416468951269629,43.93125,-3152.5704766178033,136.8698984853154,-2003.335519427888,4974.715493056658,-0.3921473215591778,26.358756,-4746.075206132726,0.0,-1930.6604365805595,6650.357863635816,-0.019314628862357117,0.0,-6748.808837999926,1141.7004886262544,-889.2860738527056,0.0,-0.8800887280303262,0.0,0.0,0.0,0.0,0.0,0.0,274399.7039867877,0.0,0.0,0.0,0.0,0.0,0.0,0.0,14.998641042414103,13.412516859472943,14.822781906196386,-0.4459133816053838,-17.290250002300976,-17.290250002300976,-17.290250002300976,-17.290250002300976,-17.290250002300976,-17.290250002300976,-17.290250002300976,-17.290250002300976,21.23125448354462,21.200548343068128,21.158902837143575,21.023977138197104,20.885876938406863,20.88587719038112,14.998641042413569,21.0490215222987,20.93628119861464,22.472674115732957,13.41251685947237,21.096430152424738,21.032964217153914,21.032964217153644,14.822781906195507,13.323765339090397,11.775872094159176,13.00170869118699,12.67052719542562,12.670525367850425,12.67052536784929,12.670525367848143,-17.290250002300976,5.837888251662679,6.562184688194635,6.562184688194635,21.23125448469367,0.0,0.0,0.0,0.021311562703451553,0.0,0.0,0.0,0.0,0.021912278715807188,0.0,0.09524008016567546,0.032835681692543105,0.0,0.2264578441851286,2.2341808872088698,2.2341808870177022,2.2341808872088667,2.2343679696427188,2.234180887208874,2.191475755892545,0.04270513130990775,2.2341808872088698,2.2341808872088698,2.2341808872088693,2.2341808872088698,0.5473818118842568,0.6750688592123801,0.7102929211133243,0.6750688592180062,0.0,0.5645875481390875,0.5473125778462314,0.5473125778700328,0.01727497029097119,0.5248100049689549,0.6449094255078541,0.6796748967754673,0.0,0.5420378385840962,0.5248089904064875,0.524808990400889,0.017228848177517343,0.6449094255071054,0.798097372590188,0.844213069319686,0.798097372585937,0.0,1.0848503691840725,1.064059636012576,0.02079073314695264,1.0640596360369585,1.0640596361609578,0.0,558900.6078104548,0.0,0.0,0.0,0.0,0.0,1202001.3116567326,0.0,0.0,0.0,0.0,0.0,1158396.2619483357,0.0,0.0,0.0,0.0,0.0,533571.6443116234,6495.531792752593,3897319.075651556,0.0,0.0,14.99863366278599,2281363.014634129,0.0,13.410798544220725,2984829.2958339946,0.0,14.822720781502897,3990214.718181491,0.0,-0.44940361925312544,0.0,0.0,41228.84382365553,699.3613690293165,1000.0,0.0 
 01/21  03:30:00,43.93125,-2872.442865472843,-48.490290860751884,-931.5175234126829,3808.518310428614,-0.0011267119786272034,43.93125,-3157.8825009355596,137.0284062479243,-2003.2480631811432,4979.7870531644885,-0.3865997129359887,26.358756,-4754.659540114076,0.0,-1930.6680470143933,6658.950372558305,-0.018738686055784267,0.0,-6750.746188404018,1141.8955569410641,-889.0299449890865,0.0,-0.8456785204431542,0.0,0.0,0.0,0.0,0.0,0.0,274345.13309283607,0.0,0.0,0.0,0.0,0.0,0.0,0.0,14.998636020283092,13.410800937362199,14.822725286826566,-0.4494036192531255,-17.290250002300976,-17.290250002300976,-17.290250002300976,-17.290250002300976,-17.290250002300976,-17.290250002300976,-17.290250002300976,-17.290250002300976,21.23934037436527,21.208616956393485,21.166947994853146,21.031946472668697,20.89376854645988,20.89376879935076,14.998636020282559,21.05700508814355,20.944201473690693,22.48059439084632,13.410800937361625,21.104440241622044,21.040938647142077,21.040938647141797,14.822725286825683,13.323742575164024,11.774245270832012,13.001639238558688,12.669984334110355,12.669982506124274,12.669982506123143,12.669982506122018,-17.290250002300976,5.837469260781887,6.561765697435905,6.561765697435905,21.239340375494816,0.0,0.0,0.0,0.02131115148114015,0.0,0.0,0.0,0.0,0.021911476981212364,0.0,0.09523982620447977,0.032835405396286675,0.0,0.22645480063475223,2.2341808872088684,2.2341808869930015,2.23418088720887,2.2343693854844577,2.2341808872088675,2.1914744036467817,0.04270648355587049,2.2341808872088698,2.2341808872088698,2.2341808872088698,2.2341808872088698,0.5473779811384124,0.675068735218231,0.7102928012229328,0.6750687352236667,0.0,0.5645866178611463,0.547311078910599,0.5473110789335925,0.017275538948725945,0.5248093370964645,0.6449098654109754,0.6796751208137243,0.0,0.542037702448905,0.5248083125647287,0.5248083125593308,0.017229389884087162,0.6449098654102544,0.798097272900234,0.8442129651718338,0.7980972728961251,0.0,1.0848500833509713,1.0640586952108946,0.020791388116346263,1.064058695234469,1.064058695367233,0.0,558910.5140476098,0.0,0.0,0.0,0.0,0.0,1201948.837908686,0.0,0.0,0.0,0.0,0.0,1158400.828208636,0.0,0.0,0.0,0.0,0.0,533417.9669934519,6497.051590524008,3898230.954314405,0.0,0.0,14.998628705303144,2285110.986257168,0.0,13.409106905982002,2987872.2318986924,0.0,14.822665848809375,3995370.223534983,0.0,-0.4527573523669106,0.0,0.0,41252.74782519002,701.7438248836055,1000.0,0.0 
 01/21  03:40:00,43.93125,-2878.5376068434457,-48.52854895745668,-931.5339078535242,3814.66770909912,-0.0011119110969104978,43.93125,-3163.10837079106,137.18476351593858,-2003.1620557200313,4984.7759644996,-0.38114673561339835,26.358756,-4763.0987256070275,0.0,-1930.6756400827044,6667.397694195054,-0.018184958399438872,0.0,-6752.629710183217,1142.0818342699731,-888.783196698658,0.0,-0.8127742355595918,0.0,0.0,0.0,0.0,0.0,0.0,274292.68610347377,0.0,0.0,0.0,0.0,0.0,0.0,0.0,14.998631063848018,13.409109299949991,14.822670355822169,-0.45275735236691067,-17.290250002300976,-17.290250002300976,-17.290250002300976,-17.290250002300976,-17.290250002300976,-17.290250002300976,-17.290250002300976,-17.290250002300976,21.247289599570426,21.216549311696024,21.174857447678377,21.039781888860265,20.901528066464042,20.901528320259636,14.998631063847489,21.064854402036563,20.951988988889205,22.488381906081365,13.40910929994942,21.112315453158008,21.048779040310855,21.048779040310574,14.822670355821288,13.323720558768633,11.772641903129907,13.001571993572565,12.669450304536975,12.669448476157807,12.669448476156687,12.669448476155575,-17.290250002300976,5.837057086257177,6.561353523031271,6.561353523031271,21.247289600680883,0.0,0.0,0.0,0.02131075386295478,0.0,0.0,0.0,0.0,0.021910694305002622,0.0,0.09523957475087276,0.03283513801251585,0.0,0.2264518927563528,2.2341808872088698,2.2341808870074105,2.234180887208869,2.2343708151864172,2.2341808872088684,2.1914730738876376,0.04270781331524103,2.2341808872088693,2.2341808872088693,2.2341808872088698,2.2341808872088698,0.5473737961686594,0.675068612590537,0.7102926827892865,0.6750686125957519,0.0,0.5645857014351813,0.5473096030418241,0.5473096030638794,0.01727609839160955,0.5248086798581418,0.6449102991373733,0.6796753418677408,0.0,0.5420375694515335,0.5248076467150382,0.5248076467098731,0.01722992273640839,0.6449102991366842,0.7980971743492594,0.8442128625514782,0.7980971743453149,0.0,1.0848498030146214,1.0640577706724816,0.020792032319354743,1.0640577706951169,1.0640577708295689,0.0,558920.3447121144,0.0,0.0,0.0,0.0,0.0,1201897.2334320187,0.0,0.0,0.0,0.0,0.0,1158405.3840496226,0.0,0.0,0.0,0.0,0.0,533269.9180191949,6498.534262549067,3899120.55752944,0.0,0.0,14.998623812943606,2288800.6254594717,0.0,13.407439137956185,2990865.57869976,0.0,14.822612539385302,4000438.616517033,0.0,-0.4559805578562409,0.0,0.0,41276.248552904144,704.0956028087186,1000.0,0.0 
 01/21  03:50:00,43.93125,-2884.5377208393447,-48.56618409451494,-931.5501630916253,3820.7217276341953,-0.00109748196487474,43.93125,-3168.249822991713,137.33900358593405,-2003.0774612091993,4989.683895594983,-0.3757870057130548,26.358756,-4771.39582735508,0.0,-1930.6832115284642,6675.702888394279,-0.017653118205278075,0.0,-6754.461370131645,1142.259722392154,-888.5454292239676,0.0,-0.7813030078772322,0.0,0.0,0.0,0.0,0.0,0.0,274242.2704736874,0.0,0.0,0.0,0.0,0.0,0.0,0.0,14.998626172519474,13.407441532736865,14.82261704805888,-0.455980557856241,-17.290250002300976,-17.290250002300976,-17.290250002300976,-17.290250002300976,-17.290250002300976,-17.290250002300976,-17.290250002300976,-17.290250002300976,21.255105038843233,21.224348275451074,21.18263404417613,21.047486177486224,20.909158229912652,20.909158484601218,14.998626172518943,21.07257226545748,20.95964649737104,22.496039414598954,13.407441532736286,21.120058608786355,21.056488191178452,21.056488191178175,14.822617048057998,13.323699259667853,11.77106157263263,13.001506868100012,12.668924908288117,12.668923079532856,12.668923079531757,12.66892307953065,-17.290250002300976,5.836651574992074,6.560948011884303,6.560948011884303,21.255105039935,0.0,0.0,0.0,0.021310369296340573,0.0,0.0,0.0,0.0,0.021909930043492815,0.0,0.09523932582443022,0.03283487918452185,0.0,0.22644911432755965,2.2341808872088693,2.2341808869878057,2.2341808872088706,2.2343722468044076,2.2341808872088667,2.1914717661539806,0.042709121049159166,2.2341808872088698,2.2341808872088698,2.23418088720887,2.2341808872088698,0.5473693040873324,0.6750684913233912,0.7102925657980647,0.6750684913283586,0.0,0.5645847986121177,0.5473081498103642,0.5473081498313674,0.01727664880008877,0.5248080332546898,0.6449107267882358,0.6796755599778125,0.0,0.5420374395082818,0.5248069925986903,0.5248069925937855,0.01723044690950731,0.6449107267875821,0.7980970769323354,0.8442127614326449,0.7980970769285755,0.0,1.0848495280466641,1.0640568620532418,0.020792665971699313,1.0640568620748219,1.0640568621997533,0.0,558930.0978549753,0.0,0.0,0.0,0.0,0.0,1201846.4767255194,0.0,0.0,0.0,0.0,0.0,1158409.9269170784,0.0,0.0,0.0,0.0,0.0,533127.2575343807,6499.981044826639,3899988.6268959832,0.0,0.0,14.99861898407169,2292433.0365805165,0.0,13.405794831714394,2993810.3373569907,0.0,14.822560789066449,4005421.7330365684,0.0,-0.4590789232085989,0.0,0.0,41299.35453092502,706.4171234979989,1000.0,0.0 
 01/21  04:00:00,43.93125,-2890.4449870836074,-48.60321056759835,-931.5662861926378,3826.682157834849,-0.0010831459694673681,43.93125,-3173.308547118154,137.49115896737703,-2002.9942450628073,4994.512471759944,-0.3705184523194332,26.358756,-4779.5538204071645,0.0,-1930.6907575220634,6683.868929707619,-0.0171413878788037,0.0,-6756.243046668231,1142.4296031733563,-888.3162620812535,0.0,-0.7511956938619581,0.0,0.0,0.0,0.0,0.0,0.0,274193.7981269863,0.0,0.0,0.0,0.0,0.0,0.0,0.0,14.998621344662086,13.405797227294219,14.822565299373053,-0.45907892320859894,-17.290250002300976,-17.290250002300976,-17.290250002300976,-17.290250002300976,-17.290250002300976,-17.290250002300976,-17.290250002300976,-17.290250002300976,21.262789493788947,21.232016636604605,21.19028055611799,21.055062054876878,20.91666169637257,20.916661951942523,14.998621344661553,21.080161405055623,20.967176679472463,22.5035695967354,13.405797227293641,21.1276724545886,21.064068819721687,21.064068819721417,14.822565299372174,13.323678648076832,11.769503868051856,13.001443776229198,12.66840795148668,12.66840612237155,12.668406122370461,12.668406122369369,-17.290250002300976,5.83625257731129,6.560549014319753,6.560549014319753,21.262789494862414,0.0,0.0,0.0,0.02130999725459432,0.0,0.0,0.0,0.0,0.021909183580431663,0.0,0.0952390794418317,0.0328346285719709,0.0,0.22644645943066916,2.2341808872088684,2.2341808869823994,2.234180887208869,2.2343736701635,2.2341808872088724,2.191470479998934,0.04271040720448586,2.2341808872088693,2.2341808872088698,2.2341808872088706,2.2341808872088698,0.5473645422504847,0.6750683714103799,0.7102924502347068,0.6750683714150754,0.0,0.5645839091498294,0.5473067187989592,0.54730671881881,0.017277190349295726,0.5248073972328714,0.6449111484634942,0.679675775184147,0.0,0.5420373125384798,0.5248063499651935,0.5248063499605733,0.01723096257320569,0.6449111484628799,0.7980969806442428,0.8442126617896869,0.7980969806406852,0.0,1.0848492583230387,1.0640559690198985,0.020793289282581427,1.0640559690403222,1.0640559691521632,0.0,558939.7717155827,0.0,0.0,0.0,0.0,0.0,1201796.5470376844,0.0,0.0,0.0,0.0,0.0,1158414.454513238,0.0,0.0,0.0,0.0,0.0,532989.7572487522,6501.39312086785,3900835.87252071,0.0,0.0,14.998614218277597,2296009.29470091,0.0,13.404173587904305,2996707.4830559655,0.0,14.822510538899696,4010321.357824572,0.0,-0.46205786129193666,0.0,0.0,41322.0740540834,708.7087970224951,1000.0,0.0 
 01/21  04:10:00,43.93125,-2896.2611370388136,-48.63964190043362,-931.5822745063989,3832.5507413818505,-0.001069040072434846,43.93125,-3178.2861871646774,137.64126202463558,-2002.912373816982,4999.263272003684,-0.36533954923533885,26.358756,-4787.5755935187035,0.0,-1930.6982744529023,6691.898702402854,-0.016649174191685386,0.0,-6757.976534484515,1142.5918398985418,-888.0953329725096,0.0,-0.7223867855072628,0.0,0.0,0.0,0.0,0.0,0.0,274147.1852201833,0.0,0.0,0.0,0.0,0.0,0.0,0.0,14.998616579866393,13.40417598427001,14.822515050812155,-0.4620578612919367,-17.290250002300976,-17.290250002300976,-17.290250002300976,-17.290250002300976,-17.290250002300976,-17.290250002300976,-17.290250002300976,-17.290250002300976,21.270345679860398,21.239557098486863,21.197799670387763,21.062512154824557,20.9240410452777,20.92404130171762,14.998616579865859,21.08762446450564,20.974582134517988,22.51097505181522,13.404175984269434,21.13515965284757,21.07152356322516,21.07152356322488,14.822515050811274,13.323658696718296,11.767968387971964,13.00138263816104,12.66789924766956,12.667897418210066,12.667897418208982,12.667897418207907,-17.290250002300976,5.835859949326844,6.5601563864496875,6.5601563864496875,21.270345680915945,0.0,0.0,0.0,0.02130963723594082,0.0,0.0,0.0,0.0,0.021908454325795943,0.0,0.0952388356162115,0.032834385850608834,0.0,0.2264439224389031,2.23418088720887,2.2341808869841038,2.234180887208871,2.2343750763630945,2.2341808872088698,2.1914692149870896,0.04271167221664168,2.2341808872088698,2.2341808872088693,2.2341808872088698,2.2341808872088698,0.5473595408374933,0.6750682528445032,0.7102923360847359,0.6750682528489061,0.0,0.564583032812605,0.5473053096009685,0.5473053096195762,0.017277723210159936,0.5248067717011542,0.6449115642610467,0.6796759875265468,0.0,0.5420371884639289,0.5248057185706086,0.5248057185662951,0.01723146989324313,0.6449115642604745,0.7980968854785593,0.8442125635972778,0.7980968854752194,0.0,1.0848489937222388,1.0640550912468751,0.0207939024560603,1.0640550912660511,1.0640550913871034,0.0,558949.3647038393,0.0,0.0,0.0,0.0,0.0,1201747.424290189,0.0,0.0,0.0,0.0,0.0,1158418.9646717415,0.0,0.0,0.0,0.0,0.0,532857.1997835058,6502.771623493129,3901662.9740958773,0.0,0.0,14.9986095145489,2299530.44482911,0.0,13.40257501386613,2999557.9632022106,0.0,14.822461731671043,4015139.2214417113,0.0,-0.4649225248104289,0.0,0.0,41344.41515898441,710.9710255376655,1000.0,0.0 
 01/21  04:20:00,43.93125,-2901.9878564894557,-48.67549134332853,-931.5981256401699,3838.3291752620275,-0.0010551140241931,43.93125,-3183.1843435873234,137.78934455143917,-2002.8318150892324,5003.937834702171,-0.3602485583807072,26.358756,-4795.463953292266,0.0,-1930.7057589773367,6699.795011374536,-0.016175530676252662,0.0,-6759.663548877614,1142.7467780455759,-887.8822968708623,0.0,-0.6948141808582985,0.0,0.0,0.0,0.0,0.0,0.0,274102.3519230411,0.0,0.0,0.0,0.0,0.0,0.0,0.0,14.99861187712027,13.402577411004717,14.822466245162735,-0.46492252481042895,-17.290250002300976,-17.290250002300976,-17.290250002300976,-17.290250002300976,-17.290250002300976,-17.290250002300976,-17.290250002300976,-17.290250002300976,21.27777623836068,21.246972290777144,21.205194000894892,21.06983904033073,20.931298787505973,20.93129904480458,14.998611877119734,21.094964016285505,20.98186539245951,22.518258309790333,13.402577411004142,21.14252279388388,21.07885498803949,21.078854988039218,14.822466245161852,13.323639379035393,11.76645473854403,13.001323376904354,12.667398615211214,12.667396785422152,12.667396785421086,12.667396785420019,-17.290250002300976,5.835473550851677,6.559769988087087,6.559769988087087,21.277776239398676,0.0,0.0,0.0,0.02130928876187431,0.0,0.0,0.0,0.0,0.021907741714411205,0.0,0.0952385943580276,0.03283415071114547,0.0,0.22644149799832688,2.2341808872088684,2.234180886993426,2.234180887208872,2.2343764575993204,2.234180887208867,2.191467970695886,0.04271291650817494,2.2341808872088698,2.23418088720887,2.2341808872088698,2.2341808872088698,0.5473543246032824,0.6750681356182695,0.7102922233335289,0.6750681356223605,0.0,0.5645821693709934,0.5473039218208205,0.5473039218381042,0.01727824754880044,0.5248061565430032,0.6449119742771706,0.6796761970444568,0.0,0.5420370672092776,0.5248050981785459,0.5248050981745588,0.017231969030658174,0.6449119742766433,0.7980967914285697,0.8442124668305964,0.798096791425463,0.0,1.0848487341265212,1.0640542284182386,0.02079450569031768,1.0640542284360854,1.0640542285396275,0.0,558958.8753841019,0.0,0.0,0.0,0.0,0.0,1201699.0890535396,0.0,0.0,0.0,0.0,0.0,1158423.455386402,0.0,0.0,0.0,0.0,0.0,532729.3781225174,6504.117637963732,3902470.582778239,0.0,0.0,14.998604872094269,2302997.505157217,0.0,13.400998724559216,3002362.7008213033,0.0,14.822414312941127,4019877.0068247225,0.0,-0.4676778198466286,0.0,0.0,41366.38566333221,713.2042026566114,1000.0,0.0 
 01/21  04:30:00,43.93125,-2907.6267876736706,-48.71077171072557,-931.6138374545318,3844.019112242349,-0.0010413906935709098,43.93125,-3188.004575042332,137.9354379225099,-2002.7525375597502,5008.537657261495,-0.35524386330078384,26.358756,-4803.221627947247,0.0,-1930.7132079999956,6707.560582334376,-0.015719642337992182,0.0,-6761.305729743379,1142.8947463095951,-887.6768251184488,0.0,-0.6684190360668567,0.0,0.0,0.0,0.0,0.0,0.0,274059.22220751754,0.0,0.0,0.0,0.0,0.0,0.0,0.0,14.998607235632697,13.401001122457952,14.822418827985972,-0.4676778198466286,-17.290250002300976,-17.290250002300976,-17.290250002300976,-17.290250002300976,-17.290250002300976,-17.290250002300976,-17.290250002300976,-17.290250002300976,21.285083735477887,21.25426476851889,21.212466087562884,21.077045202508593,20.93843736419406,20.938437622340235,14.998607235632164,21.10218256059506,20.98902891272312,22.525421830086852,13.401001122457377,21.149764395004496,21.086065588489507,21.086065588489223,14.822418827985091,13.323620669898435,11.764962534289314,13.001265919181838,12.666905878065382,12.666904047960905,12.666904047959843,12.666904047958788,-17.290250002300976,5.835093246018712,6.5593896833649135,6.5593896833649135,21.28508373649869,0.0,0.0,0.0,0.021308951376050527,0.0,0.0,0.0,0.0,0.021907045204825646,0.0,0.09523835567479741,0.032833922858491724,0.0,0.22643918101749919,2.234180887208869,2.2341808869915663,2.23418088720887,2.234377806687958,2.2341808872088715,2.1914667467137168,0.042714140490691915,2.2341808872088698,2.2341808872088698,2.23418088720887,2.2341808872088698,0.5473489141460407,0.6750680197234619,0.7102921119661699,0.6750680197272237,0.0,0.5645813186013258,0.5473025550727703,0.5473025550886562,0.017278763527292754,0.5248055516236741,0.6449123786065863,0.6796764037771018,0.0,0.5420369487014585,0.524804488558833,0.5248044885551907,0.017232460142555736,0.6449123786061063,0.7980966984871275,0.844212371465333,0.7980966984842665,0.0,1.0848484794210176,1.06405338022588,0.020795099178586532,1.0640533802423224,1.06405338032994,0.0,558968.3024727191,0.0,0.0,0.0,0.0,0.0,1201651.52253585,0.0,0.0,0.0,0.0,0.0,1158427.9247999971,0.0,0.0,0.0,0.0,0.0,532606.0950710693,6505.432204080642,3903259.322448385,0.0,0.0,14.998600290021754,2306411.4673454096,0.0,13.39944434202936,3005122.5943568964,0.0,14.822368230659809,4024536.349400624,0.0,-0.47032841881368215,0.0,0.0,41387.99316160786,715.4087146441356,1000.0,0.0 
 01/21  04:40:00,43.93125,-2913.1795312489035,-48.745495445311235,-931.6294080484887,3849.6221635732954,-0.0010278657623837729,43.93125,-3192.748400037659,138.07957304736237,-2002.6745109128206,5013.064198661024,-0.35032382586662963,26.358756,-4810.8512707503105,0.0,-1930.720618658017,6715.1980665654955,-0.015280682993797094,0.0,-6762.904645448798,1143.036057449786,-887.4786045359258,0.0,-0.6431455365537123,0.0,0.0,0.0,0.0,0.0,0.0,274017.7236518255,0.0,0.0,0.0,0.0,0.0,0.0,0.0,14.998602654512013,13.399446740675767,14.82237274723224,-0.4703284188136822,-17.290250002300976,-17.290250002300976,-17.290250002300976,-17.290250002300976,-17.290250002300976,-17.290250002300976,-17.290250002300976,-17.290250002300976,21.292270667441564,21.261437017249648,21.219618401423343,21.08413306556099,20.945459151596452,20.945459410579222,14.99860265451148,21.109282530355554,20.996075089111716,22.5324680065077,13.399446740675192,21.156886905542994,21.093157791859817,21.09315779185954,14.822372747231357,13.32360254523963,11.763491397533185,13.00121019500974,12.666420865257487,12.666419034851106,12.666419034850067,12.666419034849016,-17.290250002300976,5.834718902871399,6.559015340326655,6.559015340326655,21.292270668445532,0.0,0.0,0.0,0.02130862464316224,0.0,0.0,0.0,0.0,0.02190636427798038,0.0,0.09523811957158262,0.032833702010955396,0.0,0.2264369666496048,2.2341808872088706,2.2341808869746393,2.2341808872088706,2.2343791170626415,2.234180887208871,2.191465542640154,0.04271534456462393,2.2341808872088698,2.2341808872088698,2.2341808872088693,2.2341808872088698,0.5473433269468729,0.6750679051517375,0.7102920019679874,0.6750679051551541,0.0,0.5645804802854052,0.5473012089807017,0.5473012089951218,0.017279271303556467,0.5248049567964125,0.6449127773422096,0.6796766077631814,0.0,0.5420368328698805,0.5248038894878359,0.5248038894845544,0.017232943381979338,0.6449127773417788,0.798096606646485,0.84421227747746,0.7980966066438814,0.0,1.0848482294940887,1.0640525463700068,0.020795683109013155,1.0640525463849768,1.0640525464756603,0.0,558977.6448290931,0.0,0.0,0.0,0.0,0.0,1201604.7065476924,0.0,0.0,0.0,0.0,0.0,1158432.3711948101,0.0,0.0,0.0,0.0,0.0,532487.1627215554,6506.7163186430935,3904029.791185856,0.0,0.0,14.998595767458403,2309773.298143977,0.0,13.397911495503168,3007838.519196614,0.0,14.822323435198959,4029118.839939297,0.0,-0.47287877249713095,0.0,0.0,41409.24504066325,717.584940531973,1000.0,0.0 
 01/21  04:50:00,43.93125,-2918.6476481121767,-48.77967461803905,-931.6448357439747,3855.1399005611515,-0.0010145233938659648,43.93125,-3197.4172984907423,138.22178037667481,-2002.5977058301808,5017.518880667068,-0.34548681504886797,26.358756,-4818.35546309206,0.0,-1930.727988299496,6722.710043464753,-0.014857916083269175,0.0,-6764.461796483976,1143.171009133167,-887.287336670233,0.0,-0.6189407432219945,0.0,0.0,0.0,0.0,0.0,0.0,273977.78725445893,0.0,0.0,0.0,0.0,0.0,0.0,0.0,14.998598132885556,13.397913894885018,14.822327953273938,-0.472878772497131,-17.290250002300976,-17.290250002300976,-17.290250002300976,-17.290250002300976,-17.290250002300976,-17.290250002300976,-17.290250002300976,-17.290250002300976,21.299339463005765,21.268491455462307,21.22665334704762,21.091104989116705,20.952366463324168,20.952366723132712,14.998598132885023,21.116266293563555,21.00300625207915,22.539399169506726,13.39791389488444,21.163892709247005,21.100133960737296,21.10013396073702,14.822327953273053,13.323584982104192,11.762040958436371,13.001156137673332,12.665943410842273,12.665941580146916,12.665941580145883,12.66594158014485,-17.290250002300976,5.834350393333154,6.558646830895766,6.558646830895766,21.299339463993228,0.0,0.0,0.0,0.02130830814773219,0.0,0.0,0.0,0.0,0.02190569843637355,0.0,0.09523788605112317,0.032833487899541276,0.0,0.22643485028360733,2.234180887208871,2.2341808869557007,2.2341808872088698,2.234380382655484,2.2341808872088706,2.1914643580851463,0.0427165291200109,2.2341808872088698,2.2341808872088698,2.2341808872088698,2.2341808872088698,0.5473375779332109,0.6750677918941199,0.7102918933240583,0.6750677918971765,0.0,0.5645796542103172,0.5472998831776429,0.5472998831905348,0.017279771031647493,0.5248043719061987,0.644913170575829,0.6796768090415254,0.0,0.5420367196460458,0.5248033007477744,0.5248033007448692,0.01723341889821024,0.6449131705754501,0.7980965158981468,0.8442121848430689,0.7980965158958115,0.0,1.0848479842371073,1.0640517265585652,0.02079625766501885,1.064051726572,1.0640517266525058,0.0,558986.9014463848,0.0,0.0,0.0,0.0,0.0,1201558.6234981085,0.0,0.0,0.0,0.0,0.0,1158436.7929796977,0.0,0.0,0.0,0.0,0.0,532372.4020021398,6507.970937568765,3904782.562541259,0.0,0.0,14.998591303600945,2313083.9403366908,0.0,13.396399821356512,3010511.328400241,0.0,14.82227987908973,4033626.0260788514,0.0,-0.47533312148419743,0.0,0.0,41430.14848679193,719.7332525791904,1000.0,0.0 
 01/21  05:00:00,43.93125,-2924.03266102031,-48.81332094772529,-931.660119080708,3860.5738562042266,-0.0010013635876331944,43.93125,-3202.0127131512186,138.36208988221165,-2002.5220939345063,5021.903089287748,-0.3407312138590569,26.358756,-4825.73671748493,0.0,-1930.7353145016295,6730.0990239725115,-0.014450559055920888,0.0,-6765.978618920216,1143.2998847221274,-887.1027369517642,0.0,-0.5957544244841732,0.0,0.0,0.0,0.0,0.0,0.0,273939.3472590972,0.0,0.0,0.0,0.0,0.0,0.0,0.0,14.998593669950335,13.396402221461821,14.822284398642717,-0.47533312148419743,-17.290250002300976,-17.290250002300976,-17.290250002300976,-17.290250002300976,-17.290250002300976,-17.290250002300976,-17.290250002300976,-17.290250002300976,21.306292486341707,21.275430437476498,21.233573265389342,21.09796327097976,20.95916155299864,20.95916181362228,14.998593669949798,21.123136156057754,21.009824671419256,22.546217588877813,13.396402221461248,21.170784127077493,21.106996395766544,21.10699639576627,14.82228439864183,13.323567958643013,11.76061085490467,13.001103683432508,12.665473353708608,12.66547152273663,12.665471522735606,12.665471522734581,-17.290250002300976,5.833987593059868,6.558284030728171,6.558284030728171,21.306292487312998,0.0,0.0,0.0,0.02130800149340705,0.0,0.0,0.0,0.0,0.021905047202835308,0.0,0.09523765511363515,0.03283328026770398,0.0,0.22643282752749852,2.2341808872088693,2.2341808869649165,2.2341808872088675,2.234381597618997,2.2341808872088693,2.1914631926686976,0.04271769453686413,2.2341808872088698,2.23418088720887,2.23418088720887,2.2341808872088698,0.5473316802536559,0.6750676799413953,0.7102917860195787,0.6750676799440786,0.0,0.5645788401681467,0.547298577305351,0.5472985773166573,0.017280262861893516,0.5248037967928324,0.6449135583968957,0.6796770076498835,0.0,0.5420366089637813,0.5248027221268393,0.5248027221243245,0.017233886836885336,0.6449135583965699,0.7980964262338088,0.844212093539216,0.7980964262317525,0.0,1.0848477435441533,1.0640509205067685,0.02079682302546537,1.0640509205186097,1.064050920592935,0.0,558996.0714484248,0.0,0.0,0.0,0.0,0.0,1201513.2563607036,0.0,0.0,0.0,0.0,0.0,1158441.1887009775,0.0,0.0,0.0,0.0,0.0,532261.6421710586,6509.196977926243,3905518.1867557457,0.0,0.0,14.998586897646112,2316344.3137225355,0.0,13.394908963052643,3013141.8535726494,0.0,14.822237517157376,4038059.4143835073,0.0,-0.477695506924551,0.0,0.0,41450.71049428273,721.8540164432903,1000.0,0.0 
 01/21  05:10:00,43.93125,-2929.3360561031086,-48.84644578994971,-931.6752567944837,3865.9255267379394,-0.0009883814610955584,43.93125,-3206.536050835188,138.50053110153908,-2002.4476477616968,5026.218175826321,-0.3360554777291484,26.358756,-4832.997480099472,0.0,-1930.7425950129327,6737.367452479436,-0.01405799061393546,0.0,-6767.456487550045,1143.422954019607,-886.9245340808301,0.0,-0.5735389532097113,0.0,0.0,0.0,0.0,0.0,0.0,273902.3409861945,0.0,0.0,0.0,0.0,0.0,0.0,0.0,14.998589264903355,13.394911363869658,14.8222420381643,-0.47769550692455104,-17.290250002300976,-17.290250002300976,-17.290250002300976,-17.290250002300976,-17.290250002300976,-17.290250002300976,-17.290250002300976,-17.290250002300976,21.313132038902623,21.28225625528457,21.240380435604838,21.104710148867316,20.965846615905175,20.965846877333384,14.998589264902822,21.129894363271973,21.01653255794988,22.552925475438794,13.394911363869083,21.177563418991,21.113747337393207,21.113747337392923,14.822242038163417,13.323551453993748,11.759200732482526,13.00105277159541,12.66501053748448,12.665008706247688,12.665008706246674,12.665008706245663,-17.290250002300976,5.833630381364926,6.5579268191372915,6.5579268191372915,21.313132039858065,0.0,0.0,0.0,0.021307704301611306,0.0,0.0,0.0,0.0,0.02190441011968296,0.0,0.09523742675749733,0.03283307887007569,0.0,0.22643089420254123,2.234180887208869,2.234180886975979,2.23418088720887,2.2343827565987344,2.2341808872088706,2.1914620460203933,0.04271884118557766,2.2341808872088698,2.23418088720887,2.2341808872088698,2.2341808872088698,0.5473256453646342,0.6750675692840126,0.7102916800397314,0.6750675692863094,0.0,0.5645780379557936,0.5472972910139825,0.5472972910236497,0.017280746941038004,0.5248032312928254,0.6449139408938898,0.6796772036262312,0.0,0.5420365007587798,0.5248021534185767,0.5248021534164652,0.017234347340151245,0.6449139408936195,0.7980963376441561,0.8442120035427423,0.7980963376423879,0.0,1.084847507312239,1.0640501279371466,0.020797379364831982,1.06405012794734,1.0640501280120491,0.0,559005.1540766902,0.0,0.0,0.0,0.0,0.0,1201468.5886570183,0.0,0.0,0.0,0.0,0.0,1158445.5570077593,0.0,0.0,0.0,0.0,0.0,532154.720448498,6510.395319760541,3906237.191856324,0.0,0.0,14.998582548812118,2319555.3160427646,0.0,13.393438570824872,3015730.9054957917,0.0,14.822196306048525,4042420.471487661,0.0,-0.47996978088021497,0.0,0.0,41470.937870867165,723.9475919884984,1000.0,0.0 
 01/21  05:20:00,43.93125,-2934.5592842621827,-48.879060190082555,-931.6902478059247,3871.196373028545,-0.0009755746407921793,43.93125,-3210.9886837130384,138.6371330798911,-2002.374340721733,5030.465458436759,-0.3314580347024029,26.358756,-4840.14013338284,0.0,-1930.7498277838524,6744.51771019456,-0.013679515070998486,0.0,-6768.896718934217,1143.5404739629369,-886.7524692944206,0.0,-0.5522491244811735,0.0,0.0,0.0,0.0,0.0,0.0,273866.7086763613,0.0,0.0,0.0,0.0,0.0,0.0,0.0,14.998584916963098,13.393440972342077,14.822200828485805,-0.47996978088021497,-17.290250002300976,-17.290250002300976,-17.290250002300976,-17.290250002300976,-17.290250002300976,-17.290250002300976,-17.290250002300976,-17.290250002300976,21.319860362676728,21.288971141784405,21.247077078258624,21.111347803526993,20.972423792019985,20.972424054242364,14.998584916962562,21.13654310336905,21.023132066573094,22.559524984091777,13.3934409723415,21.184232787104165,21.12038896898698,21.1203889689867,14.822200828484922,13.32353544824865,11.757810244000266,13.00100334403363,12.664554810187918,12.664552978697609,12.664552978696607,12.664552978695607,-17.290250002300976,5.833278640949115,6.55757507882395,6.55757507882395,21.31986036361663,0.0,0.0,0.0,0.021307416210859808,0.0,0.0,0.0,0.0,0.021903786747733186,0.0,0.09523720097890155,0.03283288347248962,0.0,0.2264290463295869,2.2341808872088706,2.23418088698085,2.2341808872088693,2.2343838543293666,2.234180887208873,2.1914609177792084,0.04271996942718772,2.2341808872088698,2.23418088720887,2.2341808872088693,2.2341808872088698,0.5473194835816672,0.6750674599118048,0.7102915753694099,0.675067459913704,0.0,0.5645772473748072,0.5472960239618373,0.5472960239698152,0.0172812234123299,0.5248026752411468,0.6449143181533618,0.6796773970077801,0.0,0.5420363949688592,0.5248015944220724,0.5248015944203767,0.017234800546739683,0.6449143181531483,0.7980962501202575,0.8442119148315421,0.7980962501187862,0.0,1.0848472754409644,1.0640493485790814,0.020797926853331098,1.0640493485875773,1.0640493486481386,0.0,559014.1486835548,0.0,0.0,0.0,0.0,0.0,1201424.60443304,0.0,0.0,0.0,0.0,0.0,1158449.8966703112,0.0,0.0,0.0,0.0,0.0,532051.4815766524,6511.566807982843,3906940.084789706,0.0,0.0,14.998578256327622,2322717.8238171265,0.0,13.391988301795983,3018279.2750620553,0.0,14.822156204449257,4046710.6261167354,0.0,-0.48215961595079576,0.0,0.0,41490.83724761966,726.0143329362398,1000.0,0.0 
 01/21  05:30:00,43.93125,-2939.703762473608,-48.91117485984387,-931.7050912203924,3876.387821875329,-0.0009629391617910856,43.93125,-3215.3719504591427,138.77192441081183,-2002.3021470741928,5034.646222940646,-0.32693735732612494,26.358756,-4847.166998346069,0.0,-1930.7570109258377,6751.552116717647,-0.01331454234292337,0.0,-6770.300574319925,1143.6526892928425,-886.5862956868654,0.0,-0.5318420215716023,0.0,0.0,0.0,0.0,0.0,0.0,273832.3933424227,0.0,0.0,0.0,0.0,0.0,0.0,0.0,14.998580625358482,13.39199070400208,14.822160728293763,-0.48215961595079576,-17.290250002300976,-17.290250002300976,-17.290250002300976,-17.290250002300976,-17.290250002300976,-17.290250002300976,-17.290250002300976,-17.290250002300976,21.32647964170443,21.29557727227994,21.253665356801214,21.11787836014146,20.978895167339928,20.97889543034623,14.998580625357947,21.143084508658937,21.029625297632204,22.566018215180065,13.391990704001504,21.1907943771377,21.126923418251184,21.1269234182509,14.822160728292877,13.323519922399262,11.756439049639791,13.000955345338507,12.664106024241432,12.664104192508407,12.664104192507413,12.664104192506423,-17.290250002300976,5.83293225791329,6.557228695889036,6.557228695889036,21.3264796426291,0.0,0.0,0.0,0.02130713687601083,0.0,0.0,0.0,0.0,0.02190317666534092,0.0,0.09523697777235676,0.03283269385103373,0.0,0.22642728011638,2.23418088720887,2.23418088695397,2.2341808872088693,2.2343848858817936,2.234180887208868,2.191459807592975,0.04272107961385884,2.2341808872088698,2.2341808872088693,2.2341808872088693,2.2341808872088698,0.5473132041891512,0.675067351814804,0.7102914719939942,0.6750673518162945,0.0,0.5645764682310784,0.5472947758148677,0.5472947758211102,0.017281692415707685,0.5248021284723675,0.6449146902603251,0.6796775878313686,0.0,0.5420362915336528,0.5248010449414585,0.5248010449401898,0.01723524659215214,0.6449146902601706,0.7980961636523506,0.8442118273833978,0.7980961636511842,0.0,1.084847047832641,1.0640485821687182,0.020798465657126976,1.0640485821754697,1.064048582220094,0.0,559023.0547322355,0.0,0.0,0.0,0.0,0.0,1201381.2882445157,0.0,0.0,0.0,0.0,0.0,1158454.2065555025,0.0,0.0,0.0,0.0,0.0,531951.7774121192,6512.712254007793,3907627.3524046754,0.0,0.0,14.998574019438728,2325832.693125197,0.0,13.3905578197831,3020787.733764388,0.0,14.822117172775522,4050931.270030588,0.0,-0.48426851436544,0.0,0.0,41510.4150831905,728.0545875841045,1000.0,0.0 
 01/21  05:40:00,43.93125,-2944.770874981091,-48.942800204042896,-931.7197862990208,3881.5012671660857,-0.0009504848551346153,43.93125,-3219.6871573090903,138.90493322295424,-2002.23104188889,5038.761723983363,-0.3224919582825873,26.358756,-4854.080336757479,0.0,-1930.7641427131866,6758.472932684476,-0.012962499865765167,0.0,-6771.669262291465,1143.7598331802192,-886.4257777006903,0.0,-0.5122769277198026,0.0,0.0,0.0,0.0,0.0,0.0,273799.3406271967,0.0,0.0,0.0,0.0,0.0,0.0,0.0,14.998576389335867,13.390560222667006,14.822121698004583,-0.48426851436544,-17.290250002300976,-17.290250002300976,-17.290250002300976,-17.290250002300976,-17.290250002300976,-17.290250002300976,-17.290250002300976,-17.290250002300976,21.332992004250563,21.30207676663664,21.260147379702005,21.12430389038824,20.985262775867444,20.985263039647553,14.998576389335332,21.149520657672088,21.036014298924,22.572407216500473,13.39056022266643,21.197250280515295,21.13335275928713,21.13335275928685,14.822121698003697,13.323504858295138,11.75508681670711,13.0009087224933,12.663664036222434,12.663662204257026,12.663662204256044,12.663662204255065,-17.290250002300976,5.832591121567027,6.55688755964215,6.55688755964215,21.332992005160296,0.0,0.0,0.0,0.021306865967115604,0.0,0.0,0.0,0.0,0.02190257946780225,0.0,0.09523675713061719,0.03283250979176281,0.0,0.2264255919536835,2.2341808872088693,2.2341808869637454,2.234180887208866,2.2343858463592814,2.2341808872088733,2.1914587151182046,0.04272217208907767,2.2341808872088698,2.2341808872088698,2.2341808872088698,2.2341808872088698,0.5473068156904355,0.6750672449823462,0.7102913698984603,0.6750672449834177,0.0,0.564575700334845,0.5472935462466275,0.5472935462510914,0.017282154087854197,0.5248015908213947,0.6449150572984175,0.6796777761335671,0.0,0.542036190394608,0.524800504785856,0.5248005047850245,0.01723568560871479,0.6449150572983227,0.7980960782307208,0.8442117411767616,0.7980960782298671,0.0,1.084846824392098,1.064047828448687,0.02079899593841564,1.0640478284536496,1.0640478284871513,0.0,559031.8717794125,0.0,0.0,0.0,0.0,0.0,1201338.6251333342,0.0,0.0,0.0,0.0,0.0,1158458.4856279118,0.0,0.0,0.0,0.0,0.0,531855.4666204142,6513.832437334342,3908299.4624006054,0.0,0.0,14.998569837348281,2328900.760299652,0.0,13.389146795121672,3023257.034390017,0.0,14.822079173121779,4055083.7596106865,0.0,-0.4862998167232885,0.0,0.0,41529.677670452555,730.068698840476,1000.0,0.0 
 01/21  05:50:00,43.93125,-2949.7619745076595,-48.97394635761725,-931.7343324682105,3886.5380712752976,-0.0009381695387945475,43.93125,-3223.935579237601,139.03618714649383,-2002.1610010375025,5042.813186406331,-0.3181202823062959,26.358756,-4860.882353464486,0.0,-1930.771221595827,6765.282362206198,-0.01262268667192877,0.0,-6773.003941414387,1143.8621278047995,-886.2706904570795,0.0,-0.4935151497642782,0.0,0.0,0.0,0.0,0.0,0.0,273767.4986726762,0.0,0.0,0.0,0.0,0.0,0.0,0.0,14.998572208098349,13.389149198672527,14.822083699713147,-0.4862998167232885,-17.290250002300976,-17.290250002300976,-17.290250002300976,-17.290250002300976,-17.290250002300976,-17.290250002300976,-17.290250002300976,-17.290250002300976,21.33939952586796,21.308471692327636,21.26652520347157,21.13062641538527,20.991528602477644,20.99152886702158,14.998572208097817,21.155853578119306,21.042301068594554,22.578693986199085,13.389149198671952,21.203602537350434,21.13967901554494,21.139679015544658,14.822083699712259,13.323490238546686,11.753753219422729,13.000863424784782,12.66322870669372,12.663226874505822,12.663226874504856,12.663226874503883,-17.290250002300976,5.832255124287018,6.556551562460024,6.556551562460024,21.339399526763046,0.0,0.0,0.0,0.021306603168919122,0.0,0.0,0.0,0.0,0.021901994766376158,0.0,0.09523653904492718,0.03283233108998548,0.0,0.22642397839988823,2.234180887208869,2.2341808869876387,2.2341808872088667,2.2343867311308117,2.2341808872088693,2.191457640019764,0.042723247187980894,2.2341808872088698,2.2341808872088698,2.2341808872088698,2.2341808872088698,0.5473003258304128,0.6750671394039046,0.7102912690681653,0.6750671394045475,0.0,0.5645749435003853,0.5472923349378404,0.5472923349404849,0.01728260856232496,0.5248010621243797,0.6449154193495459,0.6796779619503005,0.0,0.5420360914949521,0.5247999737692213,0.5247999737688371,0.017236117725699003,0.6449154193495124,0.7980959938453255,0.844211656190352,0.7980959938447914,0.0,1.0848466050266934,1.0640470871679657,0.020799517855574032,1.0640470871710992,1.0640470871986336,0.0,559040.5994809263,0.0,0.0,0.0,0.0,0.0,1201296.6006225017,0.0,0.0,0.0,0.0,0.0,1158462.7329574963,0.0,0.0,0.0,0.0,0.0,531762.4142742476,6514.928107206745,3908956.864324047,0.0,0.0,14.99856570944473,2331922.8427651785,0.0,13.387754904962392,3025687.9118437986,0.0,14.822042169637406,4059169.4173237192,0.0,-0.4882567100330767,0.0,0.0,41548.63114547951,732.0570041574581,1000.0,0.0 
 01/21  06:00:00,43.93125,-2954.6783815242297,-49.00462293312671,-931.7487357299831,3891.4995681592036,-0.0009271259979294442,43.93125,-3228.1184611977005,139.16571338387826,-2002.0920009991694,5046.8018061721095,-0.31382066488090277,26.358756,-4867.575199136,0.0,-1930.778243783524,6771.982553657903,-0.012293944574147222,0.0,-6774.305723782405,1143.9597846255567,-886.1208186499997,0.0,-0.4755195595332571,0.0,0.0,0.0,0.0,0.0,0.0,273736.81801882305,0.0,0.0,0.0,0.0,0.0,0.0,0.0,14.998568081034607,13.387757309169539,14.822046697569274,-0.4882567100330767,-17.290250002300976,-17.290250002300976,-17.290250002300976,-17.290250002300976,-17.290250002300976,-17.290250002300976,-17.290250002300976,-17.290250002300976,21.345704228678663,21.314764063703702,21.272800831916143,21.136847904745817,20.99769458175603,20.997694847035497,14.99856808103407,21.162085246148024,21.048487554396857,22.584880472028917,13.387757309168963,21.209853135702165,21.14590415908037,21.145904159080086,14.822046697568386,13.323476046448825,11.75243793916049,13.000819404239534,12.662799900362455,12.662798067961528,12.662798067960566,12.662798067959608,-17.290250002300976,5.831924161699834,6.556220599969258,6.556220599969258,21.345704229559388,0.0,0.0,0.0,0.02130634815959154,0.0,0.0,0.0,0.0,0.02190142218684921,0.0,0.09523632356502755,0.03283215755802613,0.0,0.22642243619554336,2.234180887208871,2.2341808869500297,2.2341808872088693,2.2343875356958374,2.234180887208873,2.1914565819477843,0.042724305257323375,2.2341808872088693,2.2341808872088698,2.2341808872088698,2.2341808872088698,0.5473317936770298,0.6750670350057216,0.710291169428126,0.6750670350090165,0.0,0.5645741968939894,0.5472911408863995,0.5472911409003134,0.017283056006483333,0.5248005416744381,0.6449157765031729,0.6796781453266789,0.0,0.5420359949912157,0.5247994519137692,0.5247994519106188,0.017236543077381778,0.6449157765027604,0.7980959105368616,0.8442115724538327,0.7980959105343459,0.0,1.0848463900712926,1.06404635848365,0.020800031573085215,1.0640463584981115,1.0640463585683577,0.0,559049.2414379899,0.0,0.0,0.0,0.0,0.0,1201255.2005995014,0.0,0.0,0.0,0.0,0.0,1158466.9462701145,0.0,0.0,0.0,0.0,0.0,531672.4911899999,6515.999985449604,3909599.991269762,0.0,0.0,14.998561630132317,2334899.7408955228,0.0,13.386381833748818,3028081.0837032655,0.0,14.822006129867045,4063189.532194743,0.0,-0.49014223393289075,0.0,0.0,41567.28148518091,734.0198418464053,1000.0,0.0 
 01/21  06:10:00,43.93125,-2959.5213907735365,-49.03483931555161,-931.7629838916176,3896.3870560568243,-0.0009146442100010973,43.93125,-3232.237017841416,139.29353887771458,-2002.0240194223693,5050.728748763762,-0.3095922612440174,26.358756,-4874.160968642821,0.0,-1930.7852123739003,6778.575601492107,-0.011977581751982838,0.0,-6775.575673398604,1144.0530060871247,-885.9759584796508,0.0,-0.4582563187777552,0.0,0.0,0.0,0.0,0.0,0.0,0.0,0.0,0.0,0.0,0.0,0.0,0.0,0.0,14.998564002549127,13.3863842386018,14.822010659118014,-0.4901422339328907,-17.290250002300976,-17.290250002300976,-17.290250002300976,-17.290250002300976,-17.290250002300976,-17.290250002300976,-17.290250002300976,-17.290250002300976,21.35190808664871,21.32095584725138,21.27897622137472,21.14297028232123,21.003762604308445,21.00376287032916,14.998564002548592,21.168217591360385,21.054575658486147,22.590968576145197,13.386384238601222,21.21600401668628,21.15203011553883,21.152030115538558,14.822010659117126,13.32346226205082,11.75114066486713,13.00077661637933,12.662377485271735,12.662375652666842,12.66237565266589,12.662375652664936,-17.290250002300976,5.831598131887539,6.555894570251941,6.555894570251941,21.351908087515348,0.0,0.0,0.0,0.02130610068732723,0.0,0.0,0.0,0.0,0.021900861372312105,0.0,0.09523611056887303,0.03283198899460273,0.0,0.2264209621833584,2.2341808872088698,2.2341808869446576,2.234180887208868,2.23438825566447,2.2341808872088715,2.191455540624643,0.04272534658041337,2.2341808872088698,2.2341808872088698,2.2341808872088698,2.2341808872088698,0.5473312014029568,0.6750669318932613,0.7102910710748033,0.6750669318966037,0.0,0.5645734615370269,0.547289965055649,0.5472899650697644,0.017283496480255872,0.5248000304893765,0.6449161288218709,0.6796783262805985,0.0,0.5420359004406681,0.5247989386679416,0.5247989386647421,0.017236961772661395,0.6449161288214519,0.7980958282002032,0.8442114898532326,0.7980958281976521,0.0,1.084846178655781,1.0640456414168666,0.020800537224152132,1.0640456414315318,1.0640456415037982,0.0,559057.7903349706,0.0,0.0,0.0,0.0,0.0,1201214.4116534216,0.0,0.0,0.0,0.0,0.0,1158471.1274243402,0.0,0.0,0.0,0.0,0.0,531585.5750877904,6517.048761437474,3910229.2568624844,0.0,0.0,14.998557605739261,2337832.2336340947,0.0,13.38502726963032,3030437.249258257,0.0,14.821971017520427,4067145.360895264,0.0,-0.49195929374830777,0.0,0.0,41585.63452388113,735.9575292693063,1000.0,0.0 
 01/21  06:20:00,43.93125,-2964.2922665706647,-49.06460531329185,-931.77708227235,3901.2018073567842,-0.0009026413387636135,43.93125,-3236.292435561918,139.4196896686276,-2001.9570341741528,5054.595155192525,-0.3054333137131713,26.358756,-4880.641706403521,0.0,-1930.7921241448953,6785.063551923514,-0.011671904074565321,0.0,-6776.8148123013125,1144.1419845133094,-885.8359134808733,0.0,-0.4416915951492637,0.0,0.0,0.0,0.0,0.0,0.0,0.0,0.0,0.0,0.0,0.0,0.0,0.0,0.0,14.998559978970363,13.385029675118883,14.821975548069506,-0.4919592937483078,-17.290250002300976,-17.290250002300976,-17.290250002300976,-17.290250002300976,-17.290250002300976,-17.290250002300976,-17.290250002300976,-17.290250002300976,21.358013024273927,21.32704896026079,21.285053279360106,21.148995423931535,21.009734513488407,21.009734780240734,14.998559978969828,21.174252495619445,21.06056723639273,22.596960154078268,13.385029675118307,21.222057073212255,21.158058762988734,21.158058762988457,14.821975548068616,13.323448876601017,11.749861089628663,13.000735014085137,12.661961333881942,12.661959501081752,12.66195950108081,12.661959501079869,-17.290250002300976,5.8312769364537544,6.555573374911726,6.555573374911726,21.358013025126745,0.0,0.0,0.0,0.02130586046105922,0.0,0.0,0.0,0.0,0.02190031197644323,0.0,0.09523590009423248,0.032831825226447564,0.0,0.22641955339750888,2.23418088720887,2.234180886940411,2.2341808872088684,2.2343888867061055,2.234180887208873,2.1914545157194314,0.04272637148557195,2.2341808872088698,2.2341808872088698,2.2341808872088698,2.2341808872088698,0.5473306085377388,0.6750668300009774,0.7102909739423547,0.6750668300043661,0.0,0.5645727367075158,0.5472888065670355,0.5472888065813465,0.017283930139342644,0.5247995277786319,0.6449164763907995,0.679678504854613,0.0,0.5420358079689293,0.5247984340299482,0.5247984340267012,0.017237373938915352,0.644916476390374,0.7980957468689798,0.8442114084116635,0.7980957468663942,0.0,1.0848459710519394,1.0640449360723139,0.020801034964664195,1.0640449360871764,1.0640449361777464,0.0,559066.24936341,0.0,0.0,0.0,0.0,0.0,1201174.2205044916,0.0,0.0,0.0,0.0,0.0,1158475.274486937,0.0,0.0,0.0,0.0,0.0,531501.5480885239,6518.075103341562,3910845.062004937,0.0,0.0,14.99855363415835,2340721.08441407,0.0,13.383690908456078,3032757.093115515,0.0,14.821936801273663,4071038.131154108,0.0,-0.4937106605276559,0.0,0.0,41603.69594727986,737.8703921237371,1000.0,0.0 
 01/21  06:30:00,43.93125,-2968.9922449751148,-49.09392983942553,-931.7910308040607,3905.945070477179,-0.0008909135976776395,43.93125,-3240.285873184559,139.5441916414793,-2001.8910239710726,5058.40213780015,-0.3013424838416588,26.358756,-4887.019407380137,0.0,-1930.7989780539397,6791.448397085888,-0.011376569619044251,0.0,-6778.024122294144,1144.2269034236112,-885.7004965936817,0.0,-0.4257938042846351,0.0,0.0,0.0,0.0,0.0,0.0,0.0,0.0,0.0,0.0,0.0,0.0,0.0,0.0,14.998556008191324,13.383693314570158,14.821941333100263,-0.4937106605276559,-17.290250002300976,-17.290250002300976,-17.290250002300976,-17.290250002300976,-17.290250002300976,-17.290250002300976,-17.290250002300976,-17.290250002300976,21.364020917550253,21.333045271794656,21.291033865527726,21.15492515885891,21.01561210747319,21.0156123749476,14.998556008190791,21.180191793867298,21.0664640976873,22.602857015398826,13.383693314569582,21.228014150864993,21.163991932715405,21.163991932715124,14.821941333099375,13.323435874297006,11.748598914419885,13.000694555384,12.661551321410675,12.661549488423486,12.661549488422553,12.661549488421622,-17.290250002300976,5.830960479087091,6.555256917637254,6.555256917637254,21.364020918389517,0.0,0.0,0.0,0.0213056272166279,0.0,0.0,0.0,0.0,0.021899773667774437,0.0,0.09523569212713193,0.03283166608224708,0.0,0.22641820699808268,2.2341808872088693,2.2341808869629114,2.2341808872088684,2.234389424731577,2.2341808872088733,2.1914535069276604,0.04272738027729443,2.2341808872088698,2.2341808872088698,2.23418088720887,2.2341808872088698,0.5473300157759109,0.6750667293174754,0.7102908780160442,0.6750667293209084,0.0,0.56457202223454,0.5472876651276225,0.547287665142123,0.017284357105765084,0.5247990333862577,0.64491681928623,0.6796786810831422,0.0,0.5420357175257262,0.5247979378315148,0.5247979378282219,0.017237779694144945,0.644916819285798,0.7980956665325014,0.8442113281094417,0.7980956665298824,0.0,1.08484576717646,1.0640442422223653,0.020801524938940805,1.0640442422374194,1.0640442423083982,0.0,559074.6184824364,0.0,0.0,0.0,0.0,0.0,1201134.6143826435,0.0,0.0,0.0,0.0,0.0,1158479.386832364,0.0,0.0,0.0,0.0,0.0,531420.297956209,6519.079652096963,3911447.791258178,0.0,0.0,14.99854971417902,2343567.042286306,0.0,13.382372451940432,3035041.2826800905,0.0,14.821903450805236,4074869.0382515322,0.0,-0.4953989799665451,0.0,0.0,41621.4712987809,739.7587534819831,1000.0,0.0 
 01/21  06:40:00,43.93125,-2973.622535507577,-49.122821636064145,-931.8048295448218,3910.6180630017293,-0.0008793848226573784,43.93125,-3244.2184627241577,139.66707017997305,-2001.8259681769725,5062.150784186962,-0.29731836379520254,26.358756,-4893.296018303304,0.0,-1930.8057731798967,6797.732083888629,-0.011091068879401516,0.0,-6779.2045454956415,1144.3079379288156,-885.5695290285576,0.0,-0.4105331909724255,0.0,0.0,0.0,0.0,0.0,0.0,0.0,0.0,0.0,0.0,0.0,0.0,0.0,0.0,14.998552089001663,13.382374858670154,14.821907983889147,-0.49539897996654514,-17.290250002300976,-17.290250002300976,-17.290250002300976,-17.290250002300976,-17.290250002300976,-17.290250002300976,-17.290250002300976,-17.290250002300976,21.36993359935265,21.33894660804624,21.296919797004698,21.160761274958173,21.021397144139627,21.021397412326746,14.998552089001127,21.186037279414084,21.07226801122848,22.60866092896549,13.382374858669579,21.233877053211472,21.169831414504767,21.16983141450449,14.821907983888261,13.323423240801207,11.74735384633761,13.000655199811268,12.661147326568639,12.66114549340241,12.661145493401488,12.66114549340056,-17.290250002300976,5.830648666177617,6.554945104818618,6.554945104818618,21.369933600178616,0.0,0.0,0.0,0.021305400701551146,0.0,0.0,0.0,0.0,0.02189924612719835,0.0,0.09523548665268229,0.03283151139793321,0.0,0.2264169202768439,2.2341808872088693,2.2341808869524127,2.2341808872088738,2.234389865693562,2.2341808872088667,2.1914525139521737,0.04272837325273472,2.2341808872088698,2.23418088720887,2.2341808872088698,2.2341808872088698,0.5473294237405982,0.675066629831437,0.7102907832815123,0.6750666298349136,0.0,0.5645713179503683,0.5472865404504292,0.547286540465114,0.017284777498771768,0.5247985471594988,0.6449171575826753,0.6796788549997784,0.0,0.5420356290624163,0.5247974499087217,0.5247974499053837,0.017238179153627783,0.644917157582237,0.7980955871801432,0.8442112489273338,0.7980955871774916,0.0,1.0848455669485644,1.0640435596453088,0.020802007287914513,1.0640435596605486,1.0640435597444315,0.0,559082.8977268931,0.0,0.0,0.0,0.0,0.0,1201095.5809061835,0.0,0.0,0.0,0.0,0.0,1158483.463907938,0.0,0.0,0.0,0.0,0.0,531341.7174171344,6520.0630249003025,3912037.8149401816,0.0,0.0,14.998545844925829,2346370.837801037,0.0,13.381071607966156,3037290.470512176,0.0,14.821870937287267,4078639.250333178,0.0,-0.49702677967064657,0.0,0.0,41638.965993013415,741.6229258365541,1000.0,0.0 
 01/21  06:50:00,43.93125,-2978.1843217788974,-49.15128919279664,-931.8184786535616,3915.221977226134,-0.0008680237616265885,43.93125,-3248.0913101359192,139.78835024826935,-2001.7618468043777,5065.842156594332,-0.29335962582171565,26.358756,-4899.473439058625,0.0,-1930.8125086909192,6803.916511501205,-0.010815076678469576,0.0,-6780.356986438149,1144.3852551284472,-885.4428398484436,0.0,-0.39588133804178144,0.0,0.0,0.0,0.0,0.0,0.0,0.0,0.0,0.0,0.0,0.0,0.0,0.0,0.0,14.998548220526157,13.381074015301824,14.821875471608658,-0.49702677967064657,-17.290250002300976,-17.290250002300976,-17.290250002300976,-17.290250002300976,-17.290250002300976,-17.290250002300976,-17.290250002300976,-17.290250002300976,21.37575285801921,21.344754750914202,21.302712846952225,21.166505517179292,21.027091339545898,21.027091608436454,14.998548220525622,21.191790702467532,21.07798070365855,22.614373621420583,13.381074015301248,21.239647540344354,21.17557895516799,21.17557895516771,14.821875471607772,13.323410962675858,11.746125598851211,13.00061690883378,12.660749231580215,12.660747398242556,12.660747398241641,12.660747398240726,-17.290250002300976,5.830341406828066,6.554637845558578,6.554637845558578,21.375752858832122,0.0,0.0,0.0,0.021305180674230834,0.0,0.0,0.0,0.0,0.021898729047817575,0.0,0.09523528365499716,0.03283136101621192,0.0,0.2264156906497833,2.2341808872088706,2.2341808869467727,2.234180887208867,2.2343902056771627,2.2341808872088738,2.1914515365023477,0.04272935070251368,2.2341808872088698,2.2341808872088698,2.2341808872088706,2.2341808872088698,0.5473288329584901,0.6750665315314432,0.7102906897245311,0.6750665315349619,0.0,0.5645706236916456,0.5472854322553733,0.5472854322702368,0.01728519143509105,0.5247980689471641,0.6449174913536753,0.6796790266380953,0.0,0.5420355425311606,0.5247969701008551,0.5247969700974737,0.017238572430238144,0.6449174913532312,0.7980955088006719,0.8442111708459957,0.798095508797989,0.0,1.0848453702888243,1.0640428881237882,0.02080248214951333,1.0640428881392088,1.0640428882274928,0.0,559091.0871921369,0.0,0.0,0.0,0.0,0.0,1201057.1080826267,0.0,0.0,0.0,0.0,0.0,1158487.5052145515,0.0,0.0,0.0,0.0,0.0,531265.7039090662,6521.025816157495,3912615.489694497,0.0,0.0,14.99854202566084,2349133.1863356805,0.0,13.379788090233758,3039505.2939565997,0.0,14.821839232845159,4082349.9069007235,0.0,-0.49859647447028593,0.0,0.0,41656.185311808,743.4632189339675,1000.0,0.0 
 01/21  07:00:00,43.93125,-2982.6787622081883,-49.17934079919223,-931.8319783838069,3919.7579801245765,-0.0008568178568379371,43.93125,-3251.9054960275244,139.90805635407878,-2001.6986404518957,5069.477293006975,-0.2894649794160286,26.358756,-4905.5535241875305,0.0,-1930.8191838587265,6810.003534216688,-0.010548216949993004,0.0,-6781.482314139665,1144.459014470004,-885.3202656454143,0.0,-0.3818111642803132,0.0,0.0,0.0,0.0,0.0,0.0,0.0,0.0,0.0,0.0,0.0,0.0,0.0,0.0,14.998544402027086,13.379790498165866,14.821843768384575,-0.49859647447028593,-17.290250002300976,-17.290250002300976,-17.290250002300976,-17.290250002300976,-17.290250002300976,-17.290250002300976,-17.290250002300976,-17.290250002300976,21.381480439362466,21.350471440003297,21.308414746551794,21.172159589506602,21.03269636982262,21.032696639407472,14.99854440202655,21.19745377208128,21.083603861312984,22.61999677909957,13.379790498165288,21.245327330846692,21.181236260484184,21.18123626048391,14.821843768383687,13.32339902716919,11.744913891443552,13.00057964532416,12.660356921783992,12.660355088282195,12.660355088281289,12.66035508828038,-17.290250002300976,5.830038612543072,6.554335051361792,6.554335051361792,21.38148044016257,0.0,0.0,0.0,0.021304966903294056,0.0,0.0,0.0,0.0,0.021898222134336787,0.0,0.09523508311714647,0.03283121478658378,0.0,0.22641451565312146,2.2341808872088684,2.2341808869326454,2.2341808872088698,2.2343904407888826,2.2341808872088715,2.191450574294318,0.04273031291049727,2.2341808872088698,2.23418088720887,2.2341808872088698,2.2341808872088698,0.5473282438964724,0.6750664344056087,0.7102905973306268,0.6750664344091684,0.0,0.5645699392981124,0.5472843402680284,0.547284340283066,0.01728559902888868,0.524797598601239,0.6449178206709597,0.6796791960307966,0.0,0.5420354578857073,0.5247964982513038,0.52479649824788,0.017238959634335558,0.64491782067051,0.7980954313835902,0.8442110938471963,0.7980954313808766,0.0,1.084845177119887,1.06404222744564,0.02080294965854787,1.0640422274612358,1.064042227539931,0.0,559099.1870302842,0.0,0.0,0.0,0.0,0.0,1201019.1842711375,0.0,0.0,0.0,0.0,0.0,1158491.5103152357,0.0,0.0,0.0,0.0,0.0,531192.1593872486,6521.968598443465,3913181.159066079,0.0,0.0,14.99853825570137,2351854.7880747463,0.0,13.378521618098212,3041686.3758041854,0.0,14.821808310706771,4086002.120530012,0.0,-0.5001103717260033,0.0,0.0,41673.1344107162,745.2799383824578,1000.0,0.0 
 01/21  07:10:00,43.93125,-4962.811243429696,-84.58202360459768,-1149.6488785576657,7677.8710227909905,1511.2993287482032,43.93125,-5070.293138939857,189.14280030825452,-2437.6554134713497,8626.0864326567,1340.4723135736288,26.358756,-8074.602415700921,0.0,-2295.307492893213,12764.317264344356,2396.074397744745,0.0,-8345.225286015248,1419.5184068117376,-934.2429812111111,0.0,765.8444156732991,0.0,0.0,0.0,0.0,0.0,0.0,0.0,0.0,0.0,0.0,0.0,0.0,0.0,0.0,19.92021990449229,17.758859207247873,20.317952451639556,1.350061064030892,-17.290250002300983,-17.290250002300983,-17.290250002300983,-17.290250002300983,-17.290250002300983,-17.290250002300983,-17.290250002300983,-17.290250002300983,33.2685105960514,33.22246227241648,33.15995660974513,32.9576798322328,32.75036188858053,33.89488375052963,19.92022005032905,32.99528355082199,32.82608497628809,34.362477754038025,17.758859340861346,33.06629170232831,32.97105693309518,32.97105693309477,20.317952594760893,17.94401467811028,15.85219696920963,18.12754439695757,17.302164975209827,17.30216275230584,17.302162795647433,17.302162838989005,-17.290250002300983,9.652782100239195,10.377077495357534,10.377077495357534,33.26851067389518,0.0,0.0,0.0,0.022383288442749647,0.0,0.0,0.0,0.0,0.02291116310777451,0.0,0.09457873209258469,0.03378933120276788,0.0,0.23059584895673452,2.23418088720887,2.234180887007295,2.2341808872088693,2.234329891494453,2.23418088720887,2.1895206028161867,0.04466028439307453,2.23418088720887,2.23418088720887,2.2341808872088698,2.23418088720887,0.5458473305392408,0.6742789224139729,0.7102789102360126,0.674278922413571,0.0,0.5639507906528824,0.5458520918650988,0.5458520918633409,0.018098698787920593,0.5235475913570015,0.6445140404438325,0.6799576879561047,0.0,0.5415921308137607,0.5235468665604752,0.5235468665610876,0.01804526425327357,0.6445140404439316,0.7966998449199293,0.8439442890167761,0.7966998449201871,0.0,1.0839776813487134,1.062216757359529,0.02176092399064506,1.062216757358078,1.0622167573515446,0.0,689789.3271345996,0.0,0.0,0.0,0.0,0.0,1462593.2480828096,0.0,0.0,0.0,0.0,0.0,1377184.4957359277,0.0,0.0,0.0,0.0,0.0,560545.7887266667,8631.445062235862,5178867.037341516,0.0,0.0,20.594646278970593,4606722.613674595,0.0,18.35278605128426,5175651.859594021,0.0,21.031343253503135,7658590.358606612,0.0,1.6556560305001518,0.0,0.0,64343.62827093909,1250.0,1000.0,0.0 
 01/21  07:20:00,43.93125,-6105.867200048435,-32.7500881486792,-1181.4821827681765,7328.262839992438,208.4151267762607,43.93125,-6129.39369801778,247.53206280723612,-2497.54141677414,8367.120908178576,171.46917257446339,26.358756,-9780.366055567385,0.0,-2336.7328336472,12118.820310851326,288.3607938338857,0.0,-9231.36074742805,1497.8789399959578,-952.9014931846605,0.0,130.02633178801435,0.0,0.0,0.0,0.0,0.0,0.0,0.0,0.0,0.0,0.0,0.0,0.0,0.0,0.0,21.191520263774436,18.846988187108707,21.610127418302138,1.9425646393289115,-17.290250002300976,-17.290250002300976,-17.290250002300976,-17.290250002300976,-17.290250002300976,-17.290250002300976,-17.290250002300976,-17.290250002300976,33.45748296350274,33.41204516396431,33.35036639277985,33.15075848359269,32.94616359158693,33.00456758330071,21.191520378555683,33.1878689309665,33.02089564834708,34.55728844724728,18.84698828245888,33.25793450214304,33.1639500417374,33.163950041736996,21.610127499296627,19.138825704746957,16.874201585274374,19.334997323068627,18.446454759611537,18.44645245979111,18.446452488574483,18.44645251735785,-17.290250002300976,10.455664878270442,11.179960016097734,11.179960016097734,33.45748303010177,0.0,0.0,0.0,0.02270298906616493,0.0,0.0,0.0,0.0,0.02319639820543395,0.0,0.09451668871654569,0.03404463308699273,0.0,0.2315000439654729,2.23418088720887,2.234180887844557,2.23418088720887,2.233995467251084,2.23418088720887,2.189462418976026,0.04471846823224564,2.2341808872088698,2.23418088720887,2.2341808872088698,2.2341808872088698,0.5458262079256484,0.6740970882896209,0.710270895759963,0.674097088290289,0.0,0.5639457294917705,0.5458183829751074,0.5458183829780513,0.018127346516437763,0.523522396385114,0.6444263986724916,0.6800149978004331,0.0,0.5415974979366164,0.5235240072317304,0.5235240072306054,0.018073490704915516,0.6444263986723056,0.796433147671816,0.8438949936484373,0.7964331476714092,0.0,1.0839191915488346,1.0621256738980944,0.021793517648517828,1.0621256739003873,1.0621256739169767,0.0,708889.3096609059,0.0,0.0,0.0,0.0,0.0,1498524.850064484,0.0,0.0,0.0,0.0,0.0,1402039.7001883204,0.0,0.0,0.0,0.0,0.0,571740.8959107962,8751.54717416074,5250928.304496445,0.0,0.0,21.425787706417243,4396957.703995464,0.0,19.03818015060639,5020272.544907147,0.0,21.826518660441845,7271292.186510796,0.0,2.0726409945443853,0.0,0.0,63060.212762368676,1250.0,1000.0,0.0 
 01/21  07:30:00,43.93125,-5907.835019230552,-7.385992875120337,-1187.9150061948376,7288.518949938718,16.505125596290643,43.93125,-5938.443256631062,270.69186066789734,-2509.0778312552748,8343.857751540707,10.148018767130038,26.358756,-9437.014471930375,0.0,-2336.6316961523034,12124.764295369272,-1.5219034244041132,0.0,-9150.183289288569,1507.439349636013,-962.446925905491,0.0,55.995652475787686,0.0,0.0,0.0,0.0,0.0,0.0,0.0,0.0,0.0,0.0,0.0,0.0,0.0,0.0,21.531732752725677,19.11757036723254,21.89694012402765,2.1759614513620464,-17.290250002300976,-17.290250002300976,-17.290250002300976,-17.290250002300976,-17.290250002300976,-17.290250002300976,-17.290250002300976,-17.290250002300976,33.457461919370544,33.412336126428414,33.351078178750946,33.152837997001456,32.94963027541396,32.94963076410428,21.531732752724828,33.189695630663714,33.023855339786934,34.56024829338404,19.117570367231654,33.25928019621172,33.16593609788083,33.16593609788043,21.896940124026262,19.46027621749349,17.129815641846797,19.60445794716044,18.728014042326038,18.728011735805186,18.728011735824847,18.7280117358445,-17.290250002300976,10.514065182563703,11.23836025708302,11.23836025708302,33.45746190221183,0.0,0.0,0.0,0.022782731945797226,0.0,0.0,0.0,0.0,0.023265077762948897,0.0,0.09447067003594897,0.03409694449001828,0.0,0.23186452568050464,2.2341808872088706,2.2341808868019517,2.23418088720887,2.234368779749481,2.2341808872088675,2.1893599431029585,0.044820944106632656,2.2341808872088698,2.2341808872088698,2.2341808872088698,2.2341808872088698,0.5457347768909908,0.6740748382307575,0.7102658713369575,0.6740748382300493,0.0,0.5639137456786172,0.5457431738233938,0.5457431738203155,0.0181705718554665,0.5234553957922827,0.6444384966033871,0.6800410015976869,0.0,0.541570900399056,0.5234544147528437,0.5234544147538439,0.01811648564619775,0.6444384966035461,0.7963913119084078,0.8438740142742672,0.796391311908877,0.0,1.0838752970237349,1.0620308898427022,0.02184440718371358,1.0620308898400392,1.062030889832989,0.0,712749.0037169026,0.0,0.0,0.0,0.0,0.0,1505446.698753165,0.0,0.0,0.0,0.0,0.0,1401979.017691382,0.0,0.0,0.0,0.0,0.0,577468.1555432945,8765.863882832276,5259518.329699365,0.0,0.0,21.500048075120855,4373111.369963233,0.0,19.08346396056104,5006314.6509244265,0.0,21.821948743530076,7274858.577221567,0.0,2.2969438074439386,0.0,0.0,62449.27289180814,1250.0,1000.0,0.0 
 01/21  07:40:00,43.93125,-5767.862751693745,-17.06183760627846,-1187.9791742392922,6975.967756834843,2.5497182162741794,43.93125,-5808.72331163776,263.48258853762763,-2508.5121516208455,8049.221715592425,0.022323183492718047,26.358756,-9178.122523955899,0.0,-2335.0558458117175,11557.504306137924,-10.56242027698484,0.0,-9165.785064843836,1494.1314915615658,-971.0495544864542,0.0,28.593562254565345,0.0,0.0,0.0,0.0,0.0,0.0,0.0,0.0,0.0,0.0,0.0,0.0,0.0,0.0,21.500051764851122,19.0834675915379,21.821955772869753,2.2969438074439386,-17.290250002300976,-17.290250002300976,-17.290250002300976,-17.290250002300976,-17.290250002300976,-17.290250002300976,-17.290250002300976,-17.290250002300976,32.888239924557006,32.84412767811181,32.78424610189951,32.590453284525,32.391806706659885,32.391807305856354,21.500051764850305,32.62648393026682,32.46436609706995,34.000759166151965,19.08346759153704,32.694508937626665,32.60326109501812,32.60326109501773,21.821955772868396,19.431240693446178,17.098544702619034,19.53527842494679,18.68395094901003,18.683948665499493,18.683948665446156,18.683948665392833,-17.290250002300976,10.479647490740147,11.203942575166945,11.203942575166945,32.888239845040495,0.0,0.0,0.0,0.022787351361340073,0.0,0.0,0.0,0.0,0.023268592492140087,0.0,0.09447550185089555,0.03409103655816639,0.0,0.2319708892999339,2.234180887208869,2.2341808868272337,2.234180887208873,2.2343617537452674,2.2341808872088706,2.189380033155126,0.04480085405451755,2.2341808872088698,2.23418088720887,2.2341808872088698,2.2341808872088698,0.5457457512462567,0.6740758466400496,0.7102619744222488,0.6740758466392945,0.0,0.5639172564703337,0.5457547135758016,0.5457547135725245,0.018162542894791613,0.5234671031655824,0.644439117694445,0.6800365327065425,0.0,0.5415745884607411,0.5234661301660666,0.5234661301671131,0.018108458294661046,0.6444391176946106,0.7964136527092147,0.8438823800801237,0.7964136527097191,0.0,1.083888188222379,1.062053558792642,0.021834629432622658,1.0620535587897757,1.0620535587708035,0.0,712787.5045435753,0.0,0.0,0.0,0.0,0.0,1505107.2909725076,0.0,0.0,0.0,0.0,0.0,1401033.5074870307,0.0,0.0,0.0,0.0,0.0,582629.7326918725,8664.517346109005,5198710.407665404,0.0,0.0,21.511520292391047,4185580.6541009084,0.0,19.083563574009403,4829533.029355457,0.0,21.790235697394838,6934502.583682755,0.0,2.411529212079272,0.0,0.0,60945.019119973585,1250.0,1000.0,0.0 
 01/21  07:50:00,43.93125,-5659.248410939288,-21.517800162066578,-1186.865488658705,6830.525631389973,2.3444752755815244,43.93125,-5708.785986515702,260.312648270595,-2505.6005106877915,7914.1353572600565,0.3469783099186932,26.358756,-8985.477826148492,0.0,-2333.2904147858517,11296.244300643522,-4.353275959864052,0.0,-9118.44869468644,1491.4190401865942,-977.3234218313578,0.0,8.051757604776444,0.0,0.0,0.0,0.0,0.0,0.0,0.0,0.0,0.0,0.0,0.0,0.0,0.0,0.0,21.5115239378847,19.08356716245097,21.79024263955914,2.411529212079272,-17.290250002300976,-17.290250002300976,-17.290250002300976,-17.290250002300976,-17.290250002300976,-17.290250002300976,-17.290250002300976,-17.290250002300976,32.626065818358626,32.58254539011486,32.52346953265333,32.33226873453443,32.136291073513746,32.13629159661673,21.511523937883876,32.367817097289894,32.20787768236534,33.744270671918386,19.08356716245011,32.43493395956114,32.344911449231766,32.344911449231375,21.79024263955779,19.44261847281688,17.099253374746464,19.506373774548205,18.677466242351926,18.67746397572074,18.67746397571207,18.677463975703397,-17.290250002300976,10.47488842224109,11.199183508125959,11.199183508125959,32.62606578173467,0.0,0.0,0.0,0.022805895351387998,0.0,0.0,0.0,0.0,0.023283063051085653,0.0,0.09449970048405527,0.03409693812353305,0.0,0.23203075462609535,2.2341808872088693,2.2341808868755613,2.2341808872088706,2.2343262235378374,2.234180887208869,2.189473515703003,0.04470737150667273,2.2341808872088698,2.2341808872088698,2.2341808872088693,2.2341808872088698,0.5458102065969743,0.6740721620271746,0.7102587298464431,0.6740721620263819,0.0,0.5639442216224912,0.5458196087139999,0.5458196087105603,0.018124612908762522,0.5235316952829769,0.6444343226394368,0.6800308081717547,0.0,0.5416011870684007,0.5235306085325954,0.5235306085337104,0.018070578535789618,0.644434322639614,0.7964294666668055,0.8438913491907197,0.7964294666673313,0.0,1.083928107010376,1.0621388707239758,0.02178923628940129,1.0621388707209947,1.062138870698259,0.0,712119.2931952231,0.0,0.0,0.0,0.0,0.0,1503360.306412675,0.0,0.0,0.0,0.0,0.0,1399974.2488715108,0.0,0.0,0.0,0.0,0.0,586394.0530988147,8604.414660688066,5162648.79641284,0.0,0.0,21.522069416009888,4098315.378833983,0.0,19.085111914509234,4748481.214356034,0.0,21.77716582136395,6777746.580386114,0.0,2.4437994811624058,0.0,0.0,60222.22256584854,1250.0,1000.0,0.0 
 01/21  08:00:00,43.93125,-5569.923118559007,-24.254269409031167,-1186.5424036162017,6739.8037432619985,2.672916639350444,43.93125,-5627.279386820867,258.609518128186,-2504.47272188449,7830.775575350257,1.0699471261610793,26.358756,-8832.263137958145,0.0,-2332.4796783436223,11136.640616895365,-1.8007435041527997,0.0,-9066.855357448929,1488.644967764567,-980.8898872505317,0.0,8.927050953581594,0.0,0.0,0.0,0.0,0.0,0.0,0.0,0.0,0.0,0.0,0.0,0.0,0.0,0.0,21.52207303911488,19.085115481430854,21.777172719491634,2.4437994811624058,-17.290250002300976,-17.290250002300976,-17.290250002300976,-17.290250002300976,-17.290250002300976,-17.290250002300976,-17.290250002300976,-17.290250002300976,32.4690635987526,32.425836788791976,32.367160571611606,32.177246501932366,31.98259325364865,31.982593750632923,21.522073039114066,32.21255557202368,32.05369726405465,33.59009022630528,19.08511548143,32.279221399964044,32.189806928563385,32.189806928563,21.777172719490284,19.452688164543478,17.100883250659898,19.494396448094196,18.67680290656832,18.67680064452867,18.676800644527653,18.676800644526637,-17.290250002300976,10.474418674792128,11.198713760826147,11.198713760826147,32.46906357682044,0.0,0.0,0.0,0.022813972745213636,0.0,0.0,0.0,0.0,0.023288433828734773,0.0,0.0945112972306087,0.0340989522887834,0.0,0.23203718747549568,2.2341808872088706,2.2341808868762407,2.2341808872088698,2.234306455168343,2.2341808872088738,2.189516668497008,0.04466421871266893,2.2341808872088698,2.2341808872088698,2.234180887208869,2.2341808872088698,0.5458398783032169,0.6740694098872065,0.7102568348765687,0.6740694098864052,0.0,0.5639564536966342,0.5458493836650408,0.5458493836615625,0.018107070031867338,0.5235616736227741,0.6444321386083138,0.6800283672397542,0.0,0.5416135922021408,0.5235605446714657,0.5235605446726007,0.018053047530658336,0.6444321386084946,0.7964366997259172,0.8438956850925954,0.7964366997264474,0.0,1.0839466225964927,1.0621783714798474,0.021768251119667282,1.0621783714768456,1.0621783714634947,0.0,711925.442169721,0.0,0.0,0.0,0.0,0.0,1502683.633130694,0.0,0.0,0.0,0.0,0.0,1399487.8070061733,0.0,0.0,0.0,0.0,0.0,588533.932350319,8575.605016175172,5145363.009705103,0.0,0.0,21.534096874453432,4043882.245957199,0.0,19.089886476743015,4698465.345210156,0.0,21.77175953351262,6681984.370137219,0.0,2.4795824436510663,0.0,0.0,59782.39163330932,1250.0,1000.0,0.0 
 01/21  08:10:00,43.93125,-5495.665426392687,-26.290623964095175,-1186.5770375481577,6667.610873129192,2.9158582262816153,43.93125,-5559.887725542032,257.4100874935584,-2504.186558566108,7764.531858629921,1.598975203385285,26.358756,-8705.890357719187,0.0,-2332.06709426162,11011.011988244065,-0.6744354874644994,0.0,-9037.757690295846,1485.0255850636124,-984.721021870712,0.0,12.658202446620827,0.0,0.0,0.0,0.0,0.0,0.0,0.0,0.0,0.0,0.0,0.0,0.0,0.0,0.0,21.53410048270493,19.089890029383422,21.771766402409828,2.4795824436510663,-17.290250002300976,-17.290250002300976,-17.290250002300976,-17.290250002300976,-17.290250002300976,-17.290250002300976,-17.290250002300976,-17.290250002300976,32.34773551886362,32.30474880584977,32.24639913018085,32.05753739957856,31.863965973050046,31.863966461162253,21.534100482704112,32.09265080264163,31.934675551486812,33.47106850446183,19.089890029382566,32.1589477029468,32.07003010824982,32.07003010824943,21.77176640240849,19.46414549088463,17.105538819450775,19.489550548283237,18.680191952018752,18.680189694495407,18.680189694499255,18.680189694503103,-17.290250002300976,10.477061757852901,11.201356843124895,11.201356843124895,32.3477355019149,0.0,0.0,0.0,0.02282127765105964,0.0,0.0,0.0,0.0,0.02329374000956214,0.0,0.0945178724269396,0.03410133138925028,0.0,0.23205906510125254,2.2341808872088693,2.2341808868605977,2.2341808872088675,2.234293740081123,2.234180887208872,2.1895423938661183,0.04463849334355713,2.2341808872088698,2.2341808872088698,2.234180887208871,2.2341808872088698,0.545857429913029,0.6740665173497068,0.7102552881746518,0.6740665173489054,0.0,0.5639635937449041,0.5458669308091488,0.5458669308056714,0.018096662936028948,0.5235794900375669,0.6444303657378928,0.6800270164275867,0.0,0.5416209818780641,0.5235783397869529,0.5235783397880929,0.018042642091094362,0.6444303657380746,0.7964408106832219,0.8438985826066788,0.7964408106837509,0.0,1.0839578182414156,1.0622020464009356,0.021755771843492554,1.0622020463979431,1.0622020463822657,0.0,711946.2225288947,0.0,0.0,0.0,0.0,0.0,1502511.935139665,0.0,0.0,0.0,0.0,0.0,1399240.256556972,0.0,0.0,0.0,0.0,0.0,590832.6131224271,8552.932782331587,5131759.669398952,0.0,0.0,21.547218093680495,4000566.523877516,0.0,19.097021963009524,4658719.115177952,0.0,21.769734721349913,6606607.19294644,0.0,2.530330600148331,0.0,0.0,59434.034163686956,1250.0,1000.0,0.0 
 01/21  08:20:00,43.93125,-5432.753292363825,-27.916708250847478,-1186.745763411579,6606.239384630961,2.8721136659442292,43.93125,-5502.834917211938,256.4835187680769,-2504.2295023045376,7708.285227923846,1.7150866708576762,26.358756,-8599.272699220672,0.0,-2331.824142260063,10904.639426507214,-0.15559029357729504,0.0,-9015.002950570433,1481.9328680400392,-988.4458498467828,0.0,11.807430008975436,0.0,0.0,0.0,0.0,0.0,0.0,0.0,0.0,0.0,0.0,0.0,0.0,0.0,0.0,21.547221690069442,19.097025504238268,21.769741566869886,2.530330600148331,-17.290250002300976,-17.290250002300976,-17.290250002300976,-17.290250002300976,-17.290250002300976,-17.290250002300976,-17.290250002300976,-17.290250002300976,32.24608909549614,32.20333428752547,32.14529987487244,31.957454358503337,31.764926869062442,31.764927352275787,21.547221690068632,31.99237879529009,31.835255628275107,33.37164857612807,19.097025504237415,32.05831947714712,31.96988151825689,31.96988151825651,21.769741566868554,19.476696118796713,17.11247385486526,19.487913885854905,18.685896705092173,18.685894453848697,18.685894453855248,18.685894453861792,-17.290250002300976,10.481480425388144,11.205775509377439,11.205775509377439,32.24608908129682,0.0,0.0,0.0,0.022829495405122864,0.0,0.0,0.0,0.0,0.023300364390407436,0.0,0.09452242871463144,0.03410460898769955,0.0,0.23210078132301207,2.2341808872088706,2.2341808868701722,2.234180887208868,2.234283943263161,2.2341808872088684,2.1895621265987333,0.04461876061093274,2.2341808872088698,2.23418088720887,2.234180887208869,2.2341808872088698,0.5458708864124667,0.6740634646435225,0.710253863555098,0.6740634646427299,0.0,0.5639690211385073,0.5458802804438225,0.5458802804403824,0.018088740694954985,0.5235930570644524,0.644428523255969,0.6800260239207502,0.0,0.5416266127058897,0.5235918925400546,0.5235918925411889,0.018034720165817975,0.6444285232561503,0.7964436867248412,0.8439009997330688,0.7964436867253624,0.0,1.083966492752627,1.062220251912017,0.021746240843578537,1.0622202519090684,1.0622202518878499,0.0,712047.4580469474,0.0,0.0,0.0,0.0,0.0,1502537.7013827225,0.0,0.0,0.0,0.0,0.0,1399094.485356038,0.0,0.0,0.0,0.0,0.0,593067.5099080697,8531.373838072857,5118824.302843714,0.0,0.0,21.56014303136999,3963743.6307785753,0.0,19.104675801460456,4624971.136754308,0.0,21.769267603848384,6542783.655904331,0.0,2.577676044037252,0.0,0.0,59135.96967506912,1250.0,1000.0,0.0 
 01/21  08:30:00,43.93125,-5378.4666289734305,-29.27004851999891,-1186.9399332878781,6553.277190399532,2.67846432746553,43.93125,-5453.516455133776,255.72966320925502,-2504.3647160821783,7659.794228755875,1.659191102192857,26.358756,-8507.782556665474,0.0,-2331.6523026379,10813.15127684345,0.0646165299396009,0.0,-8991.12612101557,1479.3954996009697,-991.702531213388,0.0,10.218470525982513,0.0,0.0,0.0,0.0,0.0,0.0,0.0,0.0,0.0,0.0,0.0,0.0,0.0,0.0,21.56014661773748,19.10467933304753,21.769274429613354,2.577676044037252,-17.290250002300976,-17.290250002300976,-17.290250002300976,-17.290250002300976,-17.290250002300976,-17.290250002300976,-17.290250002300976,-17.290250002300976,32.1592389939783,32.1166881940358,32.058931093462036,31.871979507564873,31.680370191647068,31.680370671176444,21.560146617736674,31.90673771683512,31.750363976858786,33.28675692085993,19.104679333046686,31.972365050897032,31.884348977004663,31.884348977004283,21.769274429612025,19.489043576571977,17.11987514429584,19.487708246948753,18.69219946681682,18.692197221295455,18.69219722130277,18.692197221310085,-17.290250002300976,10.486350043903517,11.210645126475653,11.210645126475653,32.159238981845924,0.0,0.0,0.0,0.02283714944990171,0.0,0.0,0.0,0.0,0.023306641550810133,0.0,0.09452612719103763,0.034107786121817495,0.0,0.23214105783892625,2.234180887208869,2.2341808868795203,2.2341808872088733,2.234275433040417,2.2341808872088658,2.1895786204150443,0.044602266794600644,2.2341808872088693,2.23418088720887,2.2341808872088698,2.2341808872088698,0.5458822185443164,0.6740605412779481,0.7102525859622537,0.674060541277173,0.0,0.5639735381902735,0.5458914037265672,0.5458914037232009,0.01808213446397006,0.5236043752659418,0.6444267642244225,0.6800252190336293,0.0,0.5416313136483621,0.5236032000195517,0.5236032000206708,0.018028113628792534,0.6444267642246014,0.7964459042739819,0.8439030822130328,0.7964459042744905,0.0,1.083973768574748,1.0622354838579222,0.02173828471971525,1.062235483855052,1.0622354838335941,0.0,712163.9599727269,0.0,0.0,0.0,0.0,0.0,1502618.8296493068,0.0,0.0,0.0,0.0,0.0,1398991.38158274,0.0,0.0,0.0,0.0,0.0,595021.5187280329,8512.613140873866,5107567.884524319,0.0,0.0,21.572197011302038,3931966.3142397185,0.0,19.11208038492464,4595876.537253526,0.0,21.76946159751716,6487890.766106071,0.0,2.618656166485687,0.0,0.0,58878.194241822384,1250.0,1000.0,0.0 
 01/21  08:40:00,43.93125,-5330.985289546693,-30.445622896456825,-1187.13413025401,6506.986028468648,2.4652410618786886,43.93125,-5410.308466147849,255.07043107234995,-2504.539431900128,7617.388647191236,1.5853100386818162,26.358756,-8428.203574631729,0.0,-2331.51827252591,10733.505386318893,0.14702405809193683,0.0,-8968.91912175157,1476.9767522689099,-994.6902156061609,0.0,9.731257087797959,0.0,0.0,0.0,0.0,0.0,0.0,0.0,0.0,0.0,0.0,0.0,0.0,0.0,0.0,21.572200589046922,19.11208390821587,21.769468406285057,2.6186561664856876,-17.290250002300976,-17.290250002300976,-17.290250002300976,-17.290250002300976,-17.290250002300976,-17.290250002300976,-17.290250002300976,-17.290250002300976,32.0839135000193,32.04153938525435,31.9840224481581,31.797845076918318,31.607030929061747,31.607031405720367,21.572200589046112,31.832459321792008,31.676734609737576,33.21312755073716,19.11208390821502,31.897815270114307,31.810164569810414,31.810164569810038,21.76946840628372,19.500542214278102,17.12701046106684,19.48808668809379,18.698341394520842,18.698339153856562,18.69833915386375,18.698339153870936,-17.290250002300976,10.491090613319036,11.215385694510164,11.215385694510164,32.08391348949684,0.0,0.0,0.0,0.022843936732572588,0.0,0.0,0.0,0.0,0.023312227019361583,0.0,0.09452927133344083,0.03411062394790176,0.0,0.23217614387930444,2.2341808872088693,2.2341808868882636,2.2341808872088684,2.234267986489597,2.2341808872088698,2.1895927045913592,0.044588182618257574,2.2341808872088698,2.2341808872088698,2.2341808872088698,2.2341808872088698,0.5458920027420944,0.6740578589196513,0.7102514525242707,0.674057858918901,0.0,0.5639773819699389,0.5459008848831978,0.5459008848799385,0.018076497086996178,0.5236140314257661,0.6444251454215506,0.6800245364971091,0.0,0.5416353236286268,0.5236128479399635,0.5236128479410584,0.018022475688645075,0.6444251454217264,0.7964477192269167,0.8439048981875342,0.7964477192274062,0.0,1.0839799989911978,1.0622485059362305,0.021731493057745608,1.062248505933471,1.062248505928969,0.0,712280.4781524062,0.0,0.0,0.0,0.0,0.0,1502723.659140077,0.0,0.0,0.0,0.0,0.0,1398910.9635155464,0.0,0.0,0.0,0.0,0.0,596814.1293636966,8496.489424392024,5097893.654635214,0.0,0.0,21.58329183330167,3904191.6170811886,0.0,19.11915542567672,4570433.1883147415,0.0,21.769902998179536,6440103.231791335,0.0,2.6576878933637236,0.0,0.0,58653.158801656034,1250.0,1000.0,0.0 
 01/21  08:50:00,43.93125,-5289.01831744447,-31.49714205240116,-1187.32944561157,6466.093341696792,2.270655810370411,43.93125,-5372.057902046429,254.46630916306094,-2504.7505826665365,7579.8848336218725,1.511084844170287,26.358756,-8358.209847979562,0.0,-2331.4122847216786,10663.434336217379,0.17506265502439178,0.0,-8949.599760141811,1474.602485875142,-997.5436129025661,0.0,9.467581661575364,0.0,0.0,0.0,0.0,0.0,0.0,0.0,0.0,0.0,0.0,0.0,0.0,0.0,0.0,21.583295403529494,19.119158941734753,21.76990979212511,2.657687893363724,-17.290250002300976,-17.290250002300976,-17.290250002300976,-17.290250002300976,-17.290250002300976,-17.290250002300976,-17.290250002300976,-17.290250002300976,32.017756340213666,31.975541921665602,31.918242039333975,31.73276440869198,31.542668851728543,31.54266932610217,21.58329540352869,31.76724853353861,31.612110338030345,33.14850327664087,19.119158941733907,31.83235921072161,31.745038717974655,31.745038717974275,21.769909792123777,19.5111317282719,17.13382696710136,19.488684879247177,18.704172162255915,18.70416992622044,18.704169926227298,18.704169926234158,-17.290250002300976,10.49558982736678,11.219884907246874,11.219884907246874,32.017756330971956,0.0,0.0,0.0,0.022850222059808988,0.0,0.0,0.0,0.0,0.023317479403017025,0.0,0.09453192311966126,0.034113292178788196,0.0,0.23221030091430017,2.2341808872088715,2.2341808869031436,2.2341808872088706,2.2342614260094327,2.234180887208866,2.1896048976723144,0.04457598953726338,2.2341808872088698,2.2341808872088698,2.2341808872088698,2.2341808872088698,0.5459005882398734,0.674055394987795,0.7102504291251839,0.6740553949870778,0.0,0.5639806986162562,0.5459090727041209,0.5459090727010022,0.018071625912378753,0.5236223652309391,0.6444236363268364,0.6800239357203484,0.0,0.5416387795404966,0.5236211754172126,0.5236211754182747,0.018017604123265297,0.6444236363270075,0.7964492785080978,0.8439065223633797,0.7964492785085625,0.0,1.083985419514054,1.0622598001395667,0.021725619377120885,1.0622598001369508,1.062259800123671,0.0,712397.667366942,0.0,0.0,0.0,0.0,0.0,1502850.3495999216,0.0,0.0,0.0,0.0,0.0,1398847.370833007,0.0,0.0,0.0,0.0,0.0,598526.1677415397,8481.95305188772,5089171.831132632,0.0,0.0,21.593511278345748,3879656.0050180745,0.0,19.125899364262683,4547930.900173124,0.0,21.770428578214506,6398060.60173043,0.0,2.6956672565903808,0.0,0.0,58454.56696797077,1250.0,1000.0,0.0 
 01/21  09:00:00,43.93125,-5251.566055163869,-32.45152433366184,-1187.5234228756185,6429.623761887788,2.095236289632559,43.93125,-5337.854197010356,253.90332931371404,-2504.986278000479,7546.398805970188,1.4331057865003543,26.358756,-8296.035980581837,0.0,-2331.326944028455,10601.18074809994,0.1809876602583734,0.0,-8932.065506882922,1472.349057230119,-1000.2421861917279,0.0,8.971271263963223,0.0,0.0,0.0,0.0,0.0,0.0,0.0,0.0,0.0,0.0,0.0,0.0,0.0,0.0,21.593514841944216,19.125902873940653,21.7704353590832,2.6956672565903808,-17.290250002300976,-17.290250002300976,-17.290250002300976,-17.290250002300976,-17.290250002300976,-17.290250002300976,-17.290250002300976,-17.290250002300976,31.95902728717627,31.916959611893216,31.859859163956934,31.675024483860586,31.48558911551851,31.485589588039872,21.593514841943417,31.709389044261965,31.554789688630454,33.09118262530445,19.125902873939808,31.774274366859363,31.687257265027792,31.687257265027416,21.77043535908187,19.520895296858825,17.140327859141657,19.489355356305364,18.709668030273573,18.70966579876689,18.70966579877337,18.709665798779856,-17.290250002300976,10.499830310420618,11.224125389064975,11.224125389064975,31.95902727897221,0.0,0.0,0.0,0.02285612289753126,0.0,0.0,0.0,0.0,0.023322490890722407,0.0,0.09453417477054764,0.03411582935612316,0.0,0.23224421974546014,2.2341808872088693,2.234180886922986,2.234180887208872,2.2342556034082515,2.234180887208867,2.1896155844458582,0.04456530276366924,2.2341808872088698,2.2341808872088698,2.2341808872088698,2.2341808872088698,0.5459082412216913,0.6740531198912224,0.7102494935153413,0.6740531198905467,0.0,0.5639835950621207,0.5459162292262273,0.5459162292232841,0.01806736583612226,0.5236296409923905,0.6444222176528611,0.6800233939998014,0.0,0.5416417901999933,0.5236284462936184,0.523628446294639,0.018013343906355252,0.6444222176530264,0.7964506598275088,0.8439079996937666,0.7964506598279429,0.0,1.0839901991823482,1.0622697217765387,0.021720477408263553,1.0622697217741008,1.06226972177162,0.0,712514.0537253711,0.0,0.0,0.0,0.0,0.0,1502991.7668002872,0.0,0.0,0.0,0.0,0.0,1398796.1664170725,0.0,0.0,0.0,0.0,0.0,600145.3117150366,8468.605906401397,5081163.543840839,0.0,0.0,21.60294152184404,3857774.2571326736,0.0,19.132295423987003,4527839.283582113,0.0,21.770971947535923,6360708.448859963,0.0,2.7316603581675842,0.0,0.0,58277.57916729418,1250.0,1000.0,0.0 
 01/21  09:10:00,43.93125,-5218.049872535689,-33.31553122564901,-1187.7092391338074,6396.97519192595,1.9196057206242905,43.93125,-5307.011213496165,253.3665051212388,-2505.2383972029083,7516.305222384923,1.375410912257492,26.358756,-8240.534575718784,0.0,-2331.2557524506956,10545.602310847533,0.1764743216119479,0.0,-8915.680598539471,1470.220746377625,-1002.7738762960457,0.0,8.453263011567955,0.0,0.0,0.0,0.0,0.0,0.0,0.0,0.0,0.0,0.0,0.0,0.0,0.0,0.0,21.602945079546785,19.132298927990334,21.77097871677193,2.7316603581675842,-17.290250002300976,-17.290250002300976,-17.290250002300976,-17.290250002300976,-17.290250002300976,-17.290250002300976,-17.290250002300976,-17.290250002300976,31.906621613980207,31.864688030319776,31.80776981332813,31.623522628828592,31.434690458216416,31.434690929160503,21.602945079545982,31.657777933952506,31.50367089714732,33.04006383217241,19.132298927989485,31.72245734688421,31.63571745900863,31.635717459008262,21.770978716770607,19.529909210344353,17.146492941139293,19.490032336205164,18.714817717626516,18.714815490419955,18.714815490426062,18.714815490432166,-17.290250002300976,10.503803501981016,11.228098579467476,11.228098579467476,31.90662160665948,0.0,0.0,0.0,0.022861608488306744,0.0,0.0,0.0,0.0,0.023327202376544103,0.0,0.09453612774958682,0.03411819900382725,0.0,0.23227674425621966,2.234180887208871,2.234180886913422,2.2341808872088693,2.2342503668261853,2.234180887208872,2.1896250574339353,0.04455582977553683,2.2341808872088698,2.2341808872088698,2.2341808872088698,2.2341808872088698,0.54591516575849,0.6740510176271377,0.7102486351649147,0.674051017626511,0.0,0.5639861532990387,0.5459225577767177,0.545922557773985,0.018063595522532602,0.5236360679272456,0.6444208830203966,0.6800228976510868,0.0,0.5416444430858146,0.5236348694242327,0.5236348694252027,0.018009573661561924,0.6444208830205548,0.7964519059543351,0.8439093543929046,0.7964519059547325,0.0,1.0839944610478127,1.06227853788349,0.021715923166563175,1.062278537881265,1.0622785378643849,0.0,712625.5434802843,0.0,0.0,0.0,0.0,0.0,1503143.0383217451,0.0,0.0,0.0,0.0,0.0,1398753.4514704174,0.0,0.0,0.0,0.0,0.0,601664.3257776274,8456.422248392837,5073853.349035703,0.0,0.0,21.6115815401968,3838185.11515557,0.0,19.138434116041392,4509783.133430954,0.0,21.771501767660183,6327361.386508519,0.0,2.7655793595251743,0.0,0.0,58119.11493214122,1250.0,1000.0,0.0 
 01/21  09:20:00,43.93125,-5187.383325885106,-34.118374823867725,-1187.8906441104496,6367.211077683109,1.7951132909307659,43.93125,-5278.920518210843,252.8615904323308,-2505.493869029983,7488.873223453604,1.2974092854760817,26.358756,-8190.126137127516,0.0,-2331.195476500836,10495.124626540457,0.1676323551873336,0.0,-8900.420006916336,1468.19341906771,-1005.1578934847449,0.0,8.015159842608295,0.0,0.0,0.0,0.0,0.0,0.0,0.0,0.0,0.0,0.0,0.0,0.0,0.0,0.0,21.611585092597426,19.13843761494083,21.77150852643275,2.7655793595251743,-17.290250002300976,-17.290250002300976,-17.290250002300976,-17.290250002300976,-17.290250002300976,-17.290250002300976,-17.290250002300976,-17.290250002300976,31.85903817839744,31.817228142633233,31.760477819229564,31.576771931140204,31.388495479357022,31.38849594909664,21.611585092596627,31.610926566169297,31.457273087810407,32.99366602157646,19.138437614939992,31.675416268944513,31.58893178364245,31.588931783642078,21.771508526431425,19.538172220636163,17.152406512187657,19.490686414233117,18.71963489973272,18.719632676583466,18.719632676589203,18.71963267659494,-17.290250002300976,10.507520090363428,11.231815166766754,11.231815166766754,31.85903817175035,0.0,0.0,0.0,0.022866685556962862,0.0,0.0,0.0,0.0,0.023331638099966915,0.0,0.09453783537518719,0.03412040337123071,0.0,0.23230767475681877,2.234180887208869,2.234180886921792,2.234180887208871,2.234245644869302,2.23418088720887,2.189633499477143,0.04454738773225974,2.2341808872088698,2.2341808872088693,2.2341808872088693,2.2341808872088698,0.545921491606479,0.6740490957594648,0.710247859087984,0.6740490957588963,0.0,0.5639884315837752,0.5459281915659041,0.5459281915634161,0.018060240018062907,0.5236417677279215,0.6444196011308021,0.6800224249173887,0.0,0.5416467851600933,0.5236405662459304,0.5236405662468415,0.018006218914141923,0.6444196011309516,0.7964530420180784,0.8439106032035295,0.7964530420184333,0.0,1.0839982827321575,1.0622864152764093,0.021711867457739977,1.0622864152744305,1.0622864152725568,0.0,712734.3864662697,0.0,0.0,0.0,0.0,0.0,1503296.3214179901,0.0,0.0,0.0,0.0,0.0,1398717.2859005015,0.0,0.0,0.0,0.0,0.0,603094.7360908469,8445.208570004954,5067125.142002972,0.0,0.0,21.61966144783728,3820326.646609865,0.0,19.14422478833263,4493323.934072162,0.0,21.77200504284495,6297074.7759242775,0.0,2.79774420640186,0.0,0.0,57974.925484055784,1250.0,1000.0,0.0 
 01/21  09:30:00,43.93125,-5159.316080885273,-34.87184354181454,-1188.0663520389107,6339.960772396121,1.6866076902669755,43.93125,-5253.122419691746,252.38259941761498,-2505.748596345034,7463.758244228505,1.2306644481611722,26.358756,-8144.160062626583,0.0,-2331.1429641150166,10449.097230121784,0.15802108457751754,0.0,-8886.234389020663,1466.2594977908923,-1007.4141980650434,0.0,7.61736358719336,0.0,0.0,0.0,0.0,0.0,0.0,0.0,0.0,0.0,0.0,0.0,0.0,0.0,0.0,21.61966499541636,19.144228282590422,21.772011792100695,2.79774420640186,-17.290250002300976,-17.290250002300976,-17.290250002300976,-17.290250002300976,-17.290250002300976,-17.290250002300976,-17.290250002300976,-17.290250002300976,31.8156543443176,31.773958803278486,31.717364065530486,31.53415979655515,31.34639830040846,31.346398769098712,21.61966499541556,31.5682211400549,31.41498794882399,32.9513808814933,19.14422828258958,31.63253504221592,31.54628723336298,31.54628723336261,21.772011792099374,19.545901539766422,17.157985505944715,19.49130716087537,18.724160761820517,18.72415854252463,18.724158542530056,18.72415854253547,-17.290250002300976,10.511012056941013,11.235307132326712,11.235307132326712,31.81565433825717,0.0,0.0,0.0,0.022871447925004666,0.0,0.0,0.0,0.0,0.023335816417947554,0.0,0.09453935923218267,0.034122470947701496,0.0,0.2323371994820095,2.234180887208869,2.2341808868932023,2.234180887208868,2.2342413221972515,2.2341808872088724,2.1896411565171894,0.04453973069213621,2.2341808872088698,2.2341808872088698,2.2341808872088706,2.2341808872088698,0.5459273918412962,0.6740472923345879,0.710247131508181,0.6740472923340861,0.0,0.5639904890566153,0.5459332889089664,0.545933288906762,0.01805720014781713,0.523646925223635,0.644418398707429,0.6800219891675917,0.0,0.5416489011005488,0.5236457214130555,0.5236457214138976,0.01800317968747128,0.6444183987075688,0.7964540932614229,0.8439117665331247,0.7964540932617284,0.0,1.084001766359083,1.0622935753188703,0.021708191041916746,1.0622935753171774,1.062293575307946,0.0,712839.8112233464,0.0,0.0,0.0,0.0,0.0,1503449.1578070207,0.0,0.0,0.0,0.0,0.0,1398685.7784690103,0.0,0.0,0.0,0.0,0.0,604448.518839026,8434.822209132726,5060893.325479636,0.0,0.0,21.62725316107788,3803976.463437672,0.0,19.1497176644207,4478254.946537104,0.0,21.77247946330143,6269458.338073073,0.0,2.828316083029584,0.0,0.0,57843.171486484316,1250.0,1000.0,0.0 
 01/21  09:40:00,43.93125,-5133.426857202525,-35.57905873992058,-1188.2360421929577,6314.847800105538,1.5852953995339607,43.93125,-5229.270692534983,251.92279807268915,-2506.004435174224,7440.579558332331,1.1791381784079165,26.358756,-8101.931672050826,0.0,-2331.0970096168057,10406.814146348563,0.14874591172620713,0.0,-8872.972945734333,1464.4191227337938,-1009.5503829893967,0.0,7.232400289230148,0.0,0.0,0.0,0.0,0.0,0.0,0.0,0.0,0.0,0.0,0.0,0.0,0.0,0.0,21.627256704246975,19.14972115443273,21.772486203851276,2.828316083029584,-17.290250002300976,-17.290250002300976,-17.290250002300976,-17.290250002300976,-17.290250002300976,-17.290250002300976,-17.290250002300976,-17.290250002300976,31.7758016516589,31.73421280441846,31.677763046793874,31.495026210732732,31.30774454831753,31.307745016124642,21.627256704246182,31.52900062007024,31.376159049018035,32.9125519807645,19.149721154431887,31.59315070583857,31.507123438464557,31.507123438464184,21.772486203849954,19.553165384740748,17.163277735782554,19.49189324405949,18.72843165964998,18.728429444020914,18.728429444026055,18.72842944403119,-17.290250002300976,10.514307428176362,11.238602502601758,11.238602502601758,31.775801646091743,0.0,0.0,0.0,0.02287593116554031,0.0,0.0,0.0,0.0,0.02333976674571476,0.0,0.09454072472623874,0.03412441536777427,0.0,0.232365432206023,2.234180887208869,2.2341808869246313,2.2341808872088667,2.2342373558979607,2.234180887208873,2.1896481302716566,0.0445327569375827,2.2341808872088698,2.2341808872088693,2.23418088720887,2.2341808872088698,0.5459329452616493,0.6740455926927771,0.7102464464603856,0.6740455926923521,0.0,0.5639923541699232,0.5459379192920288,0.5459379192901506,0.01805443487803625,0.5236516101848536,0.6444172632794942,0.6800215840807259,0.0,0.5416508195485132,0.5236504045660737,0.5236504045668365,0.018000414982416883,0.6444172632796229,0.7964550730411001,0.8439128566677804,0.7964550730413491,0.0,1.0840049565524743,1.0623001118926605,0.021704844661187758,1.0623001118912956,1.0623001118755913,0.0,712941.6253157748,0.0,0.0,0.0,0.0,0.0,1503602.6611045343,0.0,0.0,0.0,0.0,0.0,1398658.2057700835,0.0,0.0,0.0,0.0,0.0,605730.229793638,8425.149501063148,5055089.700637889,0.0,0.0,21.634389022894432,3788908.680063322,0.0,19.15498065591545,4464347.734999397,0.0,21.772926037949265,6244088.487809136,0.0,2.8573459835958435,0.0,0.0,57721.89528796251,1250.0,1000.0,0.0 
 01/21  09:50:00,43.93125,-5109.376226633853,-36.24538278801356,-1188.3997457388882,6291.546552825162,1.4965676228283598,43.93125,-5207.073630147577,251.47931416382767,-2506.2599579576645,7419.037676705963,1.1345802757406152,26.358756,-8062.8616843070395,0.0,-2331.0562165684883,10367.695090663789,0.1400774748975181,0.0,-8860.512668913343,1462.6695637007049,-1011.5737796104985,0.0,6.866482148956227,0.0,0.0,0.0,0.0,0.0,0.0,0.0,0.0,0.0,0.0,0.0,0.0,0.0,0.0,21.634392562000023,19.154984142015017,21.772932770476125,2.8573459835958435,-17.290250002300976,-17.290250002300976,-17.290250002300976,-17.290250002300976,-17.290250002300976,-17.290250002300976,-17.290250002300976,-17.290250002300976,31.738932187527535,31.697443147769885,31.64112900901059,31.458829431176287,31.27199660658003,31.27199707364025,21.63439256199922,31.492722516315293,31.34024726481549,32.8766401957817,19.15498414201418,31.556719364238514,31.47089839717554,31.470898397175166,21.772932770474803,19.559994372581475,17.168347021367214,19.492445925587507,18.732477342750823,18.732475130604993,18.73247513060988,18.732475130614766,-17.290250002300976,10.517429128307548,11.241724201823274,11.241724201823274,31.73893218237712,0.0,0.0,0.0,0.022880154260781712,0.0,0.0,0.0,0.0,0.023343514465103455,0.0,0.0945419614960674,0.03412624623037439,0.0,0.23239236507538358,2.234180887208869,2.2341808868968216,2.234180887208869,2.234233701709012,2.2341808872088715,2.189654530648255,0.04452635656088222,2.2341808872088698,2.2341808872088698,2.234180887208869,2.2341808872088698,0.5459382386678077,0.6740439941781174,0.7102458045630141,0.6740439941777796,0.0,0.5639940611980945,0.5459421617376637,0.5459421617361567,0.018051899460542066,0.5236558963601478,0.6444161761136525,0.6800211988172463,0.0,0.5416525696218107,0.5236546893429518,0.5236546893436244,0.017997880278834966,0.644416176113768,0.7964559925950447,0.8439138838286263,0.7964559925952294,0.0,1.084007899827832,1.0623061249250594,0.021701774903771013,1.0623061249240677,1.0623061249164965,0.0,713039.8474433329,0.0,0.0,0.0,0.0,0.0,1503755.9747745984,0.0,0.0,0.0,0.0,0.0,1398633.7299410927,0.0,0.0,0.0,0.0,0.0,606944.2677662991,8416.107746403486,5049664.6478420915,0.0,0.0,21.641125649904062,3774927.9316950976,0.0,19.160044854415265,4451422.606023577,0.0,21.77334658825211,6220617.054398272,0.0,2.884909889461596,0.0,0.0,57609.49237993658,1250.0,1000.0,0.0 
 01/21  10:00:00,43.93125,-5086.893022956934,-36.877060594946215,-1188.5579411110755,6269.784075639111,1.4208110717464393,43.93125,-5186.284944498613,251.05063991222323,-2506.513595611949,7398.891708730973,1.093997872181696,26.358756,-8026.475453779335,0.0,-2331.0195079940436,10331.26456602515,0.1321100437528718,0.0,-8848.776099782379,1461.0062611813044,-1013.4925747544702,0.0,6.524303801759519,0.0,0.0,0.0,0.0,0.0,0.0,0.0,0.0,0.0,0.0,0.0,0.0,0.0,0.0,21.641129185239354,19.160048336884458,21.77335331333413,2.884909889461596,-17.290250002300976,-17.290250002300976,-17.290250002300976,-17.290250002300976,-17.290250002300976,-17.290250002300976,-17.290250002300976,-17.290250002300976,31.704597271452844,31.663201953689303,31.60701516183057,31.42512617838391,31.23871480565249,31.23871527205665,21.641129185238558,31.45894289672933,31.30681161112552,32.843204541438546,19.160048336883623,31.522795854124606,31.437168603938712,31.437168603938336,21.77335331333281,19.566441953034456,17.1732228634529,19.492967320360247,18.73632482511239,18.736322616273043,18.73632261627772,18.736322616282397,-17.290250002300976,10.520397996239284,11.244693068889916,11.244693068889916,31.70459726665649,0.0,0.0,0.0,0.022884142039866752,0.0,0.0,0.0,0.0,0.023347077462542123,0.0,0.09454309306979929,0.03412797316213103,0.0,0.23241802790537222,2.2341808872088698,2.234180889697905,2.2341808872088684,2.233753762779622,2.23418088720887,2.189660447527732,0.044520439679650706,2.2341808872088698,2.2341808872088698,2.23418088720887,2.2341808872088698,0.5459676074237523,0.6740424852034459,0.7102452009909204,0.6740424852053271,0.0,0.5639956351193481,0.5459460776322325,0.5459460776407926,0.01804955748650578,0.5236491863868131,0.6444151298612172,0.6800208294278314,0.0,0.5416541778869747,0.5236586387375892,0.5236586387331147,0.017995539149582553,0.6444151298604248,0.7964568612269809,0.8439148567900389,0.7964568612260808,0.0,1.0840106345237757,1.0623116963747854,0.021698938144434146,1.0623116963793129,1.0623116964170733,0.0,713134.7646666453,0.0,0.0,0.0,0.0,0.0,1503908.1573671694,0.0,0.0,0.0,0.0,0.0,1398611.7047964262,0.0,0.0,0.0,0.0,0.0,608095.5448526822,8407.624435507467,5044574.66130448,0.0,0.0,21.647521406271615,3761870.4453834654,0.0,19.16492799495005,4439335.025238583,0.0,21.773743218714422,6198758.739615088,0.0,2.911102684607397,0.0,0.0,57504.64309142925,1250.0,1000.0,0.0 
 01/21  10:10:00,43.93125,-5065.753422544547,-37.47902339103939,-1188.711005622596,6249.3379625352045,1.3551695073250658,43.93125,-5166.702992267658,250.63518733035494,-2506.7645052703524,7379.941942504323,1.0576334864630956,26.358756,-7992.383432340027,0.0,-2330.986062117488,10297.132205269989,0.1248558965864997,0.0,-8837.697166737651,1459.4253977480369,-1015.3142130759719,0.0,6.202629560426095,0.0,0.0,0.0,0.0,0.0,0.0,0.0,0.0,0.0,0.0,0.0,0.0,0.0,0.0,21.64752493808617,19.164931474029014,21.773749936843906,2.911102684607397,-17.290250002300976,-17.290250002300976,-17.290250002300976,-17.290250002300976,-17.290250002300976,-17.290250002300976,-17.290250002300976,-17.290250002300976,31.672428666012536,31.63112169118702,31.575054934994817,31.393552978801008,31.207538855203662,31.207539321074293,21.647524938085382,31.42729771196078,31.275490636934325,32.8118835666797,19.16493147402818,31.49101504030849,31.40557038543166,31.40557038543129,21.773749936842595,19.57256329568869,17.1779223555771,19.49345987887126,18.73999812333485,18.739995917635106,18.73999591763959,18.73999591764408,-17.290250002300976,10.523232553066572,11.247527624891267,11.247527624891267,31.6724286615188,0.0,0.0,0.0,0.022887920022579916,0.0,0.0,0.0,0.0,0.023350471145469977,0.0,0.09454413792571399,0.03412960565811643,0.0,0.23244247959248235,2.234180887208871,2.234180889701041,2.2341808872088715,2.233780869410445,2.23418088720887,2.1896659543601973,0.044514932848173365,2.2341808872088698,2.2341808872088698,2.2341808872088693,2.2341808872088698,0.5459605937434386,0.6740410528035435,0.710244629940887,0.6740410528045369,0.0,0.5639970969178176,0.5459497176683283,0.5459497176731191,0.018047379249186483,0.5236528454165258,0.6444141210471971,0.6800204743429831,0.0,0.5416556659498523,0.5236623040546712,0.523662304051116,0.01799336189538994,0.6444141210465371,0.7964576865258283,0.8439157829249806,0.7964576865255822,0.0,1.0840131914926314,1.0623168927045852,0.021696298787299402,1.062316892705329,1.0623168927144366,0.0,713226.6033735576,0.0,0.0,0.0,0.0,0.0,1504058.7031622115,0.0,0.0,0.0,0.0,0.0,1398591.6372704925,0.0,0.0,0.0,0.0,0.0,609188.5278455832,8399.635417870863,5039781.250722517,0.0,0.0,21.653621804512866,3749602.7775211227,0.0,19.16964889659726,4427965.165502594,0.0,21.774118070720533,6178279.323161992,0.0,2.936006316683489,0.0,0.0,57406.260347775584,1250.0,1000.0,0.0 
 01/21  10:20:00,43.93125,-5045.77136103948,-38.05505746836798,-1188.8592591283739,6230.025935152645,1.2975804994349318,43.93125,-5148.163034913193,250.23146575863984,-2507.0121716832546,7362.022915141993,1.0252584781234573,26.358756,-7960.265095966238,0.0,-2330.955208959527,10264.976729408272,0.1182593503132161,0.0,-8827.21296476415,1457.9236666547479,-1017.0450150363832,0.0,5.89857815681841,0.0,0.0,0.0,0.0,0.0,0.0,0.0,0.0,0.0,0.0,0.0,0.0,0.0,0.0,21.653625333020436,19.169652372491694,21.77412478231927,2.9360063166834895,-17.290250002300976,-17.290250002300976,-17.290250002300976,-17.290250002300976,-17.290250002300976,-17.290250002300976,-17.290250002300976,-17.290250002300976,31.642123472230175,31.600900048200668,31.544946814600458,31.363810890453465,31.178172456831852,31.178172922183457,21.653625333019644,31.39748754271628,31.24598708177005,32.78238001102628,19.16965237249086,31.461076601255808,31.375804634709322,31.37580463470895,21.77412478231795,19.5784014627462,17.182463533985867,19.493926016662567,18.743517633415813,18.743515430697375,18.743515430701702,18.743515430706033,-17.290250002300976,10.525948520599988,11.250243591633335,11.250243591633335,31.642123467996743,0.0,0.0,0.0,0.022891508839259236,0.0,0.0,0.0,0.0,0.02335370943483046,0.0,0.09454511133425135,0.034131151798518784,0.0,0.23246577302953791,2.2341808872088706,2.2341808909020595,2.2341808872088653,2.234416460814916,2.2341808872088738,2.189671111317645,0.04450977588510469,2.2341808872088698,2.23418088720887,2.2341808872088693,2.2341808872088698,0.5460247725943701,0.6740396869449411,0.7102440869628165,0.6740396869510095,0.0,0.5639984612458341,0.5459531207125818,0.5459531207388844,0.018045340531192944,0.5236566402709625,0.6444131456979068,0.680020131725818,0.0,0.541657052538079,0.5236657283572057,0.5236657283484881,0.017991324181009506,0.6444131456965115,0.7964584748624908,0.8439166685198725,0.7964584748585063,0.0,1.0840155975467995,1.062321769851245,0.021693827672924167,1.0623217698737244,1.0623217699959677,0.0,713315.5554770243,0.0,0.0,0.0,0.0,0.0,1504207.303009953,0.0,0.0,0.0,0.0,0.0,1398573.125375716,0.0,0.0,0.0,0.0,0.0,610227.0090218299,8392.087471428315,5035252.482856989,0.0,0.0,21.659463077207963,3738015.5610915874,0.0,19.174225359309425,4417213.749085196,0.0,21.774473118493887,6158986.037644962,0.0,2.9596912104351913,0.0,0.0,57313.44856980924,1250.0,1000.0,0.0 
 01/21  10:30:00,43.93125,-5026.793037622746,-38.60836733416318,-1189.0029651533932,6211.697037354371,1.246910953594934,43.93125,-5130.528981607648,249.83828632206496,-2507.256178356583,7344.998280662526,0.99612281288864,26.358756,-7929.8559913629815,0.0,-2330.926421435827,10234.533069652996,0.1122345158364004,0.0,-8817.269314136789,1456.497650955042,-1018.6906893644946,0.0,5.611337615813598,0.0,0.0,0.0,0.0,0.0,0.0,0.0,0.0,0.0,0.0,0.0,0.0,0.0,0.0,21.659466602592786,19.174228832196683,21.774479823925603,2.9596912104351913,-17.290250002300976,-17.290250002300976,-17.290250002300976,-17.290250002300976,-17.290250002300976,-17.290250002300976,-17.290250002300976,-17.290250002300976,31.61343187742894,31.57228770034369,31.516442140283036,31.335653393926147,31.15037129170747,31.150371756655602,21.659466602591994,31.369265470817886,31.218055822955918,32.754448751788374,19.174228832195848,31.43273286841088,31.347624693479013,31.347624693478647,21.774479823924292,19.58399076456762,17.186863419665485,19.494367931600813,18.74690053723398,18.746898337345993,18.746898337350167,18.746898337354345,-17.290250002300976,10.528559141918173,11.252854212190874,11.252854212190874,31.61343187342091,0.0,0.0,0.0,0.022894925540368833,0.0,0.0,0.0,0.0,0.023356804540522417,0.0,0.09454602545817584,0.03413261836673996,0.0,0.23248795494372868,2.2341808872088698,2.23418089087342,2.2341808872088693,2.23442121422274,2.2341808872088715,2.18967596801133,0.04450491919157072,2.2341808872088693,2.23418088720887,2.2341808872088698,2.2341808872088698,0.5460262130405293,0.6740383801688294,0.7102435690306713,0.6740383801747496,0.0,0.5639997441725773,0.545956322970751,0.5459563229964213,0.018043421199818107,0.5236598978777965,0.6444121998626231,0.6800197996835985,0.0,0.5416583515086816,0.5236689455387721,0.523668945530219,0.017989405970046647,0.6444121998612525,0.7964592311736747,0.8439175184942469,0.7964592311697967,0.0,1.0840178723427836,1.0623263715478868,0.021691500772886653,1.0623263715697502,1.0623263716927558,0.0,713401.779092036,0.0,0.0,0.0,0.0,0.0,1504353.7070139498,0.0,0.0,0.0,0.0,0.0,1398555.8528614964,0.0,0.0,0.0,0.0,0.0,611214.4136186967,8384.936335717786,5030961.8014306715,0.0,0.0,21.665076359459874,3727018.222412623,0.0,19.178671836318713,4406998.968397517,0.0,21.774810078407533,6140719.841791796,0.0,2.9822245698338206,0.0,0.0,57225.468356082565,1250.0,1000.0,0.0 
 01/21  10:40:00,43.93125,-5008.691257178551,-39.14171572540499,-1189.1424267664079,6194.225956514845,1.2021694002320262,43.93125,-5113.6878733989615,249.45468989763822,-2507.4962119497695,7328.755431432371,0.9696301717190738,26.358756,-7900.937371071613,0.0,-2330.8992661793645,10205.582003013516,0.10671386186354007,0.0,-8807.820892493035,1455.1438759258024,-1020.2565312374436,0.0,5.3401880084723805,0.0,0.0,0.0,0.0,0.0,0.0,0.0,0.0,0.0,0.0,0.0,0.0,0.0,0.0,21.66507988188184,19.178675306352712,21.774816777988026,2.982224569833821,-17.290250002300976,-17.290250002300976,-17.290250002300976,-17.290250002300976,-17.290250002300976,-17.290250002300976,-17.290250002300976,-17.290250002300976,31.586147266170737,31.545078449556932,31.489335281527357,31.308876687649512,31.123933437829148,31.12393390242567,21.665079881881052,31.34242735508394,31.191494254011676,32.72788718247418,19.17867530635188,31.405779059142734,31.32082664270089,31.320826642700517,21.774816777986715,19.5893607146122,17.191135883636406,19.49478756059254,18.75016143084774,18.75015923364666,18.750159233650717,18.750159233654767,-17.290250002300976,10.531075668229661,11.255370737769159,11.255370737769159,31.586147262359262,0.0,0.0,0.0,0.02289818507173123,0.0,0.0,0.0,0.0,0.023359767181747912,0.0,0.09454689040424427,0.034134011432887086,0.0,0.23250907362199097,2.2341808872088693,2.2341808908770453,2.2341808872088698,2.2344294022501408,2.2341808872088693,2.189680565197971,0.0445003220051319,2.2341808872088698,2.23418088720887,2.23418088720887,2.2341808872088698,0.5460270130012626,0.6740371256426968,0.7102430731697953,0.6740371256484301,0.0,0.5640009558896063,0.5459593510190757,0.5459593510439481,0.018041604868587514,0.5236629775707037,0.6444112804703171,0.6800194768363201,0.0,0.5416595752714272,0.5236719844566056,0.5236719844482578,0.017987590814959986,0.6444112804689762,0.7964599597854328,0.843918337202413,0.7964599597816905,0.0,1.0840200340491875,1.0623307356728415,0.02168929835512324,1.0623307356939231,1.0623307358041247,0.0,713485.4560598446,0.0,0.0,0.0,0.0,0.0,1504497.7271698616,0.0,0.0,0.0,0.0,0.0,1398539.5597076188,0.0,0.0,0.0,0.0,0.0,612153.9187424661,8378.144124585844,5026886.474751506,0.0,0.0,21.670488325739324,3716535.573908906,0.0,19.183000119986545,4397253.258859422,0.0,21.775130464097025,6123349.201808111,0.0,3.003670743574075,0.0,0.0,57141.70732551003,1250.0,1000.0,0.0 
 01/21  10:50:00,43.93125,-4991.360348252798,-39.65742694278242,-1189.2779137670511,6177.5086685284305,1.1624145550300715,43.93125,-5097.545902371382,249.07986477975192,-2507.732070479118,7313.200893242696,0.9453869073841319,26.358756,-7873.327806557286,0.0,-2330.8734026241873,10177.941699463912,0.10163679846801044,0.0,-8798.828276172964,1453.8589840420145,-1021.747396629579,0.0,5.084018046322469,0.0,0.0,0.0,0.0,0.0,0.0,0.0,0.0,0.0,0.0,0.0,0.0,0.0,0.0,21.670491845338173,19.183003587301855,21.775137158102414,3.0036707435740753,-17.290250002300976,-17.290250002300976,-17.290250002300976,-17.290250002300976,-17.290250002300976,-17.290250002300976,-17.290250002300976,-17.290250002300976,31.5600982664175,31.51910128299385,31.463455713870236,31.283311821281007,31.098691562352034,31.098692026640073,21.670491845337374,31.31680395258323,31.166134452392768,32.70252738052995,19.183003587301016,31.380045378584388,31.29524143055893,31.295241430558566,21.775137158101103,19.59453663107216,17.19529229081237,19.495186632829732,18.75331273181966,18.7533105371692,18.753310537173135,18.75331053717706,-17.290250002300976,10.533507671535824,11.257802740366762,11.257802740366762,31.560098262778627,0.0,0.0,0.0,0.022901300697220475,0.0,0.0,0.0,0.0,0.02336260686603476,0.0,0.09454771425818212,0.03413533643194524,0.0,0.2325291782390361,2.234180887208869,2.2341808908790703,2.234180887208869,2.234440999619949,2.2341808872088715,2.189684936570076,0.044495950633272184,2.2341808872088698,2.23418088720887,2.23418088720887,2.2341808872088698,0.5460271376966667,0.6740359175089079,0.7102425968513837,0.6740359175144109,0.0,0.564002105634959,0.545962227658787,0.5459622276826761,0.018039877974308515,0.5236659031007418,0.6444103850734095,0.6800191621345133,0.0,0.5416607338315429,0.5236748686928978,0.5236748686848005,0.017985865138785615,0.6444103850721052,0.7964606642089229,0.8439191282226469,0.7964606642053481,0.0,1.0840220971152568,1.0623348929715342,0.02168720412347426,1.0623348929916479,1.0623348931027219,0.0,713566.7482602306,0.0,0.0,0.0,0.0,0.0,1504639.242287471,0.0,0.0,0.0,0.0,0.0,1398524.0415745126,0.0,0.0,0.0,0.0,0.0,613048.4379777474,8371.678158957506,5023006.895374503,0.0,0.0,21.67572141521759,3706505.20111706,0.0,19.187220246279196,4387920.5359456185,0.0,21.775435607298455,6106765.019678349,0.0,3.0240896494381087,0.0,0.0,57061.65687857907,1250.0,1000.0,0.0 
 01/21  11:00:00,43.93125,-4974.712217709496,-40.157448813923565,-1189.4096716818312,6161.458590636972,1.1268551875210107,43.93125,-5082.025010175468,248.71311996768145,-2507.9636326049304,7298.256841028151,0.9230674706019869,26.358756,-7846.876381030102,0.0,-2330.848558830716,10151.460919485811,0.09694934398816592,0.0,-8790.25653881237,1452.6397432496576,-1023.1677207592234,0.0,4.841786617357505,0.0,0.0,0.0,0.0,0.0,0.0,0.0,0.0,0.0,0.0,0.0,0.0,0.0,0.0,21.675724932116335,19.18722371099427,21.775442295971903,3.024089649438109,-17.290250002300976,-17.290250002300976,-17.290250002300976,-17.290250002300976,-17.290250002300976,-17.290250002300976,-17.290250002300976,-17.290250002300976,31.53514233925203,31.494213970160786,31.43866162614546,31.258818335205547,31.07450659430162,31.074507058317202,21.67572493211554,31.29225455247315,31.141836840808526,32.67822976865755,19.18722371099344,31.355390642017856,31.270728510292184,31.270728510291814,21.7754422959706,19.599539840528454,17.199342338677226,19.495566683334783,18.75636499515266,18.756362802923398,18.756362802927228,18.75636280293106,-17.290250002300976,10.535863288030493,11.260158356175133,11.260158356175133,31.53514233576585,0.0,0.0,0.0,0.02290428398897878,0.0,0.0,0.0,0.0,0.023365332042984834,0.0,0.09454850358341668,0.034136598190216465,0.0,0.2325483165025838,2.2341808872088706,2.234180890867968,2.2341808872088715,2.2344563458920357,2.2341808872088715,2.1896891100365434,0.04449177716710529,2.2341808872088698,2.2341808872088698,2.23418088720887,2.2341808872088698,0.5460265322618816,0.6740347508088637,0.7102421379346612,0.6740347508140859,0.0,0.5640032010522238,0.5459649717533706,0.5459649717760644,0.018038229297086737,0.5236686937665429,0.644409511606017,0.6800188547201496,0.0,0.5416618354699575,0.5236776177601098,0.5236776177523154,0.017984217709990778,0.644409511604757,0.7964613473541424,0.8439198945537515,0.7964613473507723,0.0,1.0840240735253497,1.0623388689167041,0.021685204589585526,1.0623388689356374,1.0623388690422269,0.0,713645.8030090989,0.0,0.0,0.0,0.0,0.0,1504778.1795629584,0.0,0.0,0.0,0.0,0.0,1398509.1352984295,0.0,0.0,0.0,0.0,0.0,613900.6324555341,8365.510326859601,5019306.196115761,0.0,0.0,21.680794506800005,3696875.154382183,0.0,19.191340798594304,4378954.10461689,0.0,21.775726677686777,6090876.551691487,0.0,3.043537052255437,0.0,0.0,56984.89349516641,1250.0,1000.0,0.0 
 01/21  11:10:00,43.93125,-4958.673243462355,-40.64342564514709,-1189.537925708583,6146.003402407004,1.0948492187469747,43.93125,-5067.060013676333,248.35387316509423,-2508.1908325422555,7283.858320586678,0.902379413939616,26.358756,-7821.457165054688,0.0,-2330.824518108525,10126.013474298923,0.09260489686348457,0.0,-8782.074882063527,1451.4830187396235,-1024.5215866241438,0.0,4.612640852862133,0.0,0.0,0.0,0.0,0.0,0.0,0.0,0.0,0.0,0.0,0.0,0.0,0.0,0.0,21.680798021107744,19.19134426081424,21.77573336124406,3.043537052255437,-17.290250002300976,-17.290250002300976,-17.290250002300976,-17.290250002300976,-17.290250002300976,-17.290250002300976,-17.290250002300976,-17.290250002300976,31.51116055438204,31.47029784682834,31.414834715834157,31.235279092754208,31.051262594719518,31.051263058492864,21.680798021106952,31.268661801366424,31.118485043551857,32.65487797114372,19.19134426081341,31.33169708730882,31.247170670040923,31.247170670040553,21.77573336124275,19.604388312100458,17.20329434333958,19.495929073550972,18.7593272096653,18.759325019734366,18.759325019738096,18.75932501974184,-17.290250002300976,10.53814944676824,11.262444514246834,11.262444514246834,31.511160551031953,0.0,0.0,0.0,0.022907145074395324,0.0,0.0,0.0,0.0,0.023367950252071945,0.0,0.09454926370906441,0.03413780100942599,0.0,0.23256653435740854,2.234180887208869,2.234180890853683,2.2341808872088706,2.234475649479133,2.2341808872088667,2.1896931087776563,0.04448777842636074,2.2341808872088698,2.2341808872088698,2.2341808872088698,2.2341808872088698,0.5460251227680681,0.674033621344496,0.7102416946078276,0.6740336213493803,0.0,0.5640042484862587,0.5459675989530981,0.5459675989743534,0.018036649531511087,0.5236713659170771,0.6444086583124994,0.6800185538858372,0.0,0.54166288705627,0.5236802478429107,0.5236802478354784,0.017982639213505482,0.6444086583112925,0.7964620116380428,0.8439206387149207,0.7964620116349196,0.0,1.0840259732452708,1.0623426846677375,0.021683288559907185,1.0623426846852462,1.0623426847717765,0.0,713722.7554251498,0.0,0.0,0.0,0.0,0.0,1504914.4995253533,0.0,0.0,0.0,0.0,0.0,1398494.710865115,0.0,0.0,0.0,0.0,0.0,614712.9519744862,8359.616327780506,5015769.796668304,0.0,0.0,21.685723590213176,3687602.041444203,0.0,19.19536905539806,4370314.992352008,0.0,21.776004705031696,6075608.084579352,0.0,3.0620653166202105,0.0,0.0,56911.06340755325,1250.0,1000.0,0.0 
 01/21  11:20:00,43.93125,-4943.181716147594,-41.116751351421044,-1189.6628830679024,6131.082500588541,1.0658619217682594,43.93125,-5052.596284438473,248.00163370950509,-2508.4136473990798,7269.950950851135,0.8830756133294305,26.358756,-7796.964724999403,0.0,-2330.8011088873345,10101.493723279564,0.08856429559045567,0.0,-8774.256103731077,1450.3857797661212,-1025.8127726900932,0.0,4.3957977479347266,0.0,0.0,0.0,0.0,0.0,0.0,0.0,0.0,0.0,0.0,0.0,0.0,0.0,0.0,21.685727102027382,19.195372515216768,21.776011383665665,3.062065316620211,-17.290250002300976,-17.290250002300976,-17.290250002300976,-17.290250002300976,-17.290250002300976,-17.290250002300976,-17.290250002300976,-17.290250002300976,31.488053343198644,31.447253575721906,31.39187596013647,31.21259608473262,31.02886259559306,31.028863059149693,21.68572710202659,31.245927501645593,31.09598171290203,32.632374640262725,19.195372515215933,31.308866161484413,31.22446983522288,31.22446983522251,21.776011383664358,19.609097290135455,17.20715538176182,19.49627501608427,18.762207054202428,18.762204866453132,18.762204866456784,18.762204866460443,-17.290250002300976,10.54037206718066,11.26466713401172,11.26466713401172,31.48805333997073,0.0,0.0,0.0,0.022909892903259396,0.0,0.0,0.0,0.0,0.02337046826194795,0.0,0.09454999895348602,0.03413894875988821,0.0,0.23258387628821164,2.2341808872088693,2.234180890870632,2.234180887208869,2.234499325313717,2.2341808872088706,2.18969695210206,0.04448393510239623,2.2341808872088698,2.2341808872088698,2.2341808872088698,2.2341808872088698,0.5460228095988782,0.6740325255277938,0.7102412653188308,0.6740325255322736,0.0,0.5640052532135079,0.5459701222721853,0.5459701222917188,0.018035130939812887,0.5236739330621283,0.6444078237219084,0.6800182590629675,0.0,0.5416638943123635,0.5236827724094475,0.5236827724024465,0.017981121903066558,0.644407823720764,0.7964626590697852,0.8439213628268128,0.796462659066958,0.0,1.0840278045853202,1.0623463578496128,0.021681446719801243,1.0623463578654135,1.0623463579492414,0.0,713797.7298407414,0.0,0.0,0.0,0.0,0.0,1505048.1884394477,0.0,0.0,0.0,0.0,0.0,1398480.6653324007,0.0,0.0,0.0,0.0,0.0,615487.6636140561,8353.974980688221,5012384.9884129325,0.0,0.0,21.690522249003248,3678649.500353124,0.0,19.199311192442142,4361970.570510682,0.0,21.776270601533838,6060896.233967736,0.0,3.0797236846309617,0.0,0.0,56839.870108096235,1250.0,1000.0,0.0 
 01/21  11:30:00,43.93125,-4928.1857323468175,-41.57860925347313,-1189.7847240472042,6116.644933273222,1.039444993203434,43.93125,-5038.587874569019,247.65598629795704,-2508.6320905216844,7256.489029394911,0.8649520681293938,26.358756,-7773.310459967043,0.0,-2330.778198578481,10077.81289997133,0.08479310837363473,0.0,-8766.775964529774,1449.3451137039774,-1027.0447814002846,0.0,4.1905045224926685,0.0,0.0,0.0,0.0,0.0,0.0,0.0,0.0,0.0,0.0,0.0,0.0,0.0,0.0,21.69052575841167,19.199314649944153,21.776277275418153,3.0797236846309617,-17.290250002300976,-17.290250002300976,-17.290250002300976,-17.290250002300976,-17.290250002300976,-17.290250002300976,-17.290250002300976,-17.290250002300976,31.46573703823346,31.424997691687853,31.36970216890543,31.190687007643344,31.007225204108657,31.007225667509033,21.690525758410885,31.223969184673507,31.074245123245536,32.61063805038802,19.199314649943314,31.28681508523679,31.20254364482725,31.202543644826886,21.776277275416845,19.61367974872617,17.210931482549036,19.496605597193852,18.765011109059536,18.76500892338117,18.76500892338475,18.765008923388326,-17.290250002300976,10.542536221946012,11.26683128814659,11.26683128814659,31.465737035116025,0.0,0.0,0.0,0.022912535451584438,0.0,0.0,0.0,0.0,0.02337289217412753,0.0,0.0945507127592591,0.03414004493544697,0.0,0.2326003852056502,2.23418088720887,2.2341808872720796,2.234180887208866,2.234127820604596,2.23418088720887,2.189700656168623,0.04448023104009578,2.2341808872088698,2.2341808872088698,2.23418088720887,2.2341808872088698,0.5459737433230419,0.6740314603586881,0.7102408488067868,0.6740314603587831,0.0,0.5640062204732845,0.5459725534490155,0.5459725534493938,0.01803366702423409,0.5236856213963773,0.6444070065802875,0.6800179697746721,0.0,0.5416648616155447,0.5236852022989095,0.5236852022989226,0.017979659316624447,0.644407006580296,0.7964632912700941,0.8439220686274022,0.7964632912700014,0.0,1.0840295740801629,1.0623499027952812,0.02167967128431729,1.0623499027958416,1.0623499027976824,0.0,713870.8344283227,0.0,0.0,0.0,0.0,0.0,1505179.2543130107,0.0,0.0,0.0,0.0,0.0,1398466.9191470884,0.0,0.0,0.0,0.0,0.0,616226.8688401708,8348.567710018337,5009140.626011002,0.0,0.0,21.695202049380505,3669986.9599639326,0.0,19.203172475182807,4353893.417636946,0.0,21.776525176023856,6046687.739982796,0.0,3.096558394733344,0.0,0.0,56771.06416431843,1250.0,1000.0,0.0 
 01/21  11:40:00,43.93125,-4913.653046647862,-42.02973696398203,-1189.9035764130726,6102.658062088237,1.0147240337357852,43.93125,-5025.0077203773835,247.31683104906938,-2508.8460102977197,7243.44420644962,0.8472506313021286,26.358756,-7750.437695849478,0.0,-2330.755671523736,10054.914151367331,0.08124204963124108,0.0,-8759.66790865289,1448.3655271324124,-1028.216322116552,0.0,3.9736144504625024,0.0,0.0,0.0,0.0,0.0,0.0,0.0,0.0,0.0,0.0,0.0,0.0,0.0,0.0,21.695205556463613,19.203175930445667,21.776531845317812,3.0965583947333446,-17.290250002300976,-17.290250002300976,-17.290250002300976,-17.290250002300976,-17.290250002300976,-17.290250002300976,-17.290250002300976,-17.290250002300976,31.444157998994825,31.403476707700143,31.348260063751084,31.169499254559007,30.986298503089863,30.986298966303707,21.695205556462824,31.202734119360457,31.05322310725187,32.58961603419913,19.203175930444832,31.26549089180079,31.181339449415347,31.18133944941498,21.77653184531651,19.61814675512763,17.2146278068772,19.496921791549337,18.767745031781402,18.767742848068934,18.76774284807244,18.767742848075947,-17.290250002300976,10.544646272771303,11.268941338357163,11.268941338357163,31.44415799598038,0.0,0.0,0.0,0.022915079752556085,0.0,0.0,0.0,0.0,0.02337522751226675,0.0,0.09455140807462244,0.03414109272614121,0.0,0.23261610233201244,2.2341808872088698,2.2341808872558087,2.2341808872088698,2.234271723902365,2.234180887208874,2.1897042344580466,0.044476652750675756,2.2341808872088698,2.2341808872088693,2.2341808872088698,2.2341808872088698,0.5459760725887559,0.6740304230230603,0.7102404437611385,0.6740304230231545,0.0,0.5640071521612503,0.5459748996827773,0.545974899683153,0.018032252478438635,0.5236879308925034,0.6444062058937962,0.6800176857022908,0.0,0.5416657938261735,0.5236875477768392,0.5236875477768439,0.0179782460493242,0.6444062058938027,0.7964639097477612,0.8439227577454326,0.7964639097476716,0.0,1.0840312884709795,1.0623533327083723,0.021677955762060903,1.0623533327089152,1.062353332713918,0.0,713942.1458478436,0.0,0.0,0.0,0.0,0.0,1505307.606178632,0.0,0.0,0.0,0.0,0.0,1398453.4029142414,0.0,0.0,0.0,0.0,0.0,616929.7932699312,8343.380339139736,5006028.203483841,0.0,0.0,21.69977062157746,3661594.837252943,0.0,19.20695478484458,4346066.5238697715,0.0,21.77676908936604,6032948.490820401,0.0,3.1125227047155763,0.0,0.0,56704.482539547775,1250.0,1000.0,0.0 
 01/21  11:50:00,43.93125,-4899.534278541927,-42.47113934875733,-1190.019478887205,6089.075058463079,0.9920468421640058,43.93125,-5011.81020120347,246.98370818821286,-2509.0552950992533,7230.773499928892,0.8307752381031808,26.358756,-7728.2648179267835,0.0,-2330.7333700671165,10032.715548209826,0.07780044442611228,0.0,-8752.79846414867,1447.4357453312778,-1029.3338876964253,0.0,3.7919571874666183,0.0,0.0,0.0,0.0,0.0,0.0,0.0,0.0,0.0,0.0,0.0,0.0,0.0,0.0,21.699774126408627,19.20695823793905,21.776775754215095,3.1125227047155763,-17.290250002300976,-17.290250002300976,-17.290250002300976,-17.290250002300976,-17.290250002300976,-17.290250002300976,-17.290250002300976,-17.290250002300976,31.423239559123413,31.38261400093342,31.327473081187982,31.14895645430125,30.96600631984276,30.966006782889192,21.699774126407846,31.182145898550814,31.032839419556343,32.56923234632836,19.20695823793822,31.244817106489243,31.160780864973066,31.160780864972697,21.77677575421379,19.62250522984412,17.218245886415108,19.49722400874751,18.770411401019533,18.77040921916102,18.770409219164463,18.770409219167895,-17.290250002300976,10.54670419312367,11.270999258110002,11.270999258110002,31.423239556201246,0.0,0.0,0.0,0.022917524621914508,0.0,0.0,0.0,0.0,0.023377471630876466,0.0,0.09455208830798027,0.03414209065997949,0.0,0.23263097480961797,2.234180887208869,2.2341808872730233,2.23418088720887,2.2343654401166435,2.234180887208868,2.18970769608417,0.04447319112456149,2.2341808872088698,2.23418088720887,2.2341808872088693,2.2341808872088698,0.5459783158005674,0.67402941221438,0.7102400496914185,0.6740294122144721,0.0,0.5640080516337631,0.5459771681747475,0.5459771681751179,0.01803088345898196,0.5236901638872183,0.6444054213029482,0.680017406573587,0.0,0.5416666933223986,0.5236898150253854,0.5236898150253828,0.017976878297003892,0.6444054213029532,0.7964645153619494,0.8439234309438564,0.7964645153618635,0.0,1.0840329511283469,1.062356655479955,0.021676295647866127,1.0623566554804769,1.0623566554692736,0.0,714011.6873323232,0.0,0.0,0.0,0.0,0.0,1505433.1770595517,0.0,0.0,0.0,0.0,0.0,1398440.02204027,0.0,0.0,0.0,0.0,0.0,617600.332617855,8338.409782005558,5003045.869203335,0.0,0.0,21.70423716235825,3653445.035077846,0.0,19.210663591844494,4338464.099957336,0.0,21.777002670147656,6019629.328925896,0.0,3.1277580324438903,0.0,0.0,56639.90416072704,1250.0,1000.0,0.0 
 01/21  12:00:00,43.93125,-4885.795463123199,-42.903774661136595,-1190.1327821659515,6075.8625083634415,0.9713802324098306,43.93125,-4998.965419985021,246.65615309913596,-2509.2604505989602,7218.44666907062,0.8154586108862335,26.358756,-7706.73353665914,0.0,-2330.7113209375416,10011.159260213786,0.07464274719902782,0.0,-8746.214471869882,1446.5499109596187,-1030.4043903039085,0.0,3.6313323273432245,0.0,0.0,0.0,0.0,0.0,0.0,0.0,0.0,0.0,0.0,0.0,0.0,0.0,0.0,21.70424066500405,19.21066704283472,21.777009330683676,3.1277580324438903,-17.290250002300976,-17.290250002300976,-17.290250002300976,-17.290250002300976,-17.290250002300976,-17.290250002300976,-17.290250002300976,-17.290250002300976,31.40292644303872,31.36235459511954,31.307286651475607,31.12900534730497,30.946296738651565,30.9462972015444,21.704240665003265,31.162151018958994,31.013041653580498,32.54943458019173,19.21066704283389,31.22473976699732,31.14081454714455,31.14081454714419,21.77700933068237,19.6267644919218,17.221791546430282,19.497513208443355,18.773015983010946,18.773013802913376,18.773013802916743,18.77301380292012,-17.290250002300976,10.54871444922636,11.273009513627057,11.273009513627057,31.402926440201114,0.0,0.0,0.0,0.02291988380129071,0.0,0.0,0.0,0.0,0.023379637345844438,0.0,0.09455275388870363,0.034143046156569,0.0,0.23264514315548135,2.234180887208869,2.2341808872985194,2.2341808872088698,2.234391019662825,2.234180887208868,2.189711052917824,0.0444698342909111,2.2341808872088698,2.2341808872088698,2.23418088720887,2.2341808872088698,0.5459804791839122,0.6740284253349851,0.7102396653939821,0.6740284253350746,0.0,0.5640089222236023,0.5459793667825327,0.5459793667828936,0.018029555441037296,0.5236923281829531,0.6444046516736153,0.6800171321442223,0.0,0.5416675635142852,0.5236920119808909,0.5236920119808824,0.017975551533385856,0.644404651673619,0.7964651092798554,0.8439240896706575,0.7964651092797724,0.0,1.0840345671802616,1.0623598817954742,0.021674685384284895,1.0623598817959732,1.0623598818114088,0.0,714079.669299571,0.0,0.0,0.0,0.0,0.0,1505556.2703593764,0.0,0.0,0.0,0.0,0.0,1398426.792562525,0.0,0.0,0.0,0.0,0.0,618242.6341823451,8333.62726046266,5000176.356277595,0.0,0.0,21.708610719727876,3645517.5050180648,0.0,19.21430406657826,4331068.001442372,0.0,21.777226770724578,6006695.556128272,0.0,3.1423487720417924,0.0,0.0,56577.16115975183,1250.0,1000.0,0.0 
 01/21  12:10:00,43.93125,-4872.411095026099,-43.32826387015666,-1190.2437151464546,6062.9949423648495,0.952195910064144,43.93125,-4986.450877554379,246.3339651685626,-2509.4617261587864,7206.4410984073265,0.8008029044994153,26.358756,-7685.799701337584,0.0,-2330.689533966433,9990.200915718784,0.0717742155910586,0.0,-8739.906917873805,1445.709291880089,-1031.4291186804098,0.0,3.4691848986705462,0.0,0.0,0.0,0.0,0.0,0.0,0.0,0.0,0.0,0.0,0.0,0.0,0.0,0.0,21.708614220249828,19.21430751552355,21.777233427069355,3.1423487720417924,-17.290250002300976,-17.290250002300976,-17.290250002300976,-17.290250002300976,-17.290250002300976,-17.290250002300976,-17.290250002300976,-17.290250002300976,31.38317669708227,31.342656728860344,31.287659274374775,31.1096052749966,30.927129964404102,30.927130427153852,21.708614220249046,31.14270866547564,30.99378969892098,32.530182625382395,19.214307515522712,31.205217763313268,31.12139978294655,31.121399782946188,21.77723342706805,19.630933436608,17.225270046484606,19.49779057506981,18.77556404354739,18.77556186512877,18.77556186513209,18.775561865135398,-17.290250002300976,10.5506811045804,11.27497616840817,11.27497616840817,31.38317669432336,0.0,0.0,0.0,0.022922166372238175,0.0,0.0,0.0,0.0,0.023381732807160705,0.0,0.09455340552101449,0.03414396385494631,0.0,0.23265869074570952,2.2341808872088706,2.2341808872590767,2.2341808872088693,2.2343216166130877,2.2341808872088684,2.189714313602429,0.04446657360631569,2.2341808872088698,2.2341808872088698,2.23418088720887,2.2341808872088698,0.5459825662710562,0.6740274600725039,0.7102392898549141,0.6740274600725901,0.0,0.564009766256879,0.5459815011598106,0.5459815011601582,0.01802826509703755,0.5236944294898939,0.6444038960478166,0.6800168622338045,0.0,0.5416684068931322,0.5236941444664656,0.5236941444664525,0.01797426242665888,0.6444038960478189,0.7964656924084138,0.8439247351201437,0.7964656924083353,0.0,1.0840361404527215,1.062363019554736,0.021673120897510775,1.0623630195552074,1.0623630195613418,0.0,714146.2290878728,0.0,0.0,0.0,0.0,0.0,1505677.035695272,0.0,0.0,0.0,0.0,0.0,1398413.7203798597,0.0,0.0,0.0,0.0,0.0,618857.4712082461,8329.014602479041,4997408.761487424,0.0,0.0,21.712897963643723,3637796.965418909,0.0,19.217879157147614,4323864.659044395,0.0,21.77744225924125,5994120.549431269,0.0,3.156288704487316,0.0,0.0,56516.124196885066,1250.0,1000.0,0.0 
 01/21  12:20:00,43.93125,-4859.358073907002,-43.745066743937514,-1190.3523126806172,6050.4496895037755,0.9341281469790361,43.93125,-4974.246038251034,246.0170198648757,-2509.6590178671727,7194.736516475282,0.7866364041431321,26.358756,-7665.424105423807,0.0,-2330.667925504553,9969.801021358631,0.06905565194466504,0.0,-8733.839568656102,1444.9130666088236,-1032.4088000480256,0.0,3.310543942549064,0.0,0.0,0.0,0.0,0.0,0.0,0.0,0.0,0.0,0.0,0.0,0.0,0.0,0.0,21.712901462099104,19.217882604103167,21.777448911508262,3.1562887044873165,-17.290250002300976,-17.290250002300976,-17.290250002300976,-17.290250002300976,-17.290250002300976,-17.290250002300976,-17.290250002300976,-17.290250002300976,31.363953464220927,31.323483591901336,31.268554203305737,31.090719696025676,30.90846966702454,30.908470129640456,21.712901462098316,31.123782258640095,30.975047148637692,32.511440074958934,19.217882604102336,31.18621444396059,31.102500017870607,31.102500017870245,21.777448911506962,19.635018283363692,17.22868411636262,19.49805689380845,18.77805864188041,18.778056465057464,18.778056465060722,18.778056465063983,-17.290250002300976,10.552606509263937,11.276901572530802,11.276901572530802,31.363953461535566,0.0,0.0,0.0,0.022924373835719714,0.0,0.0,0.0,0.0,0.02338375859338019,0.0,0.09455404526209313,0.03414484406843358,0.0,0.23267160786876062,2.2341808872088706,2.234180887260045,2.2341808872088684,2.2341131565935655,2.2341808872088733,2.1897174850767143,0.04446340213203659,2.2341808872088698,2.2341808872088698,2.2341808872088693,2.2341808872088698,0.5459845790188457,0.6740265150801251,0.710238922534782,0.6740265150802063,0.0,0.5640105855939757,0.5459835759985386,0.5459835759988675,0.018027009595407588,0.5236964726336788,0.6444031538856854,0.6800165966280511,0.0,0.5416692255424341,0.5236962174016935,0.5236962174016776,0.017973008140733448,0.6444031538856868,0.7964662654263723,0.8439253680460301,0.7964662654262992,0.0,1.0840376739405897,1.0623660751375474,0.02167159880259947,1.062366075137987,1.0623660751380817,0.0,714211.3876083703,0.0,0.0,0.0,0.0,0.0,1505795.4107203037,0.0,0.0,0.0,0.0,0.0,1398400.7553027319,0.0,0.0,0.0,0.0,0.0,619445.2800288154,8324.567925531519,4994740.755318912,0.0,0.0,21.717103917794336,3630269.8137022653,0.0,19.221391045222855,4316841.909885169,0.0,21.777649585930142,5981880.612815179,0.0,3.1695918238528273,0.0,0.0,56456.68304436393,1250.0,1000.0,0.0 
 01/21  12:30:00,43.93125,-4846.61634304358,-44.15462946824982,-1190.4586414124042,6038.207212583177,0.9170439153788781,43.93125,-4962.333126372296,245.70515469103566,-2509.852326668817,7183.315333858093,0.7729528138125582,26.358756,-7645.572675229274,0.0,-2330.646442707237,9949.925546176582,0.06644965266706947,0.0,-8728.002791158598,1444.158367014877,-1033.3457562151414,0.0,3.1616558491398994,0.0,0.0,0.0,0.0,0.0,0.0,0.0,0.0,0.0,0.0,0.0,0.0,0.0,0.0,21.717107414236747,19.221394490240364,21.77765623422565,3.169591823852828,-17.290250002300976,-17.290250002300976,-17.290250002300976,-17.290250002300976,-17.290250002300976,-17.290250002300976,-17.290250002300976,-17.290250002300976,31.345224744015667,31.304803253825156,31.249939603045224,31.072317082005647,30.890284633349157,30.89028509584013,21.717107414235958,31.105340213026317,30.956782674615802,32.49317560080551,19.221394490239533,31.167698115934343,31.08408370373318,31.084083703732812,21.777656234224352,19.63902380965521,17.232035869153812,19.49831265236478,18.78050218151652,18.780500006207575,18.780500006210783,18.78050000621399,-17.290250002300976,10.554492513833496,11.278787576550938,11.278787576550938,31.34522474139939,0.0,0.0,0.0,0.022926508821469342,0.0,0.0,0.0,0.0,0.023385716625408056,0.0,0.09455467448947817,0.034145687920966956,0.0,0.23268390613344525,2.2341808872088693,2.2341808871750928,2.2341808872088693,2.234238326943854,2.2341808872088698,2.1897205733363956,0.04446031387248948,2.2341808872088698,2.2341808872088698,2.23418088720887,2.2341808872088698,0.5459854783814772,0.6740255892486569,0.710238562959746,0.6740255892486471,0.0,0.5640113818895657,0.5459855953614066,0.5459855953613683,0.01802578652816243,0.5236982060089717,0.6444024247622572,0.6800163351685509,0.0,0.5416700212510475,0.5236982349858678,0.5236982349858698,0.017971786265180555,0.6444024247622572,0.7964668289137244,0.8439259890805735,0.7964668289137329,0.0,1.0840391701957475,1.062369053991631,0.0216701162041678,1.0623690539915804,1.0623690539962352,0.0,714275.1848474427,0.0,0.0,0.0,0.0,0.0,1505911.3960012903,0.0,0.0,0.0,0.0,0.0,1398387.865624342,0.0,0.0,0.0,0.0,0.0,620007.4537290848,8320.28085396409,4992168.512378454,0.0,0.0,21.72123300724069,3622924.327549906,0.0,19.224841884510983,4309989.200314854,0.0,21.7778490887282,5969955.327705951,0.0,3.182297234151882,0.0,0.0,56398.74254708038,1250.0,1000.0,0.0 
 01/21  12:40:00,43.93125,-4834.168537701751,-44.55736556149759,-1190.562818733577,6026.25055532874,0.9008582683173648,43.93125,-4950.696697004075,245.39820934410432,-2510.0417743249045,7172.162279894155,0.7597205423135139,26.358756,-7626.215757525022,0.0,-2330.625075365886,9930.544857385867,0.0639744426943412,0.0,-8722.38992497876,1443.4427849759659,-1034.2424697589995,0.0,3.021297525450986,0.0,0.0,0.0,0.0,0.0,0.0,0.0,0.0,0.0,0.0,0.0,0.0,0.0,0.0,21.721236501720597,19.2248453276391,21.777855733152215,3.1822972341518825,-17.290250002300976,-17.290250002300976,-17.290250002300976,-17.290250002300976,-17.290250002300976,-17.290250002300976,-17.290250002300976,-17.290250002300976,31.326962507045344,31.286587787168717,31.231787684642132,31.05437009045418,30.872547979018766,30.872548441390883,21.721236501719808,31.087355103133365,30.938969225268384,32.475362151333634,19.22484532763827,31.14964119726658,31.066123469182614,31.066123469182248,21.77785573315092,19.64295435591273,17.23532751621774,19.498558347520955,18.782897083814625,18.782894909943142,18.7828949099463,18.782894909949466,-17.290250002300976,10.556340986850813,11.280636049029766,11.280636049029766,31.326962504494233,0.0,0.0,0.0,0.022928575679755543,0.0,0.0,0.0,0.0,0.023387610698880117,0.0,0.09455529381880302,0.03414649762634984,0.0,0.23269562364292184,2.23418088720887,2.234180887228877,2.2341808872088693,2.2343316873099677,2.2341808872088706,2.189723583439533,0.04445730376935005,2.2341808872088698,2.2341808872088698,2.2341808872088698,2.2341808872088698,0.5459874587543785,0.6740246814540614,0.7102382106239529,0.674024681454053,0.0,0.5640121564943213,0.5459875625689908,0.5459875625689569,0.018024593925333537,0.5237001751944403,0.6444017082677945,0.6800160777635005,0.0,0.5416707955121466,0.5237002006859364,0.5237002006859385,0.017970594826210735,0.6444017082677947,0.7964673833627001,0.8439265988214173,0.7964673833627075,0.0,1.0840406314330349,1.0623719607311772,0.021668670701903064,1.0623719607311322,1.0623719607299553,0.0,714337.6912401463,0.0,0.0,0.0,0.0,0.0,1506025.064594943,0.0,0.0,0.0,0.0,0.0,1398375.0452195315,0.0,0.0,0.0,0.0,0.0,620545.4818553996,8316.143764026605,4989686.258415963,0.0,0.0,21.725289274857495,3615750.3331972435,0.0,19.22823368781678,4303297.367936493,0.0,21.778041160290975,5958326.914431518,0.0,3.194439134860141,0.0,0.0,56342.21867212124,1250.0,1000.0,0.0 
 01/21  12:50:00,43.93125,-4821.999464341515,-44.95362711222742,-1190.6649478544123,6014.564837403909,0.8854638323330312,43.93125,-4939.323166743239,245.09605098070983,-2510.227469245264,7161.263951817518,0.7468875691360067,26.358756,-7607.327355074046,0.0,-2330.603816822231,9911.632915154132,0.06162881835159559,0.0,-8716.988776862823,1442.7645056796086,-1035.1009365520927,0.0,2.887541375610276,0.0,0.0,0.0,0.0,0.0,0.0,0.0,0.0,0.0,0.0,0.0,0.0,0.0,0.0,21.725292767422598,19.228237129101498,21.778047800938044,3.1944391348601413,-17.290250002300976,-17.290250002300976,-17.290250002300976,-17.290250002300976,-17.290250002300976,-17.290250002300976,-17.290250002300976,-17.290250002300976,31.309142168383296,31.268812696285735,31.214074073739678,31.036854737982537,30.855236121821445,30.855236584080878,21.72529276742181,31.069802872861604,30.92158307191746,32.457975997864715,19.22823712910067,31.132019494844286,31.048595305531567,31.0485953055312,21.778047800936736,19.64681387999659,17.238561112429142,19.498794504071718,18.785245588187408,18.78524341568128,18.785243415684402,18.785243415687525,-17.290250002300976,10.55815365603091,11.282448717681806,11.282448717681806,31.30914216589391,0.0,0.0,0.0,0.02293057825408149,0.0,0.0,0.0,0.0,0.0233894441618404,0.0,0.09455590378304231,0.03414727513705723,0.0,0.23270679374193812,2.2341808872088706,2.2341808872111026,2.2341808872088698,2.234367322009156,2.234180887208866,2.1897265198181435,0.04445436739073924,2.2341808872088698,2.2341808872088698,2.2341808872088693,2.2341808872088698,0.5459893937375117,0.6740237906855909,0.7102378650812564,0.6740237906855838,0.0,0.5640129106366968,0.5459894805778152,0.5459894805777864,0.01802343005888451,0.5237020953827808,0.6444010040286919,0.6800158243351163,0.0,0.5416715496291159,0.5237021175349572,0.5237021175349585,0.017969432094159198,0.6444010040286917,0.7964679291860995,0.8439271977924981,0.796467929186106,0.0,1.0840420595523033,1.0623747993594377,0.021667260192904214,1.0623747993593995,1.0623747993644355,0.0,714398.9687126473,0.0,0.0,0.0,0.0,0.0,1506136.481547158,0.0,0.0,0.0,0.0,0.0,1398362.2900933386,0.0,0.0,0.0,0.0,0.0,621060.5619312556,8312.148247765235,4987288.948659142,0.0,0.0,21.72927628031474,3608738.902442346,0.0,19.23156823582091,4296758.371090511,0.0,21.778226189661776,5946979.749092481,0.0,3.206043987643978,0.0,0.0,56287.03746242127,1250.0,1000.0,0.0 
 01/21  13:00:00,43.93125,-4810.095699171885,-45.34371455109431,-1190.7651118835797,6003.136925992811,0.8707572373097787,43.93125,-4928.200496842934,244.79856376655562,-2510.4094949859596,7150.608486143284,0.7344133743248775,26.358756,-7588.884489143187,0.0,-2330.582657254112,9893.166712479406,0.05939863826533326,0.0,-8711.787366950484,1442.121723530269,-1035.922973526984,0.0,2.760203352467014,0.0,0.0,0.0,0.0,0.0,0.0,0.0,0.0,0.0,0.0,0.0,0.0,0.0,0.0,21.7292797710103,19.23157167530588,21.778232826621615,3.206043987643978,-17.290250002300976,-17.290250002300976,-17.290250002300976,-17.290250002300976,-17.290250002300976,-17.290250002300976,-17.290250002300976,-17.290250002300976,31.291742046520437,31.25145637280058,31.196777261323696,31.019749835856704,30.838328201709793,30.838328663861976,21.729279771009516,31.052662273918536,30.904603234537458,32.44099616037239,19.231571675305055,31.11481164812774,31.031478003333834,31.031478003333476,21.778232826620314,19.650605848678527,17.241738456823597,19.499021607779365,18.787549648622157,18.78754747741271,18.787547477415785,18.787547477418862,-17.290250002300976,10.559932028160624,11.284227089293456,11.284227089293456,31.29174204408975,0.0,0.0,0.0,0.02293251964873121,0.0,0.0,0.0,0.0,0.02339121968330766,0.0,0.09455650492812104,0.03414802200996947,0.0,0.2327174420197825,2.23418088720887,2.234180887224942,2.2341808872088693,2.2343355245011995,2.2341808872088706,2.18972938637753,0.0444515008313469,2.2341808872088698,2.2341808872088698,2.2341808872088706,2.2341808872088698,0.5459912871341129,0.674022916075464,0.7102375259537707,0.6740229160754588,0.0,0.5640136453849284,0.5459913519859332,0.545991351985912,0.0180222933989973,0.5237039692671972,0.6444003117144694,0.6800155748078044,0.0,0.5416722847540254,0.52370398821676,0.5237039882167605,0.017968296537265782,0.6444003117144691,0.7964684667407149,0.8439277864472949,0.7964684667407199,0.0,1.084043456238558,1.0623775734200551,0.021665882818531827,1.0623775734200258,1.0623775734211498,0.0,714459.067130148,0.0,0.0,0.0,0.0,0.0,1506245.6969915759,0.0,0.0,0.0,0.0,0.0,1398349.594352467,0.0,0.0,0.0,0.0,0.0,621553.7841161904,8308.287451507551,4984972.470904531,0.0,0.0,21.7331971180629,3601882.1555956863,0.0,19.23484712840955,4290365.091685969,0.0,21.778404523428417,5935900.027487645,0.0,3.217137521975243,0.0,0.0,56233.13374052625,1250.0,1000.0,0.0 
 01/21  13:10:00,43.93125,-4798.445316394662,-45.72789231371826,-1190.8633888366749,5991.955174686461,0.8566578295565787,43.93125,-4917.317959196275,244.5056402642897,-2510.5879390407213,7140.185325813086,0.7222686046538521,26.358756,-7570.866719320845,0.0,-2330.5615914449727,9875.125802912187,0.0572746742370747,0.0,-8706.776015740763,1441.512600513602,-1036.7103813279136,0.0,2.639306060800794,0.0,0.0,0.0,0.0,0.0,0.0,334233.1228596051,0.0,0.0,0.0,0.0,0.0,0.0,0.0,21.733200606932048,19.234850566136355,21.778411156786497,3.217137521975243,-17.290250002300976,-17.290250002300976,-17.290250002300976,-17.290250002300976,-17.290250002300976,-17.290250002300976,-17.290250002300976,-17.290250002300976,31.27474286207706,31.234499605684622,31.179878129223965,31.00303656522953,30.821805706985323,30.821806169035117,21.73320060693126,31.035914431792147,30.888011089299376,32.424404015027086,19.234850566135528,31.0979986777068,31.0147527243783,31.01475272437794,21.7784111567852,19.654333289182148,17.24486117547646,19.499240101179378,18.789811007821736,18.789808837843644,18.789808837846678,18.789808837849712,-17.290250002300976,10.56167744719092,11.28597250781529,11.28597250781529,31.27474285970239,0.0,0.0,0.0,0.02293440277450488,0.0,0.0,0.0,0.0,0.02339293980796463,0.0,0.09455709768247333,0.03414873972976581,0.0,0.23272759353104835,2.234180887208869,2.2341808871817115,2.234180887208869,2.234279624776451,2.2341808872088684,2.189732186548922,0.04444870065995428,2.2341808872088698,2.2341808872088698,2.2341808872088698,2.2341808872088698,0.54599314298039,0.6740220568585785,0.710237192907533,0.6740220568585754,0.0,0.5640143616819453,0.5459931790751302,0.5459931790751191,0.018021182606816157,0.5237057992062314,0.6443996310264261,0.6800153291159753,0.0,0.5416730018959581,0.523705815080799,0.5237058150807977,0.017967186815159374,0.6443996310264256,0.7964689963343644,0.8439283651853617,0.7964689963343672,0.0,1.0840448229710045,1.0623802860213434,0.021664536949679472,1.0623802860213254,1.0623802860247031,0.0,714518.033302005,0.0,0.0,0.0,0.0,0.0,1506352.7634244324,0.0,0.0,0.0,0.0,0.0,1398336.9548669837,0.0,0.0,0.0,0.0,0.0,622026.2287967481,8304.554947973831,4982732.968784299,0.0,0.0,21.737054519584856,3595173.1048118747,0.0,19.238071834517697,4284111.195487851,0.0,21.778576480473955,5925075.481747313,0.0,3.2277455651183664,0.0,0.0,56180.44953881222,1250.0,1000.0,0.0 
 01/21  13:20:00,43.93125,-4787.0376638428925,-46.106395109043206,-1190.9598542311755,5981.0091826540565,0.8431009584356366,43.93125,-4906.665930348417,244.21718097187204,-2510.762894931516,7129.98501539252,0.7104283104366835,26.358756,-7553.255749769134,0.0,-2330.540619086756,9857.491886448039,0.05525152030645799,0.0,-8701.94588749595,1440.9354058248534,-1037.4648780179186,0.0,2.524467722309534,0.0,0.0,0.0,0.0,0.0,0.0,334398.22924055846,0.0,0.0,0.0,0.0,0.0,0.0,0.0,21.737058006668793,19.238075270526053,21.778583110311935,3.2277455651183664,-17.290250002300976,-17.290250002300976,-17.290250002300976,-17.290250002300976,-17.290250002300976,-17.290250002300976,-17.290250002300976,-17.290250002300976,31.258127349813876,31.217925195117783,31.16335956648903,30.98669810161631,30.805652107083386,30.805652569035107,21.737058006668008,31.01954246872025,30.871789998322267,32.408182923947294,19.23807527052523,31.081563605431604,30.99840262564056,30.998402625640203,21.77858311031064,19.657998889072903,17.247930772277286,19.49945040113579,18.792031254844332,18.792029086035633,18.792029086038628,18.79202908604162,-17.290250002300976,10.563391138813934,11.287686198939088,11.287686198939088,31.2581273474928,0.0,0.0,0.0,0.02293623043998192,0.0,0.0,0.0,0.0,0.023394607035329657,0.0,0.09455768236240908,0.03414942975455342,0.0,0.23273727361634866,2.23418088720887,2.234180887202613,2.234180887208869,2.234245492211029,2.2341808872088733,2.1897349233674257,0.04444596384144269,2.2341808872088698,2.23418088720887,2.2341808872088698,2.2341808872088698,0.5459949659427683,0.6740212123470827,0.7102368656418502,0.6740212123470829,0.0,0.5640150603652485,0.545994963860624,0.545994963860626,0.018020096504624602,0.5237075872768212,0.6443989616898987,0.6800150872040291,0.0,0.5416737019440653,0.5237076001951295,0.5237076001951259,0.017966101748936085,0.6443989616898981,0.7964695182322681,0.8439289343629903,0.7964695182322685,0.0,1.084046161058111,1.0623829399079878,0.021663221150126588,1.0623829399079845,1.0623829399171514,0.0,714575.9125387052,0.0,0.0,0.0,0.0,0.0,1506457.7369589093,0.0,0.0,0.0,0.0,0.0,1398324.371452054,0.0,0.0,0.0,0.0,0.0,622478.9268107512,8300.944562496756,4980566.737498053,0.0,0.0,21.74085092542731,3588605.5095924335,0.0,19.241243711780026,4277991.0092355115,0.0,21.778742363452142,5914495.131868821,0.0,3.2378924162509692,0.0,0.0,56128.93288394729,1250.0,1000.0,0.0 
 01/21  13:30:00,43.93125,-4775.8631625070375,-46.47943073424722,-1191.0545779756053,5970.289593691534,0.8300302029441843,43.93125,-4896.235714885449,243.93309412778967,-2510.9344544532332,7119.999022311603,0.6988706544531902,26.358756,-7536.035092718385,0.0,-2330.5197419430497,9840.248469432774,0.05332324252725893,0.0,-8697.288366364764,1440.3885257112659,-1038.1880651938807,0.0,2.415268938160999,0.0,0.0,0.0,0.0,0.0,0.0,334556.1993017813,0.0,0.0,0.0,0.0,0.0,0.0,0.0,21.74085441076552,19.241247146108023,21.778748989848292,3.2378924162509692,-17.290250002300976,-17.290250002300976,-17.290250002300976,-17.290250002300976,-17.290250002300976,-17.290250002300976,-17.290250002300976,-17.290250002300976,31.24187995112035,31.20171764298698,31.147206157186186,30.97071929399686,30.789852522775963,30.789852984633946,21.740854410764737,31.003531184408903,30.855924983127842,32.39231790865421,19.241247146107188,31.06549113817754,30.98241253894938,30.982412538949017,21.778748989846992,19.66160505571759,17.25094863926004,19.499652902180344,18.79421184033688,18.79420967263882,18.794209672641763,18.79420967264472,-17.290250002300976,10.565074222019911,11.289369281654764,11.289369281654764,31.2418799488507,0.0,0.0,0.0,0.02293800524857119,0.0,0.0,0.0,0.0,0.023396223703077576,0.0,0.09455825922463632,0.03415009344700277,0.0,0.2327465061871711,2.2341808872088693,2.234180887246426,2.2341808872088715,2.2338098269405067,2.23418088720887,2.189737599544883,0.04444328766402069,2.2341808872088698,2.2341808872088698,2.23418088720887,2.2341808872088698,0.545996283255836,0.6740203819241862,0.7102365438885393,0.6740203819241503,0.0,0.5640157421943044,0.5459967081518885,0.5459967081517307,0.01801903404242786,0.523709424217616,0.6443983034503518,0.6800148490213852,0.0,0.5416743856863416,0.5237093453982208,0.5237093453982794,0.017965040288119356,0.6443983034503613,0.796470032665537,0.8439294942989475,0.7964700326655596,0.0,1.0840474716641662,1.0623855375256783,0.021661934138613632,1.0623855375255535,1.0623855375254403,0.0,714632.7467853632,0.0,0.0,0.0,0.0,0.0,1506560.6726719402,0.0,0.0,0.0,0.0,0.0,1398311.8451658299,0.0,0.0,0.0,0.0,0.0,622912.8391163284,8297.450578482247,4978470.347089348,0.0,0.0,21.744588522235127,3582173.756214919,0.0,19.244364020419024,4271999.413386962,0.0,21.778902457202133,5904149.0816596635,0.0,3.24760069454634,0.0,0.0,56078.53689954923,1250.0,1000.0,0.0 
 01/21  13:40:00,43.93125,-4764.913138966088,-46.847183893071815,-1191.1476245194676,5959.787937591129,0.8173963567099833,43.93125,-4886.019401881258,243.65329403262672,-2511.102706277422,7110.219593730641,0.6875773946513971,26.358756,-7519.189789956275,0.0,-2330.4989628999256,9823.380590727229,0.05148387694618944,0.0,-8692.795325900002,1439.8704254650697,-1038.8814507247134,0.0,2.3114104212649176,0.0,0.0,0.0,0.0,0.0,0.0,334707.3816044993,0.0,0.0,0.0,0.0,0.0,0.0,0.0,21.744592005865567,19.24436745310324,21.778909080231614,3.24760069454634,-17.290250002300976,-17.290250002300976,-17.290250002300976,-17.290250002300976,-17.290250002300976,-17.290250002300976,-17.290250002300976,-17.290250002300976,31.225986555686966,31.185862894723,31.131403922462894,30.95508640759382,30.77439346969116,30.774393931459066,21.74459200586478,30.98786679868696,30.840402467910838,32.37679539334237,19.244367453102416,31.04976741024273,30.966768713727834,30.966768713727475,21.778909080230317,19.6651539502306,17.253916068858356,19.499847974387407,18.796354089444392,18.796351922801147,18.796351922804064,18.796351922806977,-17.290250002300976,10.566727718980438,11.291022778133613,11.291022778133613,31.22598655346676,0.0,0.0,0.0,0.022939729597534656,0.0,0.0,0.0,0.0,0.023397791981419655,0.0,0.09455882848516164,0.03415073207051517,0.0,0.23275531353921952,2.2341808872088684,2.234180887268514,2.2341808872088724,2.2339291041877374,2.2341808872088658,2.1897402175207628,0.044440669688196766,2.2341808872088698,2.23418088720887,2.2341808872088698,2.2341808872088698,0.5459974187049714,0.6740195650345929,0.7102362274065853,0.6740195650345094,0.0,0.5640164078405838,0.5459984135627515,0.5459984135623944,0.018017994277861098,0.523711109683503,0.6443976560708523,0.6800146145211674,0.0,0.5416750538381292,0.523711052348871,0.5237110523489727,0.01796400148925758,0.6443976560708679,0.7964705398389421,0.8439300452811227,0.7964705398390002,0.0,1.084048755841852,1.0623880810784239,0.02166067476376333,1.0623880810780904,1.06238808107596,0.0,714688.5747116805,0.0,0.0,0.0,0.0,0.0,1506661.6237664532,0.0,0.0,0.0,0.0,0.0,1398299.3777399557,0.0,0.0,0.0,0.0,0.0,623328.8704348281,8294.067725301582,4976440.635180949,0.0,0.0,21.748269275218814,3575872.762554677,0.0,19.247433939289525,4266131.756238384,0.0,21.779057028658283,5894028.354436335,0.0,3.256891821338079,0.0,0.0,56029.21905212182,1250.0,1000.0,0.0 
 01/21  13:50:00,43.93125,-4754.179689139595,-47.209819681210774,-1191.2390538034597,5949.496496487051,0.8051571906292804,43.93125,-4876.009746538362,243.37769997175087,-2511.267737429839,7100.639637735718,0.6765327895929345,26.358756,-7502.706183134154,0.0,-2330.4782858817316,9806.87458942238,0.04972717013414886,0.0,-8688.45922351001,1439.3796418540064,-1039.5464645848579,0.0,2.2126262785538544,0.0,0.0,0.0,0.0,0.0,0.0,334852.1073947631,0.0,0.0,0.0,0.0,0.0,0.0,0.0,21.748272757178004,19.24743737036518,21.77906364839349,3.256891821338079,-17.290250002300976,-17.290250002300976,-17.290250002300976,-17.290250002300976,-17.290250002300976,-17.290250002300976,-17.290250002300976,-17.290250002300976,31.210434276684712,31.170348115552194,31.115940098254786,30.939786906282134,30.759262645545316,30.75926310722665,21.748272757177222,30.972536733030964,30.825210064988507,32.36160299032861,19.247437370364356,31.034379763231662,30.951458599090234,30.951458599089868,21.779063648392196,19.668647520305218,17.256834271328817,19.500035965517885,18.79845922064313,18.798457055001744,18.798457055004633,18.798457055007503,-17.290250002300976,10.568352569703649,11.292647628383488,11.292647628383488,31.21043427451216,0.0,0.0,0.0,0.022941405726586855,0.0,0.0,0.0,0.0,0.02339931391578598,0.0,0.09455939031994967,0.03415134681398928,0.0,0.23276371683298805,2.2341808872088684,2.2341808872795315,2.2341808872088715,2.234383221357967,2.2341808872088693,2.1897427795025934,0.04443810770644625,2.2341808872088698,2.2341808872088698,2.23418088720887,2.2341808872088698,0.5459982509961517,0.6740187611781387,0.7102359159804819,0.6740187611779859,0.0,0.5640170579229763,0.5460000815631714,0.5460000815625218,0.018016976359857273,0.523712759096963,0.6443970193274982,0.6800143836582342,0.0,0.5416757070371627,0.5237127225361661,0.5237127225363342,0.017962984500997606,0.6443970193275229,0.7964710399338609,0.843930587570164,0.7964710399339713,0.0,1.0840500145420726,1.062390572557518,0.021659441985195416,1.0623905725568816,1.0623905725636178,0.0,714743.4322820758,0.0,0.0,0.0,0.0,0.0,1506760.6424579034,0.0,0.0,0.0,0.0,0.0,1398286.9715290389,0.0,0.0,0.0,0.0,0.0,623727.8787509146,8290.791075374978,4974474.645224987,0.0,0.0,21.75189495955639,3569697.8978922316,0.0,19.250454577037434,4260383.78264143,0.0,21.779206325980955,5884124.753653428,0.0,3.265786153830718,0.0,0.0,55980.940478313176,1250.0,1000.0,0.0 
 01/21  14:00:00,43.93125,-4743.6555674971405,-47.56748724331146,-1191.328921955108,5939.408198285124,0.7932774141993625,43.93125,-4866.200073528898,243.106234857667,-2511.4296333761995,7091.252630440653,0.6657240783040914,26.358756,-7486.571726784604,0.0,-2330.457715844448,9790.717922280603,0.04804873999571098,0.0,-8684.272981902297,1438.9147874460884,-1040.184460328557,0.0,2.118642984374923,0.0,0.0,0.0,0.0,0.0,0.0,334990.6900965423,0.0,0.0,0.0,0.0,0.0,0.0,0.0,21.75189843987959,19.250458006538516,21.7792129424917,3.265786153830718,-17.290250002300976,-17.290250002300976,-17.290250002300976,-17.290250002300976,-17.290250002300976,-17.290250002300976,-17.290250002300976,-17.290250002300976,31.19521128255258,31.155161522744965,31.100802968160785,30.924809287481022,30.744448767106082,30.744449228704216,21.7518984398788,30.957529445086422,30.81033641101713,32.34672933626894,19.25045800653769,31.019316579866512,30.93647067860643,30.93647067860607,21.7792129424904,19.67208753029366,17.25970438587123,19.5002172008543,18.800528359217143,18.80052619452731,18.800526194530157,18.800526194532992,-17.290250002300976,10.569949642265208,11.294244700479803,11.294244700479803,31.195211280426033,0.0,0.0,0.0,0.022943035736881084,0.0,0.0,0.0,0.0,0.023400791442493976,0.0,0.09455994487181148,0.03415193880066303,0.0,0.23277173621551864,2.234180887208869,2.2341808872714517,2.2341808872088693,2.2343921207207997,2.2341808872088698,2.1897452875022996,0.04443559970686633,2.2341808872088698,2.23418088720887,2.2341808872088698,2.2341808872088698,0.545998575566041,0.6740179699001515,0.7102356094147168,0.6740179698998899,0.0,0.564017693009284,0.5460017134949431,0.5460017134938342,0.018015979514430888,0.5237143737260774,0.6443963930081502,0.6800141563893652,0.0,0.5416763458631433,0.5237143573138883,0.5237143573141634,0.017961988549257898,0.64439639300819,0.7964715331138604,0.8439311214048053,0.796471533114052,0.0,1.0840512486292047,1.062393013774276,0.02165823485604174,1.0623930137731703,1.0623930137593383,0.0,714797.3531730648,0.0,0.0,0.0,0.0,0.0,1506857.7800257197,0.0,0.0,0.0,0.0,0.0,1398274.6295066692,0.0,0.0,0.0,0.0,0.0,624110.6761971342,8287.61600129078,4972569.600774468,0.0,0.0,21.755467191624135,3563644.9189710743,0.0,19.25342698540189,4254751.578264392,0.0,21.779350584174786,5874430.753368363,0.0,3.274302953947033,0.0,0.0,55933.66548289927,1250.0,1000.0,0.0 
 01/21  14:10:00,43.93125,-4733.334093252539,-47.920321510551275,-1191.4172814314052,5929.5165206669335,0.7817264739434404,43.93125,-4856.584195790705,242.8388250669625,-2511.588477505655,7082.052531080967,0.6551401581063863,26.358756,-7470.77483108722,0.0,-2330.4372582827,9774.898999900623,0.04644416646342348,0.0,-8680.229915416716,1438.4745483646775,-1040.7967172974045,0.0,2.02919847469215,0.0,0.0,0.0,0.0,0.0,0.0,335123.4260543728,0.0,0.0,0.0,0.0,0.0,0.0,0.0,21.755470670345385,19.253430413361237,21.779357197528533,3.274302953947033,-17.290250002300976,-17.290250002300976,-17.290250002300976,-17.290250002300976,-17.290250002300976,-17.290250002300976,-17.290250002300976,-17.290250002300976,31.18030664104844,31.14029222985647,31.085981707942153,30.910142927486955,30.729941416383802,30.729941877902327,21.755470670344607,30.942834273844376,30.795771012867874,32.33216393803428,19.253430413360412,31.004567128871923,30.921794315580033,30.921794315579675,21.779357197527244,19.675475590320282,17.262527492925017,19.500391988300855,18.8025625519584,18.802560388172342,18.802560388175156,18.802560388177973,-17.290250002300976,10.571519744268794,11.295814802026008,11.295814802026008,31.180306638966364,0.0,0.0,0.0,0.022944621597789386,0.0,0.0,0.0,0.0,0.023402226389968625,0.0,0.09456049225918711,0.034152509088750865,0.0,0.23277939077250653,2.2341808872088693,2.234180887274041,2.234180887208872,2.234391368682029,2.234180887208869,2.1897477433641184,0.044433143845265824,2.2341808872088698,2.2341808872088698,2.2341808872088698,2.2341808872088698,0.5459978927699255,0.6740171907870347,0.7102353075331866,0.6740171907865836,0.0,0.5640183136273429,0.546003310594368,0.5460033105924571,0.01801500303313049,0.5237159547017013,0.6443957769097329,0.6800139326721004,0.0,0.5416769708433354,0.5237159579174614,0.5237159579179279,0.01796101292587961,0.6443957769098,0.796472019525639,0.8439316470036134,0.796472019525971,0.0,1.0840524588922782,1.0623954063848937,0.021657052509317057,1.0623954063829741,1.0623954063652736,0.0,714850.3688588431,0.0,0.0,0.0,0.0,0.0,1506953.0865033932,0.0,0.0,0.0,0.0,0.0,1398262.35496962,0.0,0.0,0.0,0.0,0.0,624478.0303784426,8284.538160559037,4970722.896335422,0.0,0.0,21.75898745031592,3557709.91240016,0.0,19.256352166614935,4249231.51864858,0.0,21.779490024974614,5864939.399940376,0.0,3.2824604339685353,0.0,0.0,55887.361068579165,1250.0,1000.0,0.0 
 01/21  14:20:00,43.93125,-4723.209070869771,-48.26844514842196,-1191.5041833380678,5919.815416205985,0.770477346676991,43.93125,-4847.156347255737,242.57539977005376,-2511.744350935781,7073.033716881252,0.6447715635180339,26.358756,-7455.304731083311,0.0,-2330.41691819634,9759.407058647163,0.04490942817335042,0.0,-8676.323715301378,1438.0576785907087,-1041.3844458540793,0.0,1.9440515339379396,0.0,0.0,0.0,0.0,0.0,0.0,335250.5958907449,0.0,0.0,0.0,0.0,0.0,0.0,0.0,21.75899092746819,19.25635559306431,21.77949663523663,3.2824604339685353,-17.290250002300976,-17.290250002300976,-17.290250002300976,-17.290250002300976,-17.290250002300976,-17.290250002300976,-17.290250002300976,-17.290250002300976,31.165710198862445,31.125730126594018,31.071466265735022,30.895777962746035,30.715730922988534,30.715731384422813,21.75899092746741,30.92844132077436,30.781504129708047,32.31789705479171,19.256355593063482,30.99012144571185,30.907419634319062,30.9074196343187,21.779496635235336,19.67881317639825,17.265304621331037,19.500560618554324,18.80456277598433,18.8045606130567,18.80456061305948,18.804560613062254,-17.290250002300976,10.573063629599773,11.297358686907241,11.297358686907241,31.16571019682342,0.0,0.0,0.0,0.022946165151925643,0.0,0.0,0.0,0.0,0.02340362048608026,0.0,0.09456103259800495,0.03415305867815959,0.0,0.23278669857064785,2.2341808872088693,2.2341808871877085,2.2341808872088698,2.2343478827295256,2.2341808872088738,2.189750148783546,0.04443073842524323,2.2341808872088698,2.23418088720887,2.2341808872088693,2.2341808872088698,0.5460057137588866,0.6740164234428789,0.7102350101592104,0.6740164234429488,0.0,0.5640189200949612,0.5460048738217873,0.5460048738220835,0.01801404627314978,0.5237175284140743,0.644395170839449,0.6800137124669329,0.0,0.5416775825172554,0.5237175255366311,0.5237175255365594,0.017960056980623276,0.644395170839439,0.7964724993171376,0.8439321645827221,0.7964724993170861,0.0,1.084053646171511,1.0623977520228494,0.02165589414836068,1.062397752023148,1.0623977520286634,0.0,714902.5100028405,0.0,0.0,0.0,0.0,0.0,1507046.6105614682,0.0,0.0,0.0,0.0,0.0,1398250.150917804,0.0,0.0,0.0,0.0,0.0,624830.6675124476,8281.553473076474,4968932.083845885,0.0,0.0,21.762457092930305,3551889.24972359,0.0,19.25923108070757,4243820.230128752,0.0,21.779624858042446,5855644.235188299,0.0,3.290275839955716,0.0,0.0,55841.99657848626,1250.0,1000.0,0.0 
 01/21  14:30:00,43.93125,-4713.274728825926,-48.61197082044282,-1191.5896695055037,5910.299250365173,0.7595088417317282,43.93125,-4837.9111265095025,242.31589047932744,-2511.8973326317546,7064.190925661148,0.6346098070995022,26.358756,-7440.151376422945,0.0,-2330.3967030315794,9744.232050344204,0.04343989396083565,0.0,-8672.54842806467,1437.6629965751335,-1041.948793091854,0.0,1.8629754967534682,0.0,0.0,0.0,0.0,0.0,0.0,335372.4654521907,0.0,0.0,0.0,0.0,0.0,0.0,0.0,21.76246056854554,19.259234505677767,21.779631465275987,3.290275839955716,-17.290250002300976,-17.290250002300976,-17.290250002300976,-17.290250002300976,-17.290250002300976,-17.290250002300976,-17.290250002300976,-17.290250002300976,31.151412478928936,31.11146577641203,31.057247260030753,30.881705189284627,30.701808265068166,30.701808726431455,21.762460568544757,30.914341348756803,30.767526672914336,32.30391959791782,19.25923450567694,30.975970231111113,30.893337419208798,30.89333741920843,21.77963146527469,19.682101646076788,17.26803675559219,19.500723366449133,18.806529946817975,18.80652778470568,18.80652778470843,18.806527784711168,-17.290250002300976,10.574582004607317,11.298877061472465,11.298877061472465,31.151412476931643,0.0,0.0,0.0,0.022947668147623702,0.0,0.0,0.0,0.0,0.023404975367559522,0.0,0.09456156594120856,0.03415358850687952,0.0,0.23279367671297263,2.2341808872088693,2.2341808872959374,2.234180887208869,2.234335621955693,2.2341808872088698,2.1897525053524896,0.0444283818569291,2.2341808872088698,2.2341808872088693,2.2341808872088706,2.2341808872088698,0.546000641982335,0.6740156675550841,0.7102347171802073,0.6740156675546046,0.0,0.5640195132283637,0.5460064046200087,0.5460064046179798,0.018013108608520838,0.5237190199256926,0.64439457460338,0.6800134957262371,0.0,0.541678181216195,0.523719061111679,0.5237190611121647,0.01795912010452301,0.6443945746034494,0.7964729725834834,0.8439326743024577,0.7964729725838383,0.0,1.0840548109066868,1.0624000518821037,0.021654759026650903,1.0624000518800496,1.0624000518646661,0.0,714953.8017033022,0.0,0.0,0.0,0.0,0.0,1507138.3995790526,0.0,0.0,0.0,0.0,0.0,1398238.0218189475,0.0,0.0,0.0,0.0,0.0,625169.2758551124,8278.658092440353,4967194.855464212,0.0,0.0,21.765877381426808,3546179.5502191037,0.0,19.2620646498732,4238514.555396689,0.0,21.779755279136577,5846539.230206521,0.0,3.2977655098912217,0.0,0.0,55797.543390042105,1250.0,1000.0,0.0 
 01/21  14:40:00,43.93125,-4703.525659833282,-48.951002199061804,-1191.6737882144535,5900.962743670598,0.7487992211351417,43.93125,-4828.843451130249,242.06023048426914,-2512.047499257527,7055.519212443693,0.6246479746308169,26.358756,-7425.305343301219,0.0,-2330.376616811058,9729.364554532815,0.04203297876498989,0.0,-8668.898427681599,1437.289381779178,-1042.490844779571,0.0,1.7857562679555985,0.0,0.0,0.0,0.0,0.0,0.0,335489.2866264303,0.0,0.0,0.0,0.0,0.0,0.0,0.0,21.765880855535983,19.262068073394087,21.77976188340298,3.2977655098912217,-17.290250002300976,-17.290250002300976,-17.290250002300976,-17.290250002300976,-17.290250002300976,-17.290250002300976,-17.290250002300976,-17.290250002300976,31.137404593608757,31.097490329915008,31.04331589337766,30.867915976986378,30.688164984141892,30.688165445427202,21.765880855535208,30.900525696678553,30.753830121587047,32.29022304651269,19.262068073393266,30.96210476526782,30.879539029443468,30.879539029443116,21.779761883401683,19.68534226268312,17.27072484024318,19.500880489834312,18.80846492721289,18.808462765875024,18.808462765877742,18.808462765880446,-17.290250002300976,10.576075535014917,11.300370591444993,11.300370591444993,31.137404591651954,0.0,0.0,0.0,0.02294913221044692,0.0,0.0,0.0,0.0,0.02340629258521654,0.0,0.0945620924023093,0.03415409947026949,0.0,0.23280034143160447,2.2341808872088706,2.234180887248833,2.2341808872088724,2.23437515935953,2.2341808872088706,2.1897548145279453,0.044426072681062044,2.2341808872088698,2.2341808872088698,2.2341808872088693,2.2341808872088698,0.5460065018837276,0.6740149227594155,0.7102344284218486,0.6740149227592998,0.0,0.5640200930375869,0.5460079035376463,0.5460079035371577,0.018012189499981082,0.5237205059586912,0.6443939880245065,0.6800132824141086,0.0,0.5416787674889182,0.5237205657490559,0.5237205657491604,0.017958201739865284,0.6443939880245205,0.7964734394736696,0.8439331763729212,0.7964734394737586,0.0,1.0840559540011245,1.0624023075416087,0.021653646460035203,1.0624023075410922,1.0624023075417994,0.0,715004.272928672,0.0,0.0,0.0,0.0,0.0,1507228.499554516,0.0,0.0,0.0,0.0,0.0,1398225.9700866344,0.0,0.0,0.0,0.0,0.0,625494.5068677427,8275.848390405528,4965509.034243317,0.0,0.0,21.76924947995352,3540577.646202359,0.0,19.26485376548901,4233311.527466215,0.0,21.779881476254616,5837618.732719687,0.0,3.3049449238987254,0.0,0.0,55753.974651800105,1250.0,1000.0,0.0 
 01/21  14:50:00,43.93125,-4693.95677918237,-49.285634960452626,-1191.7565775889102,5891.800933985342,0.7383323807999672,43.93125,-4819.948518280218,241.80835498935676,-2512.1949254197534,7047.013907002756,0.614879505641055,26.358756,-7410.757756632128,0.0,-2330.3566662585367,9714.795697124006,0.04068475594131461,0.0,-8665.368388104547,1436.9357722279703,-1043.0116307117717,0.0,1.7121908622436237,0.0,0.0,0.0,0.0,0.0,0.0,335601.298064503,0.0,0.0,0.0,0.0,0.0,0.0,0.0,21.76925295258673,19.264857187589595,21.779888077613435,3.304944923898726,-17.290250002300976,-17.290250002300976,-17.290250002300976,-17.290250002300976,-17.290250002300976,-17.290250002300976,-17.290250002300976,-17.290250002300976,31.123678173625567,31.083795453978837,31.02966388175485,30.854402200199527,30.67479311701125,30.674793578222637,21.769252952585948,30.886986209349747,30.7404064530278,32.276799377877616,19.264857187588774,30.948516837535198,30.866016329022298,30.866016329021942,21.77988807761214,19.68853619396178,17.273369786683155,19.501032235205674,18.810368531190008,18.81036637058768,18.81036637059036,18.810366370593037,-17.290250002300976,10.577544848905507,11.301839904907563,11.301839904907563,31.123678171708082,0.0,0.0,0.0,0.022950558891074925,0.0,0.0,0.0,0.0,0.02340757361181765,0.0,0.09456261202865571,0.034154592408614175,0.0,0.23280670809121498,2.23418088720887,2.2341808872319957,2.234180887208872,2.2342536438407787,2.2341808872088675,2.1897570776976787,0.04442380951111746,2.2341808872088698,2.2341808872088698,2.2341808872088693,2.2341808872088698,0.5460100250979891,0.6740141887801219,0.7102341437816746,0.6740141887801754,0.0,0.5640206601470176,0.546009371740258,0.546009371740475,0.018011288406740784,0.5237221743368672,0.6443934109208231,0.6800130724840177,0.0,0.5416793416473376,0.5237220402904716,0.5237220402904523,0.017957301356862004,0.6443934109208225,0.796473900077893,0.8439336709431734,0.7964739000778466,0.0,1.0840570759034998,1.062404520105023,0.021652555798199108,1.0624045201052987,1.0624045201028895,0.0,715053.946553346,0.0,0.0,0.0,0.0,0.0,1507316.955251852,0.0,0.0,0.0,0.0,0.0,1398213.9997551218,0.0,0.0,0.0,0.0,0.0,625806.978427063,8273.120934724488,4963872.560834693,0.0,0.0,21.772574480211446,3535080.560391207,0.0,19.26759928969268,4228208.344201654,0.0,21.78000362560556,5828877.418274405,0.0,3.3118287486225797,0.0,0.0,55711.26507495536,1250.0,1000.0,0.0 
 01/21  15:00:00,43.93125,-4684.5632874407465,-49.615958785975636,-1191.8380742488494,5882.809133471976,0.7280940038195508,43.93125,-4811.221772170988,241.5602005428309,-2512.3396834697237,7038.670584110092,0.605298622886153,26.358756,-7396.500226263715,0.0,-2330.336857599421,9700.517091852502,0.03939192103451546,0.0,-8661.953263038928,1436.6011611839397,-1043.5121269919482,0.0,1.64208829010294,0.0,0.0,0.0,0.0,0.0,0.0,335708.7259613204,0.0,0.0,0.0,0.0,0.0,0.0,0.0,21.772577951397928,19.267602710401132,21.78001022411467,3.3118287486225797,-17.290250002300976,-17.290250002300976,-17.290250002300976,-17.290250002300976,-17.290250002300976,-17.290250002300976,-17.290250002300976,-17.290250002300976,31.110225308457053,31.070373272300287,31.016283395336476,30.841156178985884,30.66168513748866,30.661685598638364,21.77257795139715,30.87371517889064,30.727248084766508,32.26364100954219,19.267602710400308,30.93519868754067,30.852761628229494,30.85276162822914,21.780010224113376,19.691684535705477,17.275972474871576,19.501178834328034,18.812241530957316,18.812239371053575,18.812239371056222,18.81223937105887,-17.290250002300976,10.578990542131685,11.303285597712602,11.303285597712602,31.110225306577778,0.0,0.0,0.0,0.022951949653640967,0.0,0.0,0.0,0.0,0.02340881984565002,0.0,0.09456312486748268,0.03415506811758283,0.0,0.232812791247481,2.2341808872088684,2.2341808870024344,2.2341808872088706,2.234283695083072,2.234180887208868,2.189759296166325,0.044421591043395305,2.2341808872088698,2.23418088720887,2.2341808872088693,2.2341808872088698,0.5460014065744931,0.6740134653546304,0.7102338631601985,0.6740134653538407,0.0,0.564021215099638,0.5460108102772805,0.5460108102738875,0.018010404822626596,0.5237242533492904,0.6443928431156555,0.680012865890051,0.0,0.5416799039973049,0.523723485539576,0.5237234855405987,0.017956418457721102,0.6443928431158149,0.7964743544860277,0.8439341581586698,0.7964743544865681,0.0,1.0840581770675473,1.0624066906407843,0.02165148642985925,1.0624066906377088,1.062406690618317,0.0,715102.8445493096,0.0,0.0,0.0,0.0,0.0,1507403.8100818344,0.0,0.0,0.0,0.0,0.0,1398202.1145596525,0.0,0.0,0.0,0.0,0.0,626107.276195169,8270.47247720032,4962283.486320191,0.0,0.0,21.77585340949722,3529685.4800831852,0.0,19.270302058876982,4223202.350466057,0.0,21.780121893477762,5820310.2551115,0.0,3.318430885197801,0.0,0.0,55669.39075079528,1250.0,1000.0,0.0 
 01/21  15:10:00,43.93125,-4675.340632165708,-49.9420569666504,-1191.9183208457716,5873.982898238446,0.718068421431786,43.93125,-4802.658877979171,241.31570486029,-2512.481843163635,7030.485037009773,0.5959006757768044,26.358756,-7382.5247958981145,0.0,-2330.317193928688,9686.52078475908,0.03815267260346688,0.0,-8658.648270181988,1436.2845937604443,-1043.9932585966128,0.0,1.5752691918492487,0.0,0.0,0.0,0.0,0.0,0.0,335811.7848127061,0.0,0.0,0.0,0.0,0.0,0.0,0.0,21.7758568792654,19.270305478220735,21.780128489193437,3.3184308851978015,-17.290250002300976,-17.290250002300976,-17.290250002300976,-17.290250002300976,-17.290250002300976,-17.290250002300976,-17.290250002300976,-17.290250002300976,31.097038494546823,31.05721631376074,31.003167007061016,30.828170628164674,30.64883390591179,30.6488343669863,21.77585687926462,30.860705293898597,30.714347824343402,32.250740749047395,19.270305478219914,30.922142954092255,30.83976763288353,30.839767632883174,21.78012848919215,19.694788319224948,17.27853375684441,19.501320506341568,18.814084661349305,18.814082502109045,18.814082502111667,18.814082502114292,-17.290250002300976,10.580413181774563,11.304708236941055,11.304708236941055,31.097038492704712,0.0,0.0,0.0,0.022953305862410595,0.0,0.0,0.0,0.0,0.023410032615083193,0.0,0.09456363102298225,0.03415552735836675,0.0,0.23281860471549515,2.23418088720887,2.23418088691902,2.2341808872088684,2.2339145762313333,2.234180887208871,2.1897614711424693,0.04441941606642733,2.2341808872088698,2.23418088720887,2.2341808872088698,2.2341808872088698,0.5460110321606824,0.6740127521701542,0.7102335864012561,0.674012752170047,0.0,0.5640217577210417,0.5460122194121512,0.546012219411639,0.018009538308923247,0.5237258355014134,0.6443922844473627,0.6800126625976037,0.0,0.541680455065804,0.5237249024861885,0.5237249024865483,0.0179555525795951,0.6443922844474291,0.7964748028364091,0.8439346382100127,0.7964748028364386,0.0,1.084059258355624,1.0624088205681201,0.02165043778761626,1.0624088205680087,1.0624088205765494,0.0,715150.9925074631,0.0,0.0,0.0,0.0,0.0,1507489.1058981814,0.0,0.0,0.0,0.0,0.0,1398190.3163572128,0.0,0.0,0.0,0.0,0.0,626395.9551579676,8267.899941684194,4960739.965010516,0.0,0.0,21.779087224609746,3524389.7389430664,0.0,19.27296288871819,4218291.022205862,0.0,21.78023644075146,5811912.470855447,0.0,3.3247645157750654,0.0,0.0,55628.32899551191,1250.0,1000.0,0.0 
 01/21  15:20:00,43.93125,-4666.284488493394,-50.26400783174495,-1191.997345840926,5865.318007109237,0.7082465738754293,43.93125,-4794.25569769537,241.0748070710738,-2512.6214723531407,7022.453250664672,0.5866806190720051,26.358756,-7368.823894401189,0.0,-2330.2976825763726,9672.79920580784,0.03696306595367272,0.0,-8655.448870318169,1435.9851651109686,-1044.4559044021814,0.0,1.5115629557717543,0.0,0.0,0.0,0.0,0.0,0.0,335910.67798427754,0.0,0.0,0.0,0.0,0.0,0.0,0.0,21.779090692987335,19.272966306723905,21.78024303372845,3.3247645157750654,-17.290250002300976,-17.290250002300976,-17.290250002300976,-17.290250002300976,-17.290250002300976,-17.290250002300976,-17.290250002300976,-17.290250002300976,31.084110593875394,31.044317471131198,30.99030765152005,30.815438617304245,30.636232630312644,30.63623309132329,21.779090692986557,30.847949598668265,30.701698828871645,32.23809175350703,19.272966306723077,30.909342634258792,30.82702740361289,30.82702740361253,21.780243033727157,19.69784850671746,17.281054461651152,19.501457461787506,18.815898621641924,18.815896463031777,18.815896463034377,18.81589646303696,-17.290250002300976,10.58181330740192,11.306108362160545,11.306108362160545,31.084110592069454,0.0,0.0,0.0,0.022954628837822295,0.0,0.0,0.0,0.0,0.023411213185839556,0.0,0.09456413050245639,0.03415597084144548,0.0,0.23282416156175828,2.2341808872088698,2.2341808873050484,2.2341808872088693,2.234359985453005,2.234180887208869,2.1897636038092605,0.04441728340002744,2.2341808872088698,2.2341808872088698,2.234180887208869,2.2341808872088698,0.5460093413796253,0.6740120490337674,0.7102333134539405,0.6740120490334143,0.0,0.5640222888524684,0.5460136004617343,0.5460136004602465,0.018008688390856564,0.5237261476809539,0.644391734741801,0.6800124625550182,0.0,0.541680995023963,0.5237262917529292,0.5237262917532566,0.017954703271041584,0.6443917347418461,0.7964752451809601,0.843935111199936,0.7964752451812279,0.0,1.0840603199318768,1.0624109106156152,0.02164940931782759,1.0624109106140602,1.0624109105986916,0.0,715198.4075045558,0.0,0.0,0.0,0.0,0.0,1507572.8834118845,0.0,0.0,0.0,0.0,0.0,1398178.6095458237,0.0,0.0,0.0,0.0,0.0,626673.5426413089,8265.400405446602,4959240.243267962,0.0,0.0,21.782276841609082,3519190.8042655424,0.0,19.2755825724117,4213471.950398802,0.0,21.78034741646395,5803679.523484705,0.0,3.330842138482146,0.0,0.0,55588.05822982391,1250.0,1000.0,0.0 
 01/21  15:30:00,43.93125,-4657.390731981372,-50.58188582788398,-1192.0751851207206,5856.810430443539,0.698617073383604,43.93125,-4786.008271010935,240.83744720121467,-2512.758637480829,7014.571387600524,0.5776341339883165,26.358756,-7355.390300060651,0.0,-2330.2783267874083,9659.345137532708,0.03582146448972855,0.0,-8652.350753873128,1435.7020170106891,-1044.900897304089,0.0,1.450809555083674,0.0,0.0,0.0,0.0,0.0,0.0,336005.59840084624,0.0,0.0,0.0,0.0,0.0,0.0,0.0,21.78228030862302,19.275585989105345,21.780354006755584,3.330842138482146,-17.290250002300976,-17.290250002300976,-17.290250002300976,-17.290250002300976,-17.290250002300976,-17.290250002300976,-17.290250002300976,-17.290250002300976,31.071434797646727,31.03166996486728,30.977698588898956,30.802953534600885,30.623874830185162,30.62387529112969,21.78228030862224,30.83544145765564,30.689294570036953,32.2256874946045,19.27558598910452,30.896791047619196,30.81453432041869,30.814534320418336,21.78035400675429,19.70086601843384,17.28353539387007,19.50158989722174,18.81768408180183,18.817681923790087,18.817681923792648,18.817681923795213,-17.290250002300976,10.583191436044174,11.307486490401342,11.307486490401342,31.071434795876,0.0,0.0,0.0,0.02295591981040731,0.0,0.0,0.0,0.0,0.02341236276043218,0.0,0.09456462338990541,0.034156399249440986,0.0,0.23282947419188832,2.234180887208869,2.234180887274098,2.234180887208869,2.234239068732616,2.234180887208871,2.1897656952627833,0.04441519194634356,2.2341808872088698,2.23418088720887,2.23418088720887,2.2341808872088698,0.5460123708929824,0.6740113556878192,0.7102330441995726,0.6740113556876054,0.0,0.5640228085512496,0.5460149538897788,0.5460149538888818,0.01800785466154528,0.5237275134031208,0.6443911938366591,0.6800122657193406,0.0,0.5416815242296232,0.5237276541146539,0.5237276541148378,0.017953870114975474,0.6443911938366838,0.7964756816343233,0.8439355772899719,0.7964756816344881,0.0,1.0840613624813196,1.0624129619761904,0.021648400506096396,1.0624129619752296,1.0624129619651428,0.0,715245.1110724322,0.0,0.0,0.0,0.0,0.0,1507655.1824884973,0.0,0.0,0.0,0.0,0.0,1398166.9960724453,0.0,0.0,0.0,0.0,0.0,626940.5383824535,8262.97109587668,4957782.657526008,0.0,0.0,21.78542312532835,3514086.258266123,0.0,19.278161883913786,4208742.832560314,0.0,21.78045496473927,5795607.082519623,0.0,3.3366756097920147,0.0,0.0,55548.55786335549,1250.0,1000.0,0.0 
 01/21  15:40:00,43.93125,-4648.655419425364,-50.895761025200954,-1192.1518682139317,5848.4563184504095,0.6891709467458151,43.93125,-4777.912799128836,240.603566431309,-2512.893402352024,7006.835767573475,0.5687571688607707,26.358756,-7342.2171069594815,0.0,-2330.259131488452,9646.151674596464,0.03472517296523132,0.0,-8649.349826149122,1435.4343358129502,-1045.3290286267568,0.0,1.3928574381414491,0.0,0.0,0.0,0.0,0.0,0.0,336096.72909809736,0.0,0.0,0.0,0.0,0.0,0.0,0.0,21.785426591004896,19.278165299320683,21.780461552397483,3.3366756097920147,-17.290250002300976,-17.290250002300976,-17.290250002300976,-17.290250002300976,-17.290250002300976,-17.290250002300976,-17.290250002300976,-17.290250002300976,31.059004593874395,31.01926731080904,30.96533337283224,30.79070905557574,30.611754306076993,30.611754766959034,21.785426591004114,30.823174523663816,30.67712880262663,32.213521727127,19.278165299319863,30.884481804288338,30.802282050874496,30.802282050874137,21.78046155239619,19.70384172363433,17.28597733687216,19.50171800155913,18.819441683230675,18.81943952578719,18.81943952578971,18.819439525792255,-17.290250002300976,10.58454806266148,11.308843116623457,11.308843116623457,31.059004592137978,0.0,0.0,0.0,0.022957179958531117,0.0,0.0,0.0,0.0,0.02341348248543115,0.0,0.09456510972726268,0.034156813225629835,0.0,0.23283455435692918,2.2341808872088706,2.2341808869301336,2.2341808872088693,2.2343849226901473,2.234180887208868,2.1897677465642875,0.044413140644805164,2.2341808872088698,2.2341808872088698,2.234180887208871,2.2341808872088698,0.5460130155621072,0.6740106719272333,0.7102327785628048,0.6740106719269525,0.0,0.5640233172467418,0.54601628053719,0.5460162805359394,0.01800703670964407,0.5237299797492976,0.6443906615689728,0.6800120720432291,0.0,0.5416820429335294,0.52372899022713,0.5237289902276847,0.017953052706379882,0.6443906615690681,0.7964761122738805,0.8439360366028498,0.7964761122740347,0.0,1.084062386383583,1.062414975529404,0.02164741085501345,1.0624149755285748,1.062414975535689,0.0,715291.120928359,0.0,0.0,0.0,0.0,0.0,1507736.0414112145,0.0,0.0,0.0,0.0,0.0,1398155.4788930712,0.0,0.0,0.0,0.0,0.0,627197.4171760541,8260.609375198905,4956365.6251193425,0.0,0.0,21.788526900244115,3509073.7910702457,0.0,19.280701579132455,4204101.460544086,0.0,21.780559221609725,5787691.004757877,0.0,3.342276178427088,0.0,0.0,55509.80820191899,1250.0,1000.0,0.0 
 01/21  15:50:00,43.93125,-4640.074773030414,-51.20570041246765,-1192.2274241228497,5840.251981420838,0.6799002426191283,43.93125,-4769.965631319647,240.37310666882786,-2513.025828098106,6999.242855891188,0.5600461924712035,26.358756,-7329.297696685429,0.0,-2330.240101141975,9633.212201184195,0.033671756446505656,0.0,-8646.442193597904,1435.1813499277341,-1045.7410497618666,0.0,1.3375634086485446,0.0,0.0,0.0,0.0,0.0,0.0,336184.2437667057,0.0,0.0,0.0,0.0,0.0,0.0,0.0,21.78853036460886,19.280704993277247,21.780565806685132,3.342276178427088,-17.290250002300976,-17.290250002300976,-17.290250002300976,-17.290250002300976,-17.290250002300976,-17.290250002300976,-17.290250002300976,-17.290250002300976,31.046813743315695,31.007103296203645,30.953205826546096,30.77869911946524,30.599865116222087,30.59986557704779,21.78853036460809,30.811142714339734,30.665195541390318,32.20158846582634,19.280704993276423,30.872408781261438,30.79026452667605,30.790264526675696,21.780565806683846,19.70677645071011,17.288381054107656,19.501841953378978,18.82117204149787,18.821169884593942,18.821169884596447,18.821169884598962,-17.290250002300976,10.58588366229968,11.310178715872587,11.310178715872587,31.046813741612716,0.0,0.0,0.0,0.02295841039887028,0.0,0.0,0.0,0.0,0.023414573454207183,0.0,0.09456558955820576,0.03415721338073803,0.0,0.23283941319827603,2.234180887208871,2.234180887036337,2.234180887208866,2.234300314652938,2.2341808872088698,2.1897697587282776,0.044411128481397256,2.2341808872088698,2.2341808872088698,2.2341808872088698,2.2341808872088698,0.5460082506221648,0.674009997551046,0.7102325164666251,0.6740099975502605,0.0,0.5640238152725935,0.5460175811282466,0.5460175811248642,0.018006234144613473,0.5237312246787184,0.6443901377824507,0.6800118814828733,0.0,0.5416825514338188,0.523730300777765,0.5237303007788243,0.017952250656042196,0.6443901377826174,0.79647653717746,0.8439364892594193,0.7964765371779892,0.0,1.084063392020114,1.0624169521342697,0.021646439888861696,1.0624169521312723,1.0624169521099351,0.0,715336.4544737099,0.0,0.0,0.0,0.0,0.0,1507815.4968588636,0.0,0.0,0.0,0.0,0.0,1398144.060685185,0.0,0.0,0.0,0.0,0.0,627444.62985712,8258.312733759623,4954987.640255774,0.0,0.0,21.791588955075273,3504151.1888525025,0.0,19.283202398249646,4199545.713534712,0.0,21.78066031579741,5779927.320710518,0.0,3.3476545187986755,0.0,0.0,55471.790373946686,1250.0,1000.0,0.0 
 01/21  16:00:00,43.93125,-4631.645163144637,-51.51176761146462,-1192.301885273484,5832.193875983146,0.6707962050381803,43.93125,-4762.163252943783,240.14601069790615,-2513.155974565824,6991.789251435187,0.551497762787053,26.358756,-7316.625716515089,0.0,-2330.221237820523,9620.520366488767,0.032660070226551374,0.0,-8643.624153471119,1434.9423273303707,-1046.1376737787646,0.0,1.2847927174417906,0.0,0.0,0.0,0.0,0.0,0.0,336268.30730270885,0.0,0.0,0.0,0.0,0.0,0.0,0.0,21.79159241815319,19.2832058111564,21.78066689833936,3.3476545187986755,-17.290250002300976,-17.290250002300976,-17.290250002300976,-17.290250002300976,-17.290250002300976,-17.290250002300976,-17.290250002300976,-17.290250002300976,31.034856255662987,30.99517195598348,30.94131001925413,30.766917905899486,30.588201553499548,30.588202014256623,21.791592418152412,30.799340188888422,30.653489038079634,32.18988196245382,19.28320581115558,30.86056609900663,30.778475920433944,30.778475920433596,21.78066689833807,19.709670991495656,17.290747291425284,19.50196192192109,18.82287574894338,18.822873592551762,18.822873592554238,18.822873592556725,-17.290250002300976,10.587198692112779,11.311493745302611,11.311493745302611,31.034856253992604,0.0,0.0,0.0,0.022959612180005123,0.0,0.0,0.0,0.0,0.023415636708408887,0.0,0.09456606297067068,0.034157600300183645,0.0,0.2328440612920311,2.2341808872088706,2.234180887253854,2.2341808872088675,2.2343010698504377,2.2341808872088715,2.189771732710401,0.044409154498386026,2.2341808872088698,2.2341808872088698,2.2341808872088693,2.2341808872088698,0.5460198141831942,0.6740093323272532,0.7102322577991942,0.6740093323273343,0.0,0.5640243025384147,0.5460188559213447,0.5460188559216941,0.01800544661704253,0.5237314738484979,0.6443896223259874,0.6800116939972184,0.0,0.5416830501128147,0.5237315865144737,0.52373158651436,0.017951463598342543,0.6443896223259691,0.7964769564575453,0.8439369354124526,0.796476956457492,0.0,1.0840643800593481,1.0624188929004874,0.02164548715855657,1.0624188929007896,1.0624188929165441,0.0,715381.1311640904,0.0,0.0,0.0,0.0,0.0,1507893.5847394946,0.0,0.0,0.0,0.0,0.0,1398132.7426923139,0.0,0.0,0.0,0.0,0.0,627682.6042672588,8256.078783383666,4953647.2700302,0.0,0.0,21.79461003915623,3499316.325589888,0.0,19.28566506611782,4195073.550861112,0.0,21.78075837258789,5772312.21989326,0.0,3.352820764830957,0.0,0.0,55434.48625792666,1250.0,1000.0,0.0 
 01/21  16:10:00,43.93125,-4623.363101959749,-51.81402371421473,-1192.3752726414816,5824.278596044761,0.6618545159265182,43.93125,-4754.5022736284845,239.9222225637193,-2513.28390031074,6984.471673647557,0.5431077704030757,26.358756,-7304.195055514896,0.0,-2330.2025467554963,9608.07005942755,0.031686893775517026,0.0,-8640.892180068116,1434.7165741628367,-1046.5195792838674,0.0,1.2344170744411347,0.0,0.0,0.0,0.0,0.0,0.0,336349.0762280289,0.0,0.0,0.0,0.0,0.0,0.0,0.0,21.794613500971668,19.285668477809995,21.780764952644528,3.352820764830957,-17.290250002300976,-17.290250002300976,-17.290250002300976,-17.290250002300976,-17.290250002300976,-17.290250002300976,-17.290250002300976,-17.290250002300976,31.023126369558263,30.983467552862734,30.929640246366287,30.75535981584685,30.576758127166578,30.576758587865946,21.79461350097089,30.78776132847278,30.642003762045956,32.178396686358845,19.28566847780917,30.848948101779367,30.76691062609572,30.766910626095367,21.780764952643246,19.712526098663698,17.293076777625913,19.502078070547835,18.824553375518068,18.824551219612815,18.824551219615277,18.824551219617735,-17.290250002300976,10.588493591911023,11.312788644723645,11.312788644723645,31.023126367919673,0.0,0.0,0.0,0.022960786323799588,0.0,0.0,0.0,0.0,0.023416673242874452,0.0,0.0945665299792557,0.034157974531655165,0.0,0.23284850865022086,2.2341808872088684,2.2341808872621325,2.234180887208867,2.2340747785693855,2.2341808872088698,2.189773669458094,0.044407217750780686,2.2341808872088698,2.2341808872088698,2.2341808872088698,2.2341808872088698,0.5460201591216612,0.6740086761182458,0.7102320025333747,0.6740086761182514,0.0,0.5640247798011232,0.5460201060583776,0.5460201060584071,0.018004673742744195,0.5237327387044435,0.6443891150370978,0.6800115095302759,0.0,0.5416835390373275,0.5237328478641755,0.5237328478641409,0.01795069117315436,0.6443891150370911,0.7964773701582972,0.8439373751452193,0.796477370158299,0.0,1.0840653506196254,1.0624207983995455,0.02164455222009724,1.0624207983995277,1.0624207983974199,0.0,715425.1635848889,0.0,0.0,0.0,0.0,0.0,1507970.340186444,0.0,0.0,0.0,0.0,0.0,1398121.5280532981,0.0,0.0,0.0,0.0,0.0,627911.7475703205,8253.90524508811,4952343.147052866,0.0,0.0,21.797590882421275,3494567.157626856,0.0,19.288090289278205,4190683.0041885353,0.0,21.780853507597847,5764842.03565653,0.0,3.357784535804741,0.0,0.0,55397.87842440885,1250.0,1000.0,0.0 
 01/21  16:20:00,43.93125,-4615.225228680185,-52.11252797752741,-1192.4476139755702,5816.502857126166,0.6530681889902152,43.93125,-4746.979420002388,239.70168673763987,-2513.4096611851937,6977.286958884396,0.5348733242940658,26.358756,-7291.999829161233,0.0,-2330.1840302292735,9595.855399204218,0.030751173948022674,0.0,-8638.24291635007,1434.5034319519464,-1046.887410380034,0.0,1.1863160531652652,0.0,0.0,0.0,0.0,0.0,0.0,336426.69920309354,0.0,0.0,0.0,0.0,0.0,0.0,0.0,21.797594342997996,19.288093699778692,21.780860085216137,3.3577845358047416,-17.290250002300976,-17.290250002300976,-17.290250002300976,-17.290250002300976,-17.290250002300976,-17.290250002300976,-17.290250002300976,-17.290250002300976,31.01161853838005,30.9719845631854,30.91819101541883,30.744019457358117,30.565529548372588,30.565530009016175,21.79759434299722,30.776400722502284,30.630734386898258,32.16712731115081,19.28809369977787,30.837549343744385,30.75556324526284,30.755563245262486,21.78086008521484,19.715342503821248,17.295370221808565,19.502190551388324,18.82620547177588,18.826203316332343,18.826203316334784,18.82620331633721,-17.290250002300976,10.589768786602756,11.314063839043905,11.314063839043905,31.01161853677248,0.0,0.0,0.0,0.022961933785253363,0.0,0.0,0.0,0.0,0.023417684006243136,0.0,0.09456699065454394,0.03415833660185291,0.0,0.23285276478342415,2.23418088720887,2.2341808872661706,2.2341808872088715,2.2343775662210397,2.2341808872088667,2.1897755698614376,0.0444053173475331,2.2341808872088698,2.2341808872088698,2.234180887208869,2.2341808872088698,0.546019871386764,0.6740080287273441,0.7102317505825684,0.6740080287272183,0.0,0.564025247137451,0.5460213319491296,0.5460213319485709,0.018003915188362727,0.5237345206608549,0.644388615768714,0.6800113280389735,0.0,0.5416840185174786,0.523734085478292,0.5237340854785382,0.017949933039177916,0.6443886157687563,0.7964777783730448,0.8439378085873345,0.7964777783731141,0.0,1.084066304206312,1.062422669551583,0.021643634655104473,1.0624226695512093,1.0624226695470773,0.0,715468.5683853421,0.0,0.0,0.0,0.0,0.0,1508045.796711116,0.0,0.0,0.0,0.0,0.0,1398110.418137564,0.0,0.0,0.0,0.0,0.0,628132.4462280204,8251.789948362413,4951073.969017448,0.0,0.0,21.800532183385318,3489901.7142757,0.0,19.29047876139985,4186372.175330638,0.0,21.780945833282285,5757513.239522533,0.0,3.3625549678613456,0.0,0.0,55361.95008956559,1250.0,1000.0,0.0 
 01/21  16:30:00,43.93125,-4607.228299490856,-52.40733680984431,-1192.5189335837117,5808.863491952234,0.6444312856568124,43.93125,-4739.591527864299,239.4843487102844,-2513.533311330864,6970.232047757679,0.5267912386193097,26.358756,-7280.034363076348,0.0,-2330.1656910025677,9583.87071081106,0.02985097663676917,0.0,-8635.673164405816,1434.3022760712586,-1047.2417796593838,0.0,1.1403755702424683,0.0,0.0,0.0,0.0,0.0,0.0,336501.31744015584,0.0,0.0,0.0,0.0,0.0,0.0,0.0,21.80053564274652,19.290482170730996,21.780952408508046,3.362554967861346,-17.290250002300976,-17.290250002300976,-17.290250002300976,-17.290250002300976,-17.290250002300976,-17.290250002300976,-17.290250002300976,-17.290250002300976,31.0003274109334,30.960717657691994,30.90695702694582,30.732891627027193,30.554510712246323,30.55451117283605,21.800535642745732,30.765253149698783,30.619675771768495,32.15606869596207,19.290482170730183,30.82636456996518,30.7444285683003,30.74442856829994,21.780952408506764,19.71812090683006,17.297628318611068,19.50229951135945,18.8278325695252,18.827830414519898,18.82783041452231,18.827830414524723,-17.290250002300976,10.591024686615436,11.315319738690738,11.315319738690738,31.0003274093561,0.0,0.0,0.0,0.022963055478344936,0.0,0.0,0.0,0.0,0.023418669905216148,0.0,0.09456744505127603,0.034158687010091775,0.0,0.23285683871153615,2.2341808872088698,2.2341808872553957,2.2341808872088675,2.2343095668450577,2.234180887208869,2.1897774347844194,0.04440345242470495,2.2341808872088698,2.2341808872088698,2.2341808872088698,2.2341808872088698,0.546018899642186,0.674007389984799,0.710231501881474,0.6740073899844867,0.0,0.5640257047981905,0.5460225341761475,0.5460225341747598,0.018003170622145848,0.5237363597081562,0.6443881243730955,0.6800111494770457,0.0,0.5416844887937919,0.5237352999286229,0.5237352999292288,0.017949188865148142,0.6443881243731993,0.7964781811783715,0.8439382358503654,0.7964781811785451,0.0,1.08406724119194,1.0624245071353142,0.021642734057568905,1.0624245071343774,1.0624245071254073,0.0,715511.3601502269,0.0,0.0,0.0,0.0,0.0,1508119.9867985183,0.0,0.0,0.0,0.0,0.0,1398099.414601541,0.0,0.0,0.0,0.0,0.0,628345.0677956303,8249.730821076037,4949838.492645622,0.0,0.0,21.803434613860205,3485318.0951713403,0.0,19.292831161961686,4182139.2286546077,0.0,21.781035456289565,5750322.4264866365,0.0,3.3671407394037707,0.0,0.0,55326.68505950586,1250.0,1000.0,0.0 
 01/21  16:40:00,43.93125,-4599.3691812828865,-52.69850492325941,-1192.5892547945477,5801.357441415484,0.6359390939461598,43.93125,-4732.335535408289,239.27015467497495,-2513.654902738662,6963.303981558328,0.5188585386719283,26.358756,-7268.293179144213,0.0,-2330.147531675698,9572.110517622996,0.028984657428300736,0.0,-8633.179875786596,1434.1125138208395,-1047.5832696384534,0.0,1.096487584804749,0.0,0.0,0.0,0.0,0.0,0.0,336573.0650971096,0.0,0.0,0.0,0.0,0.0,0.0,0.0,21.803438072028516,19.292834570145306,21.781042029167555,3.367140739403771,-17.290250002300976,-17.290250002300976,-17.290250002300976,-17.290250002300976,-17.290250002300976,-17.290250002300976,-17.290250002300976,-17.290250002300976,30.989247823243943,30.949661693365456,30.895933166395324,30.72197130207801,30.543696690153137,30.54369715069102,21.80343807202773,30.75431357021805,30.608822953644854,32.14521587778253,19.29283457014448,30.8153887084328,30.73350156648006,30.733501566479706,21.78104202916627,19.720861980259265,17.299851747110214,19.50240508985778,18.829435182154988,18.82943302756558,18.82943302756797,18.829433027570367,-17.290250002300976,10.59226168816202,11.316556739876976,11.316556739876976,30.989247821696193,0.0,0.0,0.0,0.022964152273737607,0.0,0.0,0.0,0.0,0.02341963180645179,0.0,0.09456789322239381,0.03415902623104401,0.0,0.2328607389905551,2.2341808872088698,2.2341808872563798,2.234180887208866,2.2339217555708313,2.2341808872088724,2.189779265062206,0.044401622147300236,2.2341808872088698,2.2341808872088698,2.234180887208869,2.2341808872088698,0.546017097569467,0.674006759728428,0.7102312563681835,0.6740067597278783,0.0,0.5640261530197985,0.5460237132969541,0.5460237132946318,0.018002439723034305,0.5237363867519335,0.6443876407062324,0.6800109737994273,0.0,0.5416849501203421,0.5237364917908508,0.523736491791392,0.017948458329500618,0.6443876407063085,0.796478578648052,0.843938657041297,0.7964785786484625,0.0,1.0840681619206207,1.062426311888184,0.02164185003482903,1.062426311885808,1.062426311869178,0.0,715553.5528767286,0.0,0.0,0.0,0.0,0.0,1508192.9416431969,0.0,0.0,0.0,0.0,0.0,1398088.519005419,0.0,0.0,0.0,0.0,0.0,628549.9617830721,8247.725884859337,4948635.530915602,0.0,0.0,21.806298824477025,3480814.4648492895,0.0,19.29514815719396,4177982.3889349983,0.0,21.78112247833115,5743266.310573797,0.0,3.37155009529916,0.0,0.0,55292.06770650403,1250.0,1000.0,0.0 
 01/21  16:50:00,43.93125,-4591.644843188157,-52.98608504359845,-1192.6586019898282,5793.981745609583,0.6275863430033879,43.93125,-4725.208476426642,239.05905188606926,-2513.7744868715954,6956.499894439042,0.5110718117838225,26.358756,-7256.770983691507,0.0,-2330.129553208538,9560.569525483124,0.028150734187954333,0.0,-8630.76014393873,1433.9335826947326,-1047.9124340319545,0.0,1.0545501559960264,0.0,0.0,0.0,0.0,0.0,0.0,336642.06967521674,0.0,0.0,0.0,0.0,0.0,0.0,0.0,21.806302281474576,19.295151564251352,21.781129048905044,3.37155009529916,-17.290250002300976,-17.290250002300976,-17.290250002300976,-17.290250002300976,-17.290250002300976,-17.290250002300976,-17.290250002300976,-17.290250002300976,30.978374781994724,30.938811696929175,30.885114487710325,30.71125362416403,30.533082713713405,30.533083174191887,21.806302281473805,30.743577109441386,30.598171131377605,32.13456405546006,19.295151564250535,30.804616853784783,30.722777375840188,30.72277737583984,21.78112904890376,19.723566374593187,17.302041171804444,19.502507419755368,18.831013807073727,18.831011652878985,18.831011652881347,18.831011652883706,-17.290250002300976,10.593480175163128,11.317775226523137,11.317775226523137,30.978374780475832,0.0,0.0,0.0,0.02296522499623543,0.0,0.0,0.0,0.0,0.02342057053715387,0.0,0.09456833524873853,0.03415935471972228,0.0,0.2328644737516343,2.2341808872088693,2.2341808871856954,2.23418088720887,2.2343071149059837,2.234180887208872,2.189781061491757,0.04439982571708109,2.23418088720887,2.23418088720887,2.2341808872088693,2.2341808872088698,0.5460257243343322,0.6740061377839536,0.7102310139659425,0.6740061377840298,0.0,0.5640265918577396,0.5460248696647478,0.5460248696651062,0.01800172219296791,0.5237370922099811,0.6443871646247369,0.68001080095953,0.0,0.5416854027354624,0.5237376616074361,0.5237376616072054,0.01794774112803843,0.6443871646246948,0.7964789708741958,0.8439390722833952,0.79647897087417,0.0,1.084069066898586,1.0624280846869576,0.021640982211512904,1.0624280846870722,1.0624280846985548,0.0,715595.1611938969,0.0,0.0,0.0,0.0,0.0,1508264.6921229572,0.0,0.0,0.0,0.0,0.0,1398077.7319251227,0.0,0.0,0.0,0.0,0.0,628747.4604191727,8245.773250491711,4947463.950295026,0.0,0.0,21.809125442167066,3476389.0473657497,0.0,19.29743039812112,4173899.9366634255,0.0,21.781206996668796,5736341.715289876,0.0,3.3757908713217337,0.0,0.0,55258.08291715565,1250.0,1000.0,0.0 
 01/21  17:00:00,43.93125,-4584.052354379639,-53.27012889168782,-1192.7269928957326,5786.7335433365115,0.6193706347443187,43.93125,-4718.207475960912,238.85098820242024,-2513.8921129486366,6949.8170108227905,0.5034283479491447,26.358756,-7245.462656838724,0.0,-2330.1117588929574,9549.242616454763,0.027347826887929052,0.0,-8628.411195413664,1433.7649489940704,-1048.2298003504106,0.0,1.0144664332115207,0.0,0.0,0.0,0.0,0.0,0.0,336708.452350897,0.0,0.0,0.0,0.0,0.0,0.0,0.0,21.809128898015448,19.297433804073094,21.781213564981275,3.375790871321734,-17.290250002300976,-17.290250002300976,-17.290250002300976,-17.290250002300976,-17.290250002300976,-17.290250002300976,-17.290250002300976,-17.290250002300976,30.96770346443155,30.92816286479085,30.87449621332561,30.700733899728995,30.52266417555509,30.522664635981712,21.809128898014666,30.733039058081772,30.587715665901072,32.12410858992915,19.297433804072277,30.794044267341814,30.712251297262384,30.712251297262025,21.781213564979986,19.726234716320597,17.30419724093095,19.502606627771808,18.83256892486505,18.83256677104473,18.83256677104707,18.832566771049407,-17.290250002300976,10.594680518438327,11.318975569448668,11.318975569448668,30.96770346294084,0.0,0.0,0.0,0.022966274447654113,0.0,0.0,0.0,0.0,0.023421486889431423,0.0,0.094568771160826,0.03415967290318085,0.0,0.23286805069611216,2.2341808872088698,2.2341808872050097,2.234180887208871,2.234352694047655,2.234180887208867,2.189782824864059,0.0443980623447845,2.2341808872088698,2.2341808872088698,2.2341808872088698,2.2341808872088698,0.5460268426586102,0.674005524032245,0.7102307746473145,0.6740055240323201,0.0,0.5640270218476908,0.5460260041339942,0.5460260041343468,0.018001017713673455,0.523738240339622,0.644386695983554,0.680010630906054,0.0,0.5416858467514751,0.5237388097942126,0.5237388097939831,0.017947036957274832,0.6443866959835122,0.7964793579055873,0.8439394816554994,0.7964793579055627,0.0,1.0840699562649163,1.0624298260490206,0.021640130215786365,1.0624298260491292,1.0624298260497729,0.0,715636.1957374394,0.0,0.0,0.0,0.0,0.0,1508335.2677691816,0.0,0.0,0.0,0.0,0.0,1398067.055335774,0.0,0.0,0.0,0.0,0.0,628937.8802102464,8243.871111077451,4946322.66664647,0.0,0.0,21.811915083098924,3472040.126001907,0.0,19.29967852369829,4169890.206493675,0.0,21.781289104421116,5729545.569872857,0.0,3.3798705145434074,0.0,0.0,55224.716093943716,1250.0,1000.0,0.0 
 01/21  17:10:00,43.93125,-2198.2972113242745,21.101097887649118,-959.4999979824129,1573.7473224758837,-1535.2685698304485,43.93125,-2661.8819144084964,193.5826065355013,-2066.2906455316283,3222.6787631236184,-1280.60633856809,26.358756,-3710.112885209342,0.0,-1966.024200207048,3376.86681885725,-2304.188004635694,0.0,-6962.004160761818,1145.737809601717,-1005.7950244640457,0.0,-718.0610406831137,0.0,0.0,0.0,0.0,0.0,0.0,301662.86529089755,0.0,0.0,0.0,0.0,0.0,0.0,0.0,16.514091467116057,14.79973399518409,16.236357845996856,1.5131230789616688,-17.290250002300983,-17.290250002300983,-17.290250002300983,-17.290250002300983,-17.290250002300983,-17.290250002300983,-17.290250002300983,-17.290250002300983,18.86471108008784,18.840426463341725,18.807494130572884,18.700717853946948,18.591447418280257,18.591447504485878,16.514091302108433,18.72051210482756,18.63128219688488,20.0140358952526,14.7997338598849,18.758051880785043,18.707828779949438,18.707828779949214,16.236357700362568,14.757783691636623,13.08736139877716,14.331847964733202,14.030979588444247,14.030977844341443,14.030977798853769,14.030977753366116,-17.290250002300983,6.6367270808055,7.361023211442698,7.361023211442698,18.8647110413826,0.0,0.0,0.0,0.021835054054197906,0.0,0.0,0.0,0.0,0.022407470801828158,0.0,0.09522412130678809,0.03320846598464708,0.0,0.22861649804526937,2.2341808872088698,2.2341808870819513,2.2341808872088698,2.2343225983165738,2.23418088720887,2.191802435906889,0.042378451301931123,2.23418088720887,2.2341808872088693,2.2341808872088693,2.23418088720887,0.5476758559891972,0.6749053957118127,0.7102964699165656,0.6749053957118071,0.0,0.5648191278942181,0.5476758629096194,0.5476758629095575,0.017143264984597936,0.5250340010357419,0.6447960294667737,0.6797181544082093,0.0,0.5421350258152189,0.5250333920651691,0.5250333920653333,0.017101633750036458,0.6447960294668069,0.797849329058259,0.8441662628840922,0.7978493290582314,0.0,1.0848482821976086,1.0642107563574215,0.020637525839991802,1.0642107563576153,1.0642107563594352,0.0,575699.9987894476,0.0,0.0,0.0,0.0,0.0,1239774.3873189767,0.0,0.0,0.0,0.0,0.0,1179614.5201242287,0.0,0.0,0.0,0.0,0.0,603477.0146784274,6103.350249199036,3662010.149519421,0.0,0.0,15.83289543708167,1310815.3989667278,366567.0054811975,14.235201384033079,2079933.549403292,146326.2915291216,15.55546456445341,2652568.260060053,626448.1687457034,1.226093339493125,0.0,0.0,31625.757306020572,66.52696976843134,900.0,0.0 
 01/21  17:20:00,43.93124999999998,-1676.6079476475409,-10.222859575041333,-937.0849522296473,2625.345910604582,-185.98346023250144,43.93124999999998,-2156.194634598707,138.04478158063915,-2035.4854114921886,4092.0428401896124,-112.08693451428343,26.358755999999985,-2989.7939282507728,0.0,-1941.0017887619183,5051.733797701764,-208.97991654097208,0.0,-6285.111656417872,1081.7934098681662,-981.4601095090575,0.0,-102.38310702391726,0.0,0.0,0.0,0.0,0.0,0.0,296085.7704923676,0.0,0.0,0.0,0.0,0.0,0.0,0.0,15.376656373887899,13.958506437032757,15.219629428307437,1.019369392526717,-17.29025000230097,-17.29025000230097,-17.29025000230097,-17.29025000230097,-17.29025000230097,-17.29025000230097,-17.29025000230097,-17.29025000230097,19.90434922740195,19.877750898579347,19.841677886414352,19.72477181798945,19.60512044697255,19.60512070653775,15.376656245533535,19.746449400617415,19.648746976682926,21.185140062242613,13.958506337283197,19.787544750112353,19.732552401212597,19.732552401212356,15.219629341916443,13.687729902632825,12.296376774679164,13.380337356162947,13.092796484150808,13.092794801993232,13.092794770789542,13.092794739585862,-17.29025000230097,5.991432449402927,6.715728790988532,6.715728790988532,19.904349137020116,0.0,0.0,0.0,0.021529735048412376,0.0,0.0,0.0,0.0,0.022170625575716356,0.0,0.09520953081768502,0.032990308918475805,0.0,0.2280576455962397,2.234180887208869,2.2341808870034736,2.2341808872088698,2.2343703780355137,2.234180887208867,2.191577917272431,0.04260296993637737,2.234180887208869,2.234180887208869,2.2341808872088684,2.234180887208869,0.547477260025094,0.6750673961421532,0.710310578103432,0.6750673961421858,0.0,0.5647103657306477,0.5474768304531141,0.5474768304532359,0.01723353527752169,0.5248422826283906,0.6448620837595057,0.6796764237668924,0.0,0.5420336676374169,0.524842019757928,0.5248420197579622,0.01719164787948264,0.6448620837595151,0.798039589286024,0.8441938853385405,0.7980395892859857,0.0,1.0848338839045237,1.0640898446332656,0.020744039271023453,1.0640898446334988,1.0640898446343579,0.0,562250.9713377886,0.0,0.0,0.0,0.0,0.0,1221291.2468953135,0.0,0.0,0.0,0.0,0.0,1164601.0732571515,0.0,0.0,0.0,0.0,0.0,588876.0657054347,6170.372838341194,3702223.7030047183,0.0,0.0,15.103703397353804,1575207.5463627498,0.0,13.794771690514722,2455225.7041137675,0.0,15.015236329008564,3031040.278621059,0.0,0.8833449227067034,0.0,0.0,36583.27599663759,181.51076376551686,999.9999999999995,0.0 
 01/21  17:30:00,43.93125,-1780.040013064047,-30.596543471810037,-929.4785028327924,2395.555150604723,-22.380834221212123,43.93125,-2254.6350394130945,121.30125866012736,-2019.4086255251752,3797.239211360425,-23.737229744806378,26.358756,-3137.9062358538968,0.0,-1932.671982906055,4473.446114409135,-42.58340707856134,0.0,-6350.39296749199,1073.949344455454,-973.2312969696242,0.0,-54.35061738941959,0.0,0.0,0.0,0.0,0.0,0.0,292564.17244474584,0.0,0.0,0.0,0.0,0.0,0.0,0.0,15.014044076673985,13.744004999605872,14.942299987528688,0.8180199300330838,-17.290250002300976,-17.290250002300976,-17.290250002300976,-17.290250002300976,-17.290250002300976,-17.290250002300976,-17.290250002300976,-17.290250002300976,19.234313104354943,19.208427301036085,19.173323048057355,19.059544828377707,18.943107653021652,18.943107812840747,15.01404407667351,19.08063617725852,18.98555234247339,20.521945353892693,13.744004999605355,19.120636777363686,19.067117918245952,19.067117918245714,14.942299987527898,13.34460690879975,12.093037145606084,13.119158326206879,12.82345091581653,12.823449243120836,12.823449243083038,12.82344924304525,-17.290250002300976,5.955734918970667,6.6800313211180224,6.6800313211180224,19.234313054312164,0.0,0.0,0.0,0.02144456722057279,0.0,0.0,0.0,0.0,0.02211631674324951,0.0,0.09527131360138025,0.032940327718909576,0.0,0.22767867187761132,2.2341808872088706,2.2341808869672866,2.2341808872088684,2.2343903240212843,2.234180887208872,2.1917403541734,0.042440533035678824,2.2341808872088698,2.2341808872088698,2.23418088720887,2.2341808872088698,0.5476136646446459,0.6750944036804816,0.7103212939154012,0.6750944036802049,0.0,0.5647816540828852,0.5476169764680845,0.5476169764668511,0.0171646776148884,0.5249459755382,0.6448328886410555,0.679641733626864,0.0,0.5420689909073562,0.5249449683499089,0.5249449683504579,0.017124022557428824,0.644832888641148,0.798080399140712,0.8442178596666186,0.7980803991408663,0.0,1.0848897091827412,1.0642259743436286,0.02066373483993707,1.0642259743428093,1.064225974325668,0.0,557687.1016996755,0.0,0.0,0.0,0.0,0.0,1211645.175315105,0.0,0.0,0.0,0.0,0.0,1159603.1897436331,0.0,0.0,0.0,0.0,0.0,583938.7781817744,6070.258830507639,3642155.2983045834,0.0,0.0,15.005226462418754,1437333.0903628329,0.0,13.690802966452571,2278343.526816254,0.0,14.890373185755248,2684067.668645479,0.0,0.6669200278494959,0.0,0.0,35284.45496081194,281.6303797486222,1000.0,0.0 
 01/21  17:40:00,43.93125000000002,-1872.7027257726045,-36.47109590413176,-928.282156117702,2762.9271398218425,-0.8004366730545168,43.93125000000002,-2318.5730293489964,121.38132906848324,-2013.2486710611154,4138.681902744759,-12.003455045783445,26.35875600000001,-3268.0598035273006,0.0,-1930.3713444011232,5142.743273700688,-9.59902750471719,0.0,-6304.783703121703,1081.164944445674,-965.1040494404501,0.0,-35.70732836196466,0.0,0.0,0.0,0.0,0.0,0.0,290251.74987785897,0.0,0.0,0.0,0.0,0.0,0.0,0.0,15.005228605588457,13.690805185156893,14.890377333955323,0.6669200278494962,-17.290250002300983,-17.290250002300983,-17.290250002300983,-17.290250002300983,-17.290250002300983,-17.290250002300983,-17.290250002300983,-17.290250002300983,19.837528049328764,19.810596994504397,19.7740761946849,19.655698708622598,19.534559568884006,19.53455952251775,15.00522860558796,19.6776466132021,19.578727683362434,21.115120446618874,13.690805185156364,19.71926259207745,19.663584240382306,19.663584240382065,14.890377333954508,13.335621276270773,12.042439032668979,13.070046892920768,12.786089121890994,12.786087433339938,12.786087433301821,12.7860874332637,-17.290250002300983,5.926891763940631,6.651188174488709,6.651188174488709,19.837528133593903,0.0,0.0,0.0,0.021434407941568326,0.0,0.0,0.0,0.0,0.022094560279955204,0.0,0.0952938297919956,0.032926921688295745,0.0,0.22746985428182903,2.2341808872088706,2.2341808871132183,2.23418088720887,2.2343713288623688,2.2341808872088698,2.191800395215775,0.042380491993002305,2.234180887208871,2.23418088720887,2.23418088720887,2.2341808872088706,0.5476412498767708,0.6750917536156831,0.7103160575319095,0.6750917536156738,0.0,0.5647815613944794,0.5476412496883756,0.547641249688267,0.017140311706102477,0.5249954370867974,0.6448394347091403,0.679640092541108,0.0,0.5420931897461825,0.5249943248592862,0.5249943248595841,0.01709886488687231,0.6448394347092006,0.7980981925543006,0.8442247371358482,0.7980981925542493,0.0,1.0849256440754023,1.0642916178995583,0.020634026175483797,1.0642916178999158,1.0642916179026627,0.0,556969.2936706208,0.0,0.0,0.0,0.0,0.0,1207949.2026366687,0.0,0.0,0.0,0.0,0.0,1158222.8066406734,0.0,0.0,0.0,0.0,0.0,579062.4296642698,6158.011020379067,3694806.612227439,0.0,0.0,15.001704538884788,1657756.2838931044,0.0,13.638237641087946,2483209.141646853,0.0,14.862229650031551,3085645.96422041,0.0,0.5248067587778366,0.0,0.0,37060.91164078019,330.82838562484557,1000.0000000000005,0.0 
 01/21  17:50:00,43.93125,-1951.3982133648087,-40.20570692464503,-929.4741869613331,2870.0278070203667,-0.3231963726105914,43.93125,-2374.336990541591,121.96704569337226,-2013.3656100489989,4213.552644116109,-7.82375174229475,26.358756,-3383.0556549693965,0.0,-1930.5774634453378,5275.193892090767,-4.9548751938654805,0.0,-6320.282211467293,1082.2363935309959,-957.6455244476131,0.0,-13.820597758373548,0.0,0.0,0.0,0.0,0.0,0.0,289356.90163450234,0.0,0.0,0.0,0.0,0.0,0.0,0.0,15.001706724157716,13.638239896527606,14.862233873481859,0.5248067587778363,-17.290250002300976,-17.290250002300976,-17.290250002300976,-17.290250002300976,-17.290250002300976,-17.290250002300976,-17.290250002300976,-17.290250002300976,19.949694184694685,19.92234839493633,19.885263687821617,19.765074230857778,19.6420733458834,19.642073438650623,15.001706724157215,19.787361897749374,19.686926293461696,21.223319183466288,13.638239896527079,19.82961091566376,19.77307797604448,19.773077976044227,14.862233873481035,13.331559345989868,11.9924142926736,13.043065301362823,12.75882127296893,12.758819568408104,12.758819568380309,12.758819568352514,-17.290250002300976,5.905899453112893,6.63019586979209,6.63019586979209,19.94969420036354,0.0,0.0,0.0,0.021413888082837666,0.0,0.0,0.0,0.0,0.022063917920470855,0.0,0.0952721919008866,0.032907834425945255,0.0,0.22737761720423028,2.2341808872088706,2.2341808870595092,2.234180887208869,2.2343884230178426,2.2341808872088667,2.1917012377111837,0.042479649497693124,2.2341808872088698,2.2341808872088698,2.2341808872088698,2.2341808872088698,0.5475557516161329,0.6750860559068522,0.7103105199937533,0.6750860559068529,0.0,0.5647369998901517,0.5475557513407886,0.5475557513407964,0.01718124854936286,0.5249294702687365,0.644852785915954,0.6796472440406249,0.0,0.5420686697800949,0.5249295498087296,0.5249295498087084,0.01713911997136702,0.6448527859159494,0.7981005956977445,0.8442231231744923,0.798100595697748,0.0,1.084895568040916,1.0642133793484752,0.02068218869246676,1.0642133793484496,1.064213379346379,0.0,557684.5121767998,0.0,0.0,0.0,0.0,0.0,1208019.366029399,0.0,0.0,0.0,0.0,0.0,1158346.478067203,0.0,0.0,0.0,0.0,0.0,574587.3146685679,6193.89094098147,3716334.5645888816,0.0,0.0,15.000282480986113,1722016.6842122194,0.0,13.603980093692654,2528131.5864696656,0.0,14.847703108296024,3165116.335254459,0.0,0.46981256740145144,0.0,0.0,37435.32667308339,390.1540536761678,1000.0,0.0 
 01/21  18:00:00,43.93125,-2019.4809670686827,-42.27909869725545,-929.6981187208403,2947.375742563572,-0.1426043924245273,43.93125,-2427.8983889054316,122.1000544773201,-2012.5542606783342,4272.900660270157,-3.62570918468037,26.358756,-3485.2560508834026,0.0,-1930.3243422351102,5387.205670541817,-2.507418769748041,0.0,-6356.461070194084,1083.6790501928638,-954.3054478798849,0.0,-10.112190642460137,0.0,0.0,0.0,0.0,0.0,0.0,288702.25950685743,0.0,0.0,0.0,0.0,0.0,0.0,0.0,15.000284682254177,13.603982360005887,14.847707353958116,0.4698125674014514,-17.290250002300976,-17.290250002300976,-17.290250002300976,-17.290250002300976,-17.290250002300976,-17.290250002300976,-17.290250002300976,-17.290250002300976,20.048445159774108,20.020870136816487,19.983474282563538,19.862277957122778,19.738245168216555,19.738245285925842,15.000284682253673,19.88475558643407,19.78348080511045,21.319873698644503,13.603982360005352,19.927356448030267,19.870350701949825,19.870350701949572,14.847707353957285,13.329941675308477,11.960014752956909,13.029244471840647,12.743035724849852,12.74303401482319,12.743034014806595,12.743034014789993,-17.290250002300976,5.893775697594503,6.618072117823045,6.618072117823045,20.048445173568965,0.0,0.0,0.0,0.02140737001425731,0.0,0.0,0.0,0.0,0.02204990475447544,0.0,0.09526986279993178,0.03290119487187447,0.0,0.22732743113993262,2.2341808872088706,2.2341808872219864,2.2341808872088698,2.2343161488066885,2.2341808872088738,2.1916827692217917,0.042498117986966635,2.2341808872088698,2.2341808872088698,2.2341808872088698,2.2341808872088698,0.5475292461974934,0.6750829001257482,0.7103071374430678,0.6750829001257552,0.0,0.5647182730615385,0.547529049018486,0.5475290490184468,0.01718922404304565,0.524923078311929,0.6448603382000475,0.679650369356719,0.0,0.5420684602844741,0.5249219842398328,0.5249219842401098,0.01714647604461714,0.6448603382001041,0.7981034312494011,0.844223380409077,0.7981034312493386,0.0,1.0848960358761068,1.064204943129192,0.020691092746491092,1.0642049431296128,1.0642049431372367,0.0,557818.8712325043,0.0,0.0,0.0,0.0,0.0,1207532.5564070006,0.0,0.0,0.0,0.0,0.0,1158194.6053410661,0.0,0.0,0.0,0.0,0.0,572583.268727931,6212.770373294334,3727662.2239766,0.0,0.0,14.999655025735272,1768425.4455381434,0.0,13.58810522545751,2563740.3961620927,0.0,14.840352127236644,3232323.4023250896,0.0,0.4295805898365105,0.0,0.0,37747.124855248716,420.3204056064078,1000.0,0.0 
 01/21  18:10:00,43.93125,-2078.8736481817728,-43.30651030885724,-929.8941689389773,3008.084917794177,-0.06370864441121936,43.93125,-2477.229097070183,122.327060721399,-2012.2095860751424,4320.744318182855,-2.213522082666323,26.358756,-3575.755023591028,0.0,-1930.2558728258666,5478.557074059381,-1.2920466482176085,0.0,-6380.517527730589,1086.6679751562192,-950.6540427928558,0.0,-12.576071406125353,0.0,0.0,0.0,0.0,0.0,0.0,287888.2597499084,0.0,0.0,0.0,0.0,0.0,0.0,0.0,14.999657239115356,13.588107501120765,14.840356392019004,0.4295805898365105,-17.290250002300976,-17.290250002300976,-17.290250002300976,-17.290250002300976,-17.290250002300976,-17.290250002300976,-17.290250002300976,-17.290250002300976,20.131185475288504,20.103426669748984,20.065781333649152,19.943778547666273,19.818919151453354,19.81891928411394,14.999657239114855,19.966407447334255,19.86445947716244,21.40085237484449,13.588107501120223,20.00929055924549,19.951905620475127,19.95190562047487,14.840356392018169,13.32914461083527,11.94492443075249,13.022189910650724,12.735366437412523,12.735364722846514,12.735364722837948,12.735364722829388,-17.290250002300976,5.887899819442724,6.6121962413956945,6.6121962413956945,20.131185486846775,0.0,0.0,0.0,0.021402481490823123,0.0,0.0,0.0,0.0,0.022041685887577493,0.0,0.09526715223631205,0.03289672786331462,0.0,0.22729336093609373,2.2341808872088693,2.234180887072589,2.2341808872088693,2.2342835315966862,2.234180887208869,2.1916665351008855,0.04251435210783456,2.23418088720887,2.2341808872088698,2.23418088720887,2.2341808872088698,0.547511427797057,0.6750812338898067,0.7103054315377048,0.6750812338898771,0.0,0.5647065531932404,0.5475104832996162,0.5475104832998666,0.017196069893597735,0.5249139424983889,0.6448640175637653,0.6796520582009755,0.0,0.5420661940505898,0.5249131895490803,0.5249131895492029,0.017153004501491924,0.6448640175637951,0.7981046674666054,0.8442233974701807,0.7981046674665134,0.0,1.084893787857448,1.0641948434513835,0.02069894440549193,1.0641948434519526,1.0641948434467972,0.0,557936.5013633864,0.0,0.0,0.0,0.0,0.0,1207325.7516450856,0.0,0.0,0.0,0.0,0.0,1158153.52369552,0.0,0.0,0.0,0.0,0.0,570392.4256757135,6228.641692751407,3737185.015650844,0.0,0.0,14.999374709793438,1804850.950676506,0.0,13.57841382939112,2592446.590909713,0.0,14.836564293456272,3287134.244435629,0.0,0.3795550589754725,0.0,0.0,37996.31418870489,440.55882802360884,1000.0,0.0 
 01/21  18:20:00,43.93125,-2130.9983644310946,-43.867437832051564,-930.028009623314,3060.933890239667,-0.030252862097181175,43.93125,-2520.7349302826183,122.80544898407197,-2011.835826649938,4363.554171232943,-1.9929980506815317,26.358756,-3655.7149643552316,0.0,-1930.2371666307263,5558.942655212728,-0.721254539063039,0.0,-6398.804282770771,1089.7689311383128,-947.0135730309165,0.0,-12.067302170671038,0.0,0.0,0.0,0.0,0.0,0.0,287107.3276751486,0.0,0.0,0.0,0.0,0.0,0.0,0.0,14.999376933154602,13.578416113116091,14.836568574738944,0.37955505897547254,-17.290250002300976,-17.290250002300976,-17.290250002300976,-17.290250002300976,-17.290250002300976,-17.290250002300976,-17.290250002300976,-17.290250002300976,20.20536578574332,20.177421815483804,20.13952516479275,20.016710349689838,19.891018904462342,19.89101904661736,14.999376933154096,20.039491037178053,19.936864885088514,21.47325778499514,13.578416113115544,20.08265858239182,20.02489160066504,20.024891600664784,14.836568574738106,13.328627181794088,11.935584805880138,13.018419310644111,12.73071432557349,12.730712604682289,12.730712604676809,12.730712604671329,-17.290250002300976,5.884325661751211,6.6086220847501975,6.6086220847501975,20.205365796105816,0.0,0.0,0.0,0.021397042405937868,0.0,0.0,0.0,0.0,0.02203426733525908,0.0,0.09526512182446278,0.03289256783833313,0.0,0.22724758967425154,2.2341808872088706,2.2341808871137543,2.2341808872088715,2.234311637105414,2.234180887208868,2.1916530324081696,0.04252785480064996,2.2341808872088698,2.234180887208869,2.23418088720887,2.2341808872088698,0.547495839917583,0.6750802565218228,0.710304438548126,0.6750802565217829,0.0,0.5646979175620644,0.5474962300671148,0.5474962300668832,0.017201687494959143,0.5249064743085289,0.6448664195417974,0.6796532341580412,0.0,0.5420638858034666,0.5249054761577956,0.5249054761580966,0.017158409645649665,0.6448664195418559,0.7981051112062062,0.8442232145026999,0.7981051112061843,0.0,1.0848912290428196,1.06418577464044,0.02070545440219157,1.0641857746406265,1.0641857746453824,0.0,558016.8057739884,0.0,0.0,0.0,0.0,0.0,1207101.4959899627,0.0,0.0,0.0,0.0,0.0,1158142.2999784357,0.0,0.0,0.0,0.0,0.0,568208.1438185498,6245.230155728599,3747138.0934371594,0.0,0.0,14.999241598255862,1836560.3341438,0.0,13.569688212495418,2618132.502739765,0.0,14.834449840195424,3335365.5931276367,0.0,0.33156175028862545,0.0,0.0,38214.898627480536,456.9560802224015,1000.0,0.0 
 01/21  18:30:00,43.93125,-2177.003628796023,-44.2459378820904,-930.1416611021673,3107.444103482514,-0.016327138033310703,43.93125,-2559.0897448863943,123.34883449733184,-2011.4977597512,4401.660654927421,-1.7640837671349365,26.358756,-3726.446778339943,0.0,-1930.2487568296829,5629.935701224884,-0.4428326483018483,0.0,-6418.36932213239,1092.4482560775587,-943.8004498453464,0.0,-10.370553590818115,0.0,0.0,0.0,0.0,0.0,0.0,286436.30140954093,0.0,0.0,0.0,0.0,0.0,0.0,0.0,14.999243830400035,13.569690503423555,14.834454136223524,0.33156175028862545,-17.290250002300976,-17.290250002300976,-17.290250002300976,-17.290250002300976,-17.290250002300976,-17.290250002300976,-17.290250002300976,-17.290250002300976,20.271494190299567,20.243380015983494,20.20525235913385,20.08169125644728,19.95523514949383,19.955235299618508,14.999243830399529,20.104611359470265,20.001361860701635,21.537754762700157,13.56969050342301,20.148040324599364,20.08992216407967,20.089922164079415,14.834454136222686,13.328258871368284,11.927161395292678,13.01622105421454,12.72698797733145,12.726986250269292,12.726986250264765,12.726986250260234,-17.290250002300976,5.881454373457051,6.605750797293899,6.605750797293899,20.271494199537266,0.0,0.0,0.0,0.02139192644606755,0.0,0.0,0.0,0.0,0.02202732920059451,0.0,0.09526328831938002,0.032888911415716544,0.0,0.2272031914994719,2.2341808872088698,2.234180887098948,2.2341808872088693,2.2343077833534903,2.234180887208866,2.191640947792679,0.042539939416490515,2.2341808872088698,2.2341808872088698,2.23418088720887,2.2341808872088698,0.5474794974031305,0.6750794849501945,0.7103036671363183,0.67507948494983,0.0,0.5646905743909783,0.5474838804841662,0.5474838804825558,0.017206693906928725,0.5248996366903521,0.6448686753089962,0.6796543822085798,0.0,0.5420617912012116,0.524898551617774,0.5248985516184353,0.017163239583417943,0.6448686753091054,0.7981050763697718,0.844222837863991,0.7981050763699872,0.0,1.0848885821998702,1.0641773034943316,0.02071127870671112,1.064177303493167,1.064177303481189,0.0,558084.9966613004,0.0,0.0,0.0,0.0,0.0,1206898.6558507201,0.0,0.0,0.0,0.0,0.0,1158149.2540978098,0.0,0.0,0.0,0.0,0.0,566280.2699072078,6260.597461019606,3756358.4766117637,0.0,0.0,14.99916975943615,1864466.4620895083,0.0,13.561965021549733,2640996.3929564534,0.0,14.83315162345571,3377961.4207349303,0.0,0.29032286185879624,0.0,0.0,38408.8438256175,470.89242973531213,1000.0,0.0 
 01/21  18:40:00,43.93125,-2217.834663185757,-44.5247746325349,-930.2456149659427,3148.6638554193173,-0.010315312211624555,43.93125,-2593.318818760567,123.8548750581665,-2011.2272367556996,4435.422541737441,-1.4897443626221525,26.358756,-3789.2286471413477,0.0,-1930.2756253452594,5692.876228294553,-0.2975501839596421,0.0,-6437.690854692344,1094.9688112760832,-940.8879183833219,0.0,-9.589015550262115,0.0,0.0,0.0,0.0,0.0,0.0,285815.93104260537,0.0,0.0,0.0,0.0,0.0,0.0,0.0,14.999171999355612,13.56196731889859,14.833155932625585,0.2903228618587963,-17.290250002300976,-17.290250002300976,-17.290250002300976,-17.290250002300976,-17.290250002300976,-17.290250002300976,-17.290250002300976,-17.290250002300976,20.33039271473931,20.302129148095364,20.26379872651141,20.13958260026032,20.012455317155574,20.012455474149597,14.9991719993551,20.162625060811095,20.05882841341867,21.595221317295575,13.56196731889804,20.20628347414318,20.14785706159169,20.14785706159143,14.833155932624745,13.327982072550789,11.919711709206002,13.014816139724333,12.723916481572472,12.72391474918965,12.723914749185768,12.723914749181894,-17.290250002300976,5.8790869238748265,6.603383348402296,6.603383348402296,20.33039272296704,0.0,0.0,0.0,0.021387507090648145,0.0,0.0,0.0,0.0,0.02202128332607466,0.0,0.09526157894361212,0.032885840084421164,0.0,0.2271652844939453,2.2341808872088706,2.234180887079411,2.234180887208869,2.2343061249981084,2.234180887208871,2.191630167554523,0.042550719654812476,2.23418088720887,2.2341808872088693,2.2341808872088693,2.2341808872088698,0.5474667303258649,0.6750788316758783,0.710303026335699,0.6750788316753582,0.0,0.5646841882945184,0.5474730307980138,0.5474730307957412,0.01721115749667291,0.5248934799326478,0.6448707155092672,0.679655448393338,0.0,0.5420599083378169,0.5248923568067201,0.5248923568075534,0.017167551531078823,0.6448707155094007,0.798104846805953,0.8442224124798623,0.798104846806283,0.0,1.0848860709211852,1.0641695927262382,0.020716478196774274,1.064169592724423,1.0641695927116077,0.0,558147.3689795656,0.0,0.0,0.0,0.0,0.0,1206736.3420534197,0.0,0.0,0.0,0.0,0.0,1158165.3752071557,0.0,0.0,0.0,0.0,0.0,564532.7510299932,6274.108489605032,3764465.0937630194,0.0,0.0,14.999124372440829,1889198.3132515897,0.0,13.555443041888688,2661253.5250424645,0.0,14.832279322235042,3415725.736976732,0.0,0.25219710485276436,0.0,0.0,38581.04794386589,483.044788942849,1000.0,0.0 
 01/21  18:50:00,43.93125,-2254.2767695553116,-44.73815709886094,-930.3359474963017,3185.412468489516,-0.007498807224412467,43.93125,-2624.041425282753,124.326113184125,-2010.9871971898385,4465.518747726475,-1.3104836884383315,26.358756,-3845.198517953744,0.0,-1930.3045074998445,5748.937038771853,-0.2218702646461918,0.0,-6454.987026700751,1097.4493400834967,-938.1200158014941,0.0,-9.266576357658112,0.0,0.0,0.0,0.0,0.0,0.0,285216.50196127134,0.0,0.0,0.0,0.0,0.0,0.0,0.0,14.999126619269903,13.555445344961457,14.832283643121965,0.25219710485276436,-17.290250002300976,-17.290250002300976,-17.290250002300976,-17.290250002300976,-17.290250002300976,-17.290250002300976,-17.290250002300976,-17.290250002300976,20.382995658419855,20.35459672070152,20.316082566273902,20.19127292620866,20.063537502908385,20.06353766589074,14.99912661926939,20.214426231913,20.11013379920603,21.64652670471893,13.555445344960907,20.258292555204815,20.199586824405415,20.19958682440516,14.832283643121118,13.327746110912958,11.913404114166296,13.013823638526913,12.721373870630488,12.721372133287247,12.721372133283896,12.721372133280555,-17.290250002300976,5.877127099518776,6.601423524617947,6.601423524617947,20.382995665768135,0.0,0.0,0.0,0.021383451965048067,0.0,0.0,0.0,0.0,0.02201586191446497,0.0,0.0952600770385679,0.03288308341552674,0.0,0.22713002912156277,2.234180887208869,2.2341808870875193,2.23418088720887,2.2343044333124094,2.234180887208869,2.1916205732046383,0.042560314004849616,2.2341808872088698,2.2341808872088698,2.2341808872088698,2.2341808872088698,0.5474554731552616,0.6750782914469997,0.7103024990979504,0.6750782914463436,0.0,0.5646785778797428,0.5474634532149697,0.5474634532121216,0.017215124664987074,0.5248879304427394,0.6448724668202749,0.6796563776345897,0.0,0.5420582071408535,0.524886820129324,0.5248868201302954,0.017171387011513363,0.644872466820427,0.7981045708238547,0.8442220104763689,0.7981045708242865,0.0,1.0848837881826892,1.0641626841085663,0.02072110407653831,1.0641626841061664,1.0641626840883038,0.0,558201.5684977811,0.0,0.0,0.0,0.0,0.0,1206592.3183139032,0.0,0.0,0.0,0.0,0.0,1158182.7044999066,0.0,0.0,0.0,0.0,0.0,562872.0094808965,6286.40111974832,3771840.671848992,0.0,0.0,14.999091377967908,1911247.4810937096,0.0,13.549705965683437,2679311.248635885,0.0,14.831628886523722,3449362.2232631133,0.0,0.2153583248024153,0.0,0.0,38734.41022716637,493.8374896557451,1000.0,0.0 
 01/21  19:00:00,43.93125,-2286.756589049727,-44.91419996124296,-930.4117102967493,3218.145516951956,-0.006023196768440358,43.93125,-2651.7031910602363,124.77507032128915,-2010.7520006053314,4492.56796518386,-1.207229020517524,26.358756,-3895.347284580946,0.0,-1930.3297028794927,5799.143462644095,-0.1824187967995084,0.0,-6470.693861592617,1099.824868172474,-935.495222803129,0.0,-8.810713082602298,0.0,0.0,0.0,0.0,0.0,0.0,284646.634426357,0.0,0.0,0.0,0.0,0.0,0.0,0.0,14.999093630969062,13.549708273874675,14.831633217891033,0.2153583248024153,-17.290250002300976,-17.290250002300976,-17.290250002300976,-17.290250002300976,-17.290250002300976,-17.290250002300976,-17.290250002300976,-17.290250002300976,20.430180206382577,20.401655898862085,20.362971590191716,20.237612324806427,20.10931375730347,20.109313925561686,14.99909363096855,20.260868258459457,20.156116701910975,21.69250960883225,13.549708273874122,20.30492712280993,20.245962719904377,20.24596271990412,14.831633217890184,13.327528735842169,11.907839220411836,13.01304471511906,12.719148557557151,12.719146815388667,12.719146815385647,12.719146815382631,-17.290250002300976,5.875411082800079,6.599707508399608,6.599707508399608,20.430180212973944,0.0,0.0,0.0,0.02137959120663112,0.0,0.0,0.0,0.0,0.022010800387457657,0.0,0.09525879717929057,0.03288049931016162,0.0,0.22709551589015503,2.23418088720887,2.2341808871124273,2.2341808872088724,2.2343077589896123,2.2341808872088684,2.191612019405846,0.04256886780373755,2.23418088720887,2.23418088720887,2.2341808872088693,2.2341808872088698,0.547445877666418,0.6750778365341829,0.7103020516312314,0.6750778365334388,0.0,0.5646735935065694,0.5474549386422451,0.5474549386390227,0.01721865486456731,0.5248830311985042,0.6448740163787282,0.6796571992594226,0.0,0.5420566895241568,0.5248818890693672,0.5248818890704386,0.017174800454773712,0.6448740163788949,0.7981042932707737,0.8442216363182611,0.7981042932712697,0.0,1.0848817363735506,1.0641565123691807,0.020725224007151634,1.0641565123664172,1.0641565123529566,0.0,558247.0261780495,0.0,0.0,0.0,0.0,0.0,1206451.2003631988,0.0,0.0,0.0,0.0,0.0,1158197.8217276954,0.0,0.0,0.0,0.0,0.0,561297.1336818774,6297.827548161214,3778696.528896728,0.0,0.0,14.999064876128555,1930887.3101711734,0.0,13.544421018394447,2695540.779110316,0.0,14.831094107878604,3479486.077586457,0.0,0.1803362922880404,0.0,0.0,38871.85515692136,503.26378117931085,1000.0,0.0 
 01/21  19:10:00,43.93125,-2316.3066066021624,-45.06992852155986,-930.4755356699335,3247.91609133222,-0.005049230404865344,43.93125,-2676.7136501375853,125.20878877406744,-2010.5152931888078,4516.96172037624,-1.1448102400449414,26.358756,-3940.312194556353,0.0,-1930.3510521878536,5844.150684542408,-0.15963911716464588,0.0,-6485.4146430307555,1102.0658807941063,-933.0313792333526,0.0,-8.293858467204332,0.0,0.0,0.0,0.0,0.0,0.0,284110.26119161275,0.0,0.0,0.0,0.0,0.0,0.0,0.0,14.999067134642326,13.5444233311742,14.831098448643093,0.1803362922880404,-17.290250002300976,-17.290250002300976,-17.290250002300976,-17.290250002300976,-17.290250002300976,-17.290250002300976,-17.290250002300976,-17.290250002300976,20.47251016249246,20.443870421472763,20.405029446935945,20.279164153599048,20.1503471282573,20.150347301153687,14.999067134641814,20.30251455663648,20.19734028945592,21.733733197639022,13.544423331173645,20.346750692391332,20.287548124882434,20.287548124882175,14.831098448642242,13.327326948896928,11.902707575382031,13.012382506419442,12.71711204599644,12.717110299229649,12.717110299226825,12.717110299224002,-17.290250002300976,5.873840082440885,6.59813650849832,6.59813650849832,20.472510168405673,0.0,0.0,0.0,0.021375960403481907,0.0,0.0,0.0,0.0,0.022006055504393246,0.0,0.0952576886997836,0.032878086242506044,0.0,0.22706238538597595,2.2341808872088698,2.2341808870858855,2.2341808872088693,2.2343126562945645,2.2341808872088698,2.1916043591387164,0.04257652807087472,2.2341808872088698,2.2341808872088698,2.2341808872088693,2.2341808872088698,0.5474382208757487,0.6750774418111504,0.7103016593247913,0.6750774418103993,0.0,0.5646691731043598,0.5474473632824003,0.5474473632791479,0.01722180982220475,0.5248786350453886,0.6448754392267092,0.6796579470846947,0.0,0.5420553292021537,0.5248774768594181,0.5248774768605008,0.017177852342719447,0.6448754392268774,0.7981040214687127,0.8442212807994296,0.7981040214692128,0.0,1.08487985683062,1.0641509464292194,0.020728910404205474,1.064150946426433,1.0641509464027747,0.0,558285.3214019601,0.0,0.0,0.0,0.0,0.0,1206309.1759132848,0.0,0.0,0.0,0.0,0.0,1158210.631312712,0.0,0.0,0.0,0.0,0.0,559818.8275400116,6308.366478748866,3785019.88724932,0.0,0.0,14.999042659706301,1948749.6547993317,0.0,13.539409412552326,2710177.032225744,0.0,14.830626110865435,3506490.410725444,0.0,0.14737270037211114,0.0,0.0,38995.246149000894,512.2511896857992,1000.0,0.0 
 01/21  19:20:00,43.93125,-2343.164326224281,-45.21364711036858,-930.5307445982558,3274.972994542507,-0.004558051295051094,43.93125,-2699.5057737554653,125.61458895726673,-2010.2855556732884,4539.228744214094,-1.0636217266648949,26.358756,-3981.275236277433,0.0,-1930.3681739177255,5885.145775797678,-0.14417348601209584,0.0,-6499.225709997098,1104.1873142072982,-930.715275681961,0.0,-7.844638544112086,0.0,0.0,0.0,0.0,0.0,0.0,283602.99738828,0.0,0.0,0.0,0.0,0.0,0.0,0.0,14.99904492323711,13.5394117294773,14.830630460120243,0.14737270037211117,-17.290250002300976,-17.290250002300976,-17.290250002300976,-17.290250002300976,-17.290250002300976,-17.290250002300976,-17.290250002300976,-17.290250002300976,20.511080107242886,20.48233364795304,20.443347838552874,20.317014710782583,20.187718373375517,20.18771855047949,14.999044923236598,20.340452469841267,20.23488742756996,21.771280336731376,13.539411729476745,20.384852487166366,20.325429742423104,20.32542974242284,14.83063046011939,13.327139759592264,11.897842699598854,13.011792444529414,12.715198029540977,12.715196278445749,12.715196278443054,12.715196278440366,-17.290250002300976,5.872363269995078,6.596659696482877,6.596659696482877,20.51108011263085,0.0,0.0,0.0,0.021372568646679153,0.0,0.0,0.0,0.0,0.022001599333433854,0.0,0.09525673721602344,0.03287584393062287,0.0,0.22703095332059814,2.2341808872088693,2.2341808870740087,2.23418088720887,2.2343192601531796,2.234180887208871,2.1915974931094673,0.04258339410010356,2.2341808872088698,2.2341808872088698,2.23418088720887,2.2341808872088698,0.5474315085347701,0.675077077525659,0.7103012935884978,0.6750770775249231,0.0,0.5646651056323146,0.5474404670496197,0.5474404670464292,0.01722463858293534,0.5248747472367356,0.6448767788640117,0.6796586428213724,0.0,0.5420541641322746,0.5248735807375632,0.5248735807386327,0.01718058339469504,0.6448767788641784,0.7981037696541152,0.8442209507990437,0.7981037696546038,0.0,1.084878223343338,1.06414601122864,0.020732212117436786,1.0641460112259193,1.0641460112050651,0.0,558318.4467589535,0.0,0.0,0.0,0.0,0.0,1206171.333403973,0.0,0.0,0.0,0.0,0.0,1158220.9043506354,0.0,0.0,0.0,0.0,0.0,558429.1654091766,6318.112384273929,3790867.4305643574,0.0,0.0,14.999022604454895,1964983.7967255048,0.0,13.53475329916253,2723537.246528456,0.0,14.830203453417791,3531087.465478607,0.0,0.1161980706112562,0.0,0.0,39107.80349014072,520.3663760584129,1000.0,0.0 
 01/21  19:30:00,43.93125,-2367.719761048553,-45.34592714039036,-930.5787428680292,3299.7092791935493,-0.0041108255392584446,43.93125,-2720.4203788595073,125.99596327254903,-2010.0638992055633,4559.591015547389,-0.995650581618614,26.358756,-4018.6396475241154,0.0,-1930.382423672157,5922.534539835504,-0.13296271303695878,0.0,-6512.113643515726,1106.2060913150099,-928.5260769073584,0.0,-7.450779975540407,0.0,0.0,0.0,0.0,0.0,0.0,283121.2541585713,0.0,0.0,0.0,0.0,0.0,0.0,0.0,14.999024872551201,13.534755619864834,14.830207810410533,0.1161980706112562,-17.290250002300976,-17.290250002300976,-17.290250002300976,-17.290250002300976,-17.290250002300976,-17.290250002300976,-17.290250002300976,-17.290250002300976,20.546263892599907,20.517418423970966,20.478298243389375,20.351531092941617,20.22179009320231,20.221790274102915,14.999024872550688,20.375049887991377,20.269122313089532,21.805515223131977,13.53475561986428,20.419601943062254,20.35997492981883,20.359974929818566,14.83020781040968,13.326963774412945,11.893320212834615,13.011253157284642,12.71341898484668,12.713417229653583,12.71341722965103,12.713417229648474,-17.290250002300976,5.870990711217987,6.5952871381058005,6.5952871381058005,20.546263897514848,0.0,0.0,0.0,0.021369380562838332,0.0,0.0,0.0,0.0,0.02199741830835808,0.0,0.09525589537259874,0.032873741320494754,0.0,0.22700105376030674,2.23418088720887,2.234180887069343,2.2341808872088698,2.2343276667637126,2.2341808872088684,2.1915912438826397,0.04258964332675264,2.2341808872088698,2.2341808872088693,2.2341808872088693,2.2341808872088698,0.5474272513251064,0.6750767505338472,0.7103009624962354,0.6750767505332739,0.0,0.5646614136303296,0.5474342035588178,0.5474342035563156,0.01722721007169774,0.524871210882838,0.6448780186283558,0.6796592820042994,0.0,0.5420531068654217,0.5248700406816782,0.5248700406825797,0.017183066183724505,0.6448780186284994,0.7981035354709722,0.8442206427083684,0.7981035354713393,0.0,1.0848767233857621,1.0641415080568537,0.02073521533094772,1.0641415080548273,1.0641415080400263,0.0,558347.2457208175,0.0,0.0,0.0,0.0,0.0,1206038.339523338,0.0,0.0,0.0,0.0,0.0,1158229.4542032944,0.0,0.0,0.0,0.0,0.0,557115.646144415,6327.162489166974,3796297.4935001847,0.0,0.0,14.999004516980849,1979825.567516129,0.0,13.530394802707495,2735754.6093284334,0.0,14.829813661879744,3553520.7239013035,0.0,0.08659184456615916,0.0,0.0,39210.5508580393,527.8509236076053,1000.0,0.0 
 01/21  19:40:00,43.93125,-2390.3062037634186,-45.46914175766233,-930.6204351308021,3322.460926942664,-0.0037529030271571478,43.93125,-2739.7160517292746,126.3596641314698,-2009.845847224254,4578.3429317872815,-0.9464315397269538,26.358756,-4052.922759589227,0.0,-1930.3937467161277,5956.837160397776,-0.12417570918664154,0.0,-6524.171493108365,1108.1250769209403,-926.4549034552505,0.0,-7.075134773603551,0.0,0.0,0.0,0.0,0.0,0.0,282663.8459905142,0.0,0.0,0.0,0.0,0.0,0.0,0.0,14.999006789256322,13.530397126863567,14.829818025948578,0.08659184456615916,-17.290250002300976,-17.290250002300976,-17.290250002300976,-17.290250002300976,-17.290250002300976,-17.290250002300976,-17.290250002300976,-17.290250002300976,20.5785468760125,20.54960906857282,20.51036357143016,20.383191648141203,20.253035962553362,20.253036146899674,14.999006789255807,20.406786016991774,20.300520348545582,21.836913259343127,13.53039712686301,20.451479862143113,20.391662346696926,20.391662346696666,14.829818025947727,13.326797681445028,11.889084743603728,13.010751972937838,12.7117518985686,12.711750139480667,12.711750139478234,12.711750139475798,-17.290250002300976,5.869704452095421,6.594000879358076,6.594000879358076,20.578546880522214,0.0,0.0,0.0,0.02136637158885175,0.0,0.0,0.0,0.0,0.021993476047447228,0.0,0.0952551561185404,0.03287176121734446,0.0,0.226972487796479,2.2341808872088684,2.2341808870688022,2.2341808872088698,2.2343381681133643,2.2341808872088724,2.1915855495701098,0.04259533763883705,2.2341808872088698,2.2341808872088698,2.2341808872088706,2.2341808872088698,0.5474265691478638,0.6750764531347168,0.7103006585077868,0.675076453134552,0.0,0.5646580298192713,0.5474284785295774,0.5474284785288067,0.017229551289743995,0.5248680032584796,0.6448791737418261,0.6796598723893047,0.0,0.5420521573273747,0.5248668318608903,0.5248668318613664,0.01718532546646068,0.6448791737419115,0.7981033207688107,0.8442203563117832,0.7981033207688724,0.0,1.0848753624233707,1.0641374124960037,0.020737949927651413,1.0641374124957212,1.0641374124971772,0.0,558372.2610784813,0.0,0.0,0.0,0.0,0.0,1205907.5083345524,0.0,0.0,0.0,0.0,0.0,1158236.2480296765,0.0,0.0,0.0,0.0,0.0,555872.9420731503,6335.608987485126,3801365.3924910757,0.0,0.0,14.998988004353016,1993476.5561655983,0.0,13.526251824263007,2747005.759072369,0.0,14.829449630653384,3574102.2962386645,0.0,0.058481164886107606,0.0,0.0,39304.902328117925,534.7987993337495,1000.0,0.0 
 01/21  19:50:00,43.93125,-2411.2058649649457,-45.585594401783965,-930.6569708132776,3343.5138499601057,-0.0034572719153767102,43.93125,-2757.6174931020223,126.70873373729432,-2009.6308424502283,4595.719641484686,-0.906008244796717,26.358756,-4084.565623953522,0.0,-1930.40272406426,5988.496097671276,-0.11675198250121317,0.0,-6535.505995779802,1109.946536247563,-924.4951307953413,0.0,-6.7157863672378255,0.0,0.0,0.0,0.0,0.0,0.0,282229.7121324524,0.0,0.0,0.0,0.0,0.0,0.0,0.0,14.99899028047718,13.526254151595802,14.829454001231484,0.05848116488610761,-17.290250002300976,-17.290250002300976,-17.290250002300976,-17.290250002300976,-17.290250002300976,-17.290250002300976,-17.290250002300976,-17.290250002300976,20.60834314596322,20.579318943751773,20.539956198251733,20.412405563790248,20.28186189982913,20.28186208732118,14.998990280476663,20.43607064143813,20.3294886553153,21.86588156676048,13.526254151595245,20.480897145015337,20.420901393604378,20.42090139360411,14.82945400123063,13.326640706888048,11.885058924779154,13.010281880991133,12.710170113559286,12.71016835077311,12.710168350770765,12.710168350768418,-17.290250002300976,5.868483893092979,6.592780320711295,6.592780320711295,20.608343150125567,0.0,0.0,0.0,0.021363529292626058,0.0,0.0,0.0,0.0,0.021989741785231776,0.0,0.0952545007921221,0.03286989360048868,0.0,0.22694522597437466,2.23418088720887,2.2341808871128257,2.234180887208867,2.2343512105017758,2.2341808872088693,2.1915803298580365,0.04260055734996991,2.2341808872088698,2.2341808872088698,2.2341808872088698,2.2341808872088698,0.547431888185401,0.6750761784888303,0.7103003753164928,0.6750761784895247,0.0,0.56465490784092,0.5474232119032041,0.5474232119060719,0.017231695937479797,0.524865080269194,0.6448802656064335,0.6796604253595734,0.0,0.5420513028420773,0.524863909039339,0.5248639090389208,0.017187393802704287,0.6448802656063967,0.798103120973449,0.8442200865327498,0.7981031209728697,0.0,1.084874119177122,1.0641336641469628,0.02074045502675702,1.0641336641503425,1.0641336641561048,0.0,558394.1824879665,0.0,0.0,0.0,0.0,0.0,1205778.5054701369,0.0,0.0,0.0,0.0,0.0,1158241.634438556,0.0,0.0,0.0,0.0,0.0,554697.0784772048,6343.513992720998,3806108.395632599,0.0,0.0,14.998972792491418,2006108.3099760632,0.0,13.522285852565075,2757431.784890812,0.0,14.829107363094497,3593097.658602766,0.0,0.03180084154584463,0.0,0.0,39392.07957296736,541.2880731171731,1000.0,0.0 
 01/21  20:00:00,43.93125,-2430.6569831083984,-45.69643494670754,-930.6893517764522,3363.108418920336,-0.003209142365330067,43.93125,-2774.3218541518772,127.0445458550937,-2009.4194568812723,4611.912532624529,-0.8697446205889977,26.358756,-4113.940888637622,0.0,-1930.4098811991512,6017.884850609694,-0.11017208051339963,0.0,-6546.186268645072,1111.675918518749,-922.6391210133492,0.0,-6.379038723721669,0.0,0.0,0.0,0.0,0.0,0.0,281817.3851677636,0.0,0.0,0.0,0.0,0.0,0.0,0.0,14.998975072181116,13.522288182837102,14.82911173969577,0.03180084154584464,-17.290250002300976,-17.290250002300976,-17.290250002300976,-17.290250002300976,-17.290250002300976,-17.290250002300976,-17.290250002300976,-17.290250002300976,20.636003202297502,20.606897928822804,20.567425160610775,20.439519153796752,20.30861142700059,20.30861161738018,14.998975072180599,20.463250584656887,20.356371781505203,21.89276469350705,13.522288182836544,20.508201568673833,20.44803856633,20.448038566329735,14.829111739694914,13.32649223157929,11.881206298015929,13.009838814659698,12.708660550997427,12.708658784702333,12.708658784700068,12.708658784697795,-17.290250002300976,5.867319012071601,6.591615440029341,6.591615440029341,20.636003206161426,0.0,0.0,0.0,0.02136084262129815,0.0,0.0,0.0,0.0,0.02198619665128873,0.0,0.09525391379415485,0.03286813010918839,0.0,0.22691924246595216,2.2341808872088693,2.2341808870960294,2.2341808872088658,2.234367824005509,2.2341808872088738,2.191575516182724,0.04260537102324265,2.2341808872088698,2.2341808872088698,2.2341808872088693,2.2341808872088698,0.5474498063547266,0.6750759221645292,0.7103001090605687,0.6750759221670752,0.0,0.5646520094407764,0.5474183366833335,0.5474183366940484,0.01723367275658976,0.5248624016337942,0.6448813051612031,0.6796609474801362,0.0,0.5420505302619703,0.5248612311779158,0.5248612311755693,0.017189299083997807,0.6448813051609026,0.7981029333230388,0.8442198306679838,0.7981029333210766,0.0,1.084872976486764,1.0641302124526357,0.020742764022775664,1.0641302124639136,1.0641302125188905,0.0,558413.6110658713,0.0,0.0,0.0,0.0,0.0,1205651.6741287634,0.0,0.0,0.0,0.0,0.0,1158245.9287194905,0.0,0.0,0.0,0.0,0.0,553583.4726080095,6350.932127129876,3810559.2762779254,0.0,0.0,14.998958672390856,2017865.0513522015,0.0,13.518478672266639,2767147.519574718,0.0,14.828784385394625,3610730.9103658157,0.0,0.006460692337212408,0.0,0.0,39473.09608307569,547.382846752343,1000.0,0.0 
 01/21  20:10:00,43.93125,-2448.86038051908,-45.80226656186073,-930.7183682132063,3381.4468596834986,-0.0029984652540945593,43.93125,-2789.995016492942,127.36860351935547,-2009.211918699446,4627.084199165153,-0.8375986069334646,26.358756,-4141.362488951556,0.0,-1930.4156341177775,6045.317906562298,-0.1042240541183416,0.0,-6556.266193708223,1113.3186908252296,-920.8794542133788,0.0,-6.063286728840384,0.0,0.0,0.0,0.0,0.0,0.0,281425.50226885517,0.0,0.0,0.0,0.0,0.0,0.0,0.0,14.998960955402714,13.518481005273753,14.828788767601154,0.006460692337212408,-17.290250002300976,-17.290250002300976,-17.290250002300976,-17.290250002300976,-17.290250002300976,-17.290250002300976,-17.290250002300976,-17.290250002300976,20.66182274850475,20.632641151106938,20.593064803588312,20.46482423597662,20.33357377099825,20.33357396405044,14.998960955402197,20.488618136557296,20.38145990486624,21.91785281734801,13.51848100527319,20.533686308585796,20.473365850949133,20.47336585094887,14.828788767600297,13.326351580670636,11.877509316449503,13.009420022095703,12.707216213186438,12.707214443560161,12.707214443557962,12.707214443555763,-17.290250002300976,5.866204441432299,6.5905008697147975,6.5905008697147975,20.66182275211157,0.0,0.0,0.0,0.02135829915477699,0.0,0.0,0.0,0.0,0.021982825162829418,0.0,0.09525338282375041,0.032866461985343515,0.0,0.2268944786276384,2.2341808872088693,2.234180887121886,2.23418088720887,2.2343901673819335,2.234180887208871,2.1915710506960995,0.04260983650820323,2.2341808872088698,2.2341808872088698,2.2341808872088698,2.2341808872088698,0.5474618247509823,0.6750756812807875,0.7102998573161446,0.6750756812846834,0.0,0.5646493035160478,0.5474137976300405,0.5474137976464657,0.01723550588470416,0.5248599323691986,0.6448822983650179,0.6796614428014318,0.0,0.5420498272514834,0.5248587624383692,0.5248587624346184,0.01719106481304076,0.6448822983645249,0.7981027560154244,0.8442195870910186,0.7981027560124566,0.0,1.0848719199389667,1.0641270148842064,0.020744905037614947,1.06412701490124,1.064127015006299,0.0,558431.0209279237,0.0,0.0,0.0,0.0,0.0,1205527.1512196676,0.0,0.0,0.0,0.0,0.0,1158249.3804706666,0.0,0.0,0.0,0.0,0.0,552527.6725280273,6357.915320226276,3814749.1921357657,0.0,0.0,14.998945479261925,2028868.1158100986,0.0,13.514812253350412,2776250.519499092,0.0,14.828478845103485,3627190.743937379,0.0,-0.01762303727806093,0.0,0.0,39548.79814458862,553.136906981473,1000.0,0.0 
 01/21  20:20:00,43.93125,-2465.985257555387,-45.90362731308505,-930.7446676063432,3398.6995695694345,-0.0028153095787011016,43.93125,-2804.775001970083,127.68242896314382,-2009.0082274786705,4641.3728175786555,-0.8094714781188176,26.358756,-4167.0946689464035,0.0,-1930.4203324871655,6071.060015112875,-0.09878245462717336,0.0,-6565.798953074587,1114.8793229558087,-919.2098050269495,0.0,-5.765046447519258,0.0,0.0,0.0,0.0,0.0,0.0,281052.9264992345,0.0,0.0,0.0,0.0,0.0,0.0,0.0,14.998947765386076,13.514814588916593,14.8284832325548,-0.017623037278060933,-17.290250002300976,-17.290250002300976,-17.290250002300976,-17.290250002300976,-17.290250002300976,-17.290250002300976,-17.290250002300976,-17.290250002300976,20.686050879271658,20.65679720822745,20.61712304997766,20.488566553023208,20.356992439614444,20.35699263516742,14.998947765385555,20.512419447003094,20.404997353235,21.94139026613202,13.514814588916032,20.55759827851216,20.497129135147343,20.497129135147077,14.82848323255394,13.326218158274767,11.873950642829074,13.00902336613081,12.705830453191641,12.705828680401156,12.705828680399017,12.705828680396882,-17.290250002300976,5.865135052088923,6.589431480683006,6.589431480683006,20.68605088265617,0.0,0.0,0.0,0.021355887790862074,0.0,0.0,0.0,0.0,0.02197961295710998,0.0,0.095252897611085,0.032864881485849574,0.0,0.2268708765007008,2.2341808872088715,2.2341808871193067,2.234180887208872,2.23436052356442,2.2341808872088675,2.1915668846537413,0.0426140025528048,2.2341808872088698,2.2341808872088698,2.234180887208869,2.2341808872088698,0.5474345741178902,0.6750754533901564,0.7102996179970659,0.6750754533921784,0.0,0.5646467641497387,0.5474095485197973,0.5474095485282936,0.01723721562926252,0.5248576395481258,0.6448832508988243,0.6796619150176392,0.0,0.5420491835085124,0.5248564727397832,0.5248564727379809,0.01719271076867893,0.6448832508985977,0.7981025872842901,0.8442193541940204,0.7981025872827195,0.0,1.0848709370009442,1.064124035235259,0.020746901756581754,1.0641240352443024,1.0641240353026842,0.0,558446.800563806,0.0,0.0,0.0,0.0,0.0,1205404.9364872023,0.0,0.0,0.0,0.0,0.0,1158252.1994922995,0.0,0.0,0.0,0.0,0.0,551525.8830161697,6364.508370147771,3818705.0220886623,0.0,0.0,14.99893309201128,2039219.7417416598,0.0,13.511268999062038,2784823.690547194,0.0,14.82818925754281,3642636.0090677235,0.0,-0.040520219374393,0.0,0.0,39619.90028401013,558.5957268780044,1000.0,0.0 
 01/21  20:30:00,43.93125,-2482.174148387242,-46.00100814569987,-930.7688061637737,3415.010123209157,-0.0026588329844450054,43.93125,-2818.7777116288926,127.9872577827075,-2008.8084137345536,4654.894378743964,-0.7846017133445536,26.358756,-4191.359842831219,0.0,-1930.4242684334454,6095.333958405881,-0.09376463652201011,0.0,-6574.83301334475,1116.361973223896,-917.6245464587586,0.0,-5.48302328373683,0.0,0.0,0.0,0.0,0.0,0.0,280698.6052009914,0.0,0.0,0.0,0.0,0.0,0.0,0.0,14.998935381066074,13.511271337034923,14.828193649926838,-0.040520219374393,-17.290250002300976,-17.290250002300976,-17.290250002300976,-17.290250002300976,-17.290250002300976,-17.290250002300976,-17.290250002300976,-17.290250002300976,20.70889720313959,20.67957529130561,20.639808524189498,20.5109528982644,20.379072349009125,20.379072546903657,14.998935381065554,20.534861651653053,20.427189732263244,21.963582645521104,13.511271337034362,20.580145255542007,20.519535334370353,20.519535334370087,14.82819364992598,13.32609148212417,11.870513417534605,13.008647120592917,12.704497026488726,12.704495250692146,12.70449525069007,12.704495250687987,-17.290250002300976,5.86410602628189,6.588402455175791,6.588402455175791,20.708897206331066,0.0,0.0,0.0,0.021353599222266824,0.0,0.0,0.0,0.0,0.021976547411464993,0.0,0.09525244956347508,0.032863382158469165,0.0,0.22684838791418008,2.234180887208869,2.2341808870673567,2.234180887208871,2.234334603573892,2.2341808872088693,2.1915629769527616,0.042617910255840524,2.23418088720887,2.2341808872088693,2.2341808872088698,2.2341808872088698,0.5474075057711465,0.6750752362228284,0.710299389139298,0.6750752362229775,0.0,0.56464436826818,0.5474055491034615,0.5474055491040202,0.01723881916466383,0.5248555017049791,0.644884168130487,0.67966236751199,0.0,0.5420485909212757,0.5248543373019697,0.5248543373021176,0.017194253619278514,0.6448841681305276,0.7981024255712005,0.8442191305575653,0.7981024255710286,0.0,1.0848700177640076,1.064121243613011,0.020748774149937255,1.0641212436140632,1.0641212436257133,0.0,558461.2836982642,0.0,0.0,0.0,0.0,0.0,1205285.048240732,0.0,0.0,0.0,0.0,0.0,1158254.5610600673,0.0,0.0,0.0,0.0,0.0,550574.7278752552,6370.748801199614,3822449.2807197683,0.0,0.0,14.998921393251926,2049006.073925494,0.0,13.507834646951746,2792936.6272463785,0.0,14.827914380323444,3657200.3750435277,0.0,-0.06229554656419777,0.0,0.0,39687.00517506975,563.7978032770292,1000.0,0.0 
 01/21  20:40:00,43.93125,-2497.5471424764746,-46.09481114750656,-930.7912390502187,3430.4994790986448,-0.002523878717878414,43.93125,-2832.1009247478937,128.28406123204718,-2008.6125285117869,4667.746131366409,-0.7623101105370657,26.358756,-4214.345277413004,0.0,-1930.427681506003,6118.327299139186,-0.08911008417562698,0.0,-6583.409503972604,1117.770745226277,-916.1184297294581,0.0,-5.216640599335715,0.0,0.0,0.0,0.0,0.0,0.0,280361.5235289139,0.0,0.0,0.0,0.0,0.0,0.0,0.0,14.99892368507948,13.50783698719891,14.827918777368799,-0.06229554656419777,-17.290250002300976,-17.290250002300976,-17.290250002300976,-17.290250002300976,-17.290250002300976,-17.290250002300976,-17.290250002300976,-17.290250002300976,20.73053823226033,20.70115155224048,20.6612968890376,20.532157354358525,20.399985961990133,20.399986162083838,14.99892368507896,20.55611912846696,20.448210099508096,21.984603013080957,13.507836987198349,20.60150217121305,20.540758636538246,20.540758636537976,14.827918777367941,13.32597110301868,11.867183935155404,13.008289812782179,12.703210774389484,12.703208995736631,12.7032089957346,12.703208995732572,-17.290250002300976,5.863113387840629,6.587409817023743,6.587409817023743,20.730538235283436,0.0,0.0,0.0,0.021351425116654874,0.0,0.0,0.0,0.0,0.02197361753582574,0.0,0.09525203157152207,0.03286195826565023,0.0,0.22682696601744756,2.2341808872088693,2.234180887086591,2.2341808872088653,2.234313262422097,2.2341808872088733,2.1915592930480687,0.04262159416128888,2.2341808872088698,2.2341808872088698,2.2341808872088698,2.2341808872088698,0.547395219358542,0.6750750279564175,0.7102991691636109,0.6750750279558769,0.0,0.564642096760573,0.5474017658598328,0.5474017658574694,0.01724033090091572,0.5248534973826624,0.6448850544324903,0.6796628030487534,0.0,0.5420480425435881,0.5248523351802247,0.5248523351810899,0.017195707363344664,0.6448850544326289,0.7981022695859866,0.8442189149965367,0.7981022695863293,0.0,1.084869153742861,1.0641186147515744,0.020750538993188346,1.0641186147496848,1.0641186147459138,0.0,558474.7434301312,0.0,0.0,0.0,0.0,0.0,1205167.517107072,0.0,0.0,0.0,0.0,0.0,1158256.6089036015,0.0,0.0,0.0,0.0,0.0,549671.0578376749,6376.669097987665,3826001.458792599,0.0,0.0,14.998910288286405,2058299.6874591864,0.0,13.504497908300896,2800647.678819845,0.0,14.827653148468398,3670996.3794835117,0.0,-0.08301138762588217,0.0,0.0,39750.620114977806,568.7756925536121,1000.0,0.0 
 01/21  20:50:00,43.93125,-2512.2054611629133,-46.18536274372536,-930.8123325945407,3445.269552797749,-0.002406518763564701,43.93125,-2844.827023104969,128.57364910143656,-2008.420590889119,4680.009901211233,-0.7421748808031585,26.358756,-4236.208734448834,0.0,-1930.4307631727688,6140.1980175801855,-0.08478056358530998,0.0,-6591.564197459897,1119.1095448168821,-914.6865970783816,0.0,-4.964925563655792,0.0,0.0,0.0,0.0,0.0,0.0,280040.7299933575,0.0,0.0,0.0,0.0,0.0,0.0,0.0,14.998912582748853,13.504500250706663,14.827657549937985,-0.08301138762588217,-17.290250002300976,-17.290250002300976,-17.290250002300976,-17.290250002300976,-17.290250002300976,-17.290250002300976,-17.290250002300976,-17.290250002300976,20.751122661633158,20.721674370800404,20.681736096344547,20.55232649064988,20.41987843079978,20.41987863297202,14.998912582748334,20.576338704998975,20.468204127230376,22.004597041079627,13.504500250706101,20.62181633746525,20.560945702936085,20.560945702935815,14.827657549937124,13.325856607949197,11.863951292039498,13.007950149341758,12.70196747658534,12.701965695217906,12.701965695215922,12.701965695213948,-17.290250002300976,5.862153884250567,6.586450313713234,6.586450313713234,20.751122664508664,0.0,0.0,0.0,0.021349357790442777,0.0,0.0,0.0,0.0,0.021970813578252105,0.0,0.0952516378166504,0.03286060455704746,0.0,0.22680656288079676,2.234180887208869,2.2341808870913997,2.2341808872088684,2.2342960273770394,2.234180887208871,2.191555803903022,0.04262508330656301,2.2341808872088698,2.2341808872088698,2.2341808872088698,2.2341808872088698,0.5473890788470963,0.6750748271591187,0.7102989568274226,0.6750748271583719,0.0,0.5646399338993234,0.5473981709805459,0.547398170977308,0.017241762919022113,0.5248516086982326,0.6448859133029889,0.6796632238499916,0.0,0.5420475323773694,0.524850448624634,0.5248504486257135,0.01719708375271904,0.6448859133031569,0.7981021182814944,0.8442187065315012,0.7981021182819912,0.0,1.0848683376247579,1.0641161272527713,0.020752210374775364,1.0641161272500006,1.0641161272358646,0.0,558487.3995567245,0.0,0.0,0.0,0.0,0.0,1205052.3545334714,0.0,0.0,0.0,0.0,0.0,1158258.4579036615,0.0,0.0,0.0,0.0,0.0,548811.958247029,6382.297810975835,3829378.686585501,0.0,0.0,14.998899699700383,2067161.731678649,0.0,13.501249341200102,2808005.94072674,0.0,14.827404609091651,3684118.8105481123,0.0,-0.10272621772994502,0.0,0.0,39811.17218216644,573.5569360614221,1000.0,0.0 
 01/21  21:00:00,43.93125,-2526.2344803446053,-46.27294217298868,-930.8323855733499,3459.4063005107855,-0.0023039414154503793,43.93125,-2857.025378835024,128.85670679722193,-2008.2325883142755,4691.754682655751,-0.7238764415991441,26.358756,-4257.0832407151875,0.0,-1930.4336651627118,6161.07932522243,-0.08074475325754307,0.0,-6599.329140210927,1120.3820269076102,-913.3246001508352,0.0,-4.726821472278022,0.0,0.0,0.0,0.0,0.0,0.0,279735.3418205707,0.0,0.0,0.0,0.0,0.0,0.0,0.0,14.998901996676715,13.501251685662917,14.82740901477724,-0.10272621772994502,-17.290250002300976,-17.290250002300976,-17.290250002300976,-17.290250002300976,-17.290250002300976,-17.290250002300976,-17.290250002300976,-17.290250002300976,20.77077587232097,20.74126885346636,20.701250879841687,20.571583836728585,20.438872050801404,20.438872254948492,14.998901996676192,20.595644135720537,20.487294563678315,22.02368747777138,13.501251685662355,20.64121193067306,20.58022014321825,20.580220143217982,14.827409014776379,13.325747622050502,11.860806337127503,13.007626961938815,12.70076352130761,12.700761737359668,12.700761737357725,12.700761737355787,-17.290250002300976,5.861224730897692,6.585521160631066,6.585521160631066,20.770775875066395,0.0,0.0,0.0,0.021347390262242052,0.0,0.0,0.0,0.0,0.02196812683478146,0.0,0.09525126355123843,0.03285931629198565,0.0,0.22678713172719248,2.2341808872088684,2.2341808870809863,2.2341808872088698,2.23428271664903,2.234180887208871,2.1915524850867967,0.04262840212277523,2.2341808872088698,2.2341808872088698,2.23418088720887,2.2341808872088698,0.5473857888415524,0.6750746326482137,0.7102987510951793,0.6750746326474781,0.0,0.5646378663553352,0.5473947409810949,0.5473947409779052,0.01724312537448099,0.5248498207007943,0.6448867476641983,0.679663631759156,0.0,0.5420470554012099,0.5248486627391681,0.5248486627402353,0.017198392662025674,0.6448867476643646,0.7981019708180499,0.8442185043545789,0.7981019708185386,0.0,1.0848675633287093,1.0641137631929087,0.020753800138541164,1.0641137631901858,1.064113763179309,0.0,558499.4313440099,0.0,0.0,0.0,0.0,0.0,1204939.552988565,0.0,0.0,0.0,0.0,0.0,1158260.199097627,0.0,0.0,0.0,0.0,0.0,547994.7600905012,6387.659877145542,3832595.926287325,0.0,0.0,14.998889562450934,2075643.7803064713,0.0,13.498080903057604,2815052.8095934507,0.0,14.827167901132821,3696647.5951334583,0.0,-0.1214942890124255,0.0,0.0,39869.02160865162,578.1648516593378,1000.0,0.0 
 01/21  21:10:00,43.93125,-2539.706279720992,-46.35779220287691,-930.851641238316,3472.982290304817,-0.0022137906597643913,43.93125,-2868.754500714168,129.13380684358322,-2008.0484906376128,4703.038677025284,-0.7071270734048816,26.358756,-4277.081104896702,0.0,-1930.436507433993,6181.083678092534,-0.0769747362473255,0.0,-6606.732967694115,1121.59164239308,-912.028343589979,0.0,-4.501466577809521,0.0,0.0,0.0,0.0,0.0,0.0,279444.5323040162,0.0,0.0,0.0,0.0,0.0,0.0,0.0,14.998891861834366,13.498083249487813,14.827172310850525,-0.1214942890124255,-17.290250002300976,-17.290250002300976,-17.290250002300976,-17.290250002300976,-17.290250002300976,-17.290250002300976,-17.290250002300976,-17.290250002300976,20.789603704897953,20.760040601737106,20.71994651648924,20.590033621183295,20.457069976078422,20.457070182110584,14.998891861833846,20.614139844987086,20.505584957176314,22.041977871485702,13.498083249487252,20.65979374252059,20.59868625565688,20.598686255656613,14.827172310849663,13.325643805180448,11.8577412536987,13.007319189368108,12.699595772489651,12.699593986088136,12.699593986086235,12.69959398608434,-17.290250002300976,5.8603235096029005,6.584619939598843,6.584619939598843,20.789603707528077,0.0,0.0,0.0,0.02134551622333383,0.0,0.0,0.0,0.0,0.021965549526088816,0.0,0.09525090489575444,0.03285808920599162,0.0,0.22676862777112708,2.2341808872088684,2.2341808870799693,2.2341808872088706,2.2342733493564575,2.2341808872088706,2.1915493160255353,0.042631571183929705,2.2341808872088698,2.2341808872088698,2.23418088720887,2.2341808872088698,0.5473837145224253,0.6750744434443071,0.7102985511005037,0.6750744434436698,0.0,0.564635882855487,0.5473914560453597,0.5473914560425858,0.017244426810335365,0.5248481208260536,0.644887559989546,0.6796640283192388,0.0,0.542046607404632,0.5248469650089506,0.524846965009915,0.01719964239566394,0.6448875599896984,0.7981018265157519,0.844218307789165,0.7981018265161673,0.0,1.0848668257641216,1.0641115075160958,0.020755318250346107,1.0641115075137906,1.0641115075009635,0.0,558510.9847429896,0.0,0.0,0.0,0.0,0.0,1204829.0943825678,0.0,0.0,0.0,0.0,0.0,1158261.904460396,0.0,0.0,0.0,0.0,0.0,547217.0061539874,6392.777056475703,3835666.233885422,0.0,0.0,14.99887982186151,2083789.3741828902,0.0,13.49498581103572,2821823.20621517,0.0,14.826942245375808,3708650.206855522,0.0,-0.13936640791773178,0.0,0.0,39924.472673887525,582.6191906047256,1000.0,0.0 
 01/21  21:20:00,43.93125,-2552.6817877416643,-46.44012278244122,-930.8702960187277,3486.058858629494,-0.0021341938583554804,43.93125,-2880.063832882778,129.40542501779987,-2007.8682546291525,4713.9110336529075,-0.6916794912523784,26.358756,-4296.297286923255,0.0,-1930.4393833506774,6200.306151578364,-0.0734463907405484,0.0,-6613.801147156574,1122.7416651273797,-910.7940321709217,0.0,-4.288112748070111,0.0,0.0,0.0,0.0,0.0,0.0,279167.5234195512,0.0,0.0,0.0,0.0,0.0,0.0,0.0,14.998882123557273,13.494988159353731,14.826946658962303,-0.13936640791773178,-17.290250002300976,-17.290250002300976,-17.290250002300976,-17.290250002300976,-17.290250002300976,-17.290250002300976,-17.290250002300976,-17.290250002300976,20.807695639278652,20.77807888604994,20.737911992375327,20.607763911587185,20.47455933285373,20.474559540692795,14.99888212355675,20.63191407185968,20.523162779283506,22.059555693785967,13.494988159353165,20.677650333905977,20.616432168848284,20.616432168848018,14.826946658961438,13.325544845833049,11.854749424426197,13.007025864337253,12.698461518246216,12.698459729511349,12.698459729509487,12.69845972950763,-17.290250002300976,5.8594481293482525,6.5837445595992286,6.5837445595992286,20.807695641805974,0.0,0.0,0.0,0.02134372992016248,0.0,0.0,0.0,0.0,0.021963074660061394,0.0,0.09525055869978313,0.03285691942923179,0.0,0.22675100779637986,2.234180887208869,2.234180887073615,2.2341808872088693,2.2342682344926366,2.2341808872088684,2.1915462793789717,0.04263460783037504,2.2341808872088698,2.2341808872088698,2.2341808872088698,2.2341808872088698,0.5473818751539281,0.675074258744353,0.7102983561247834,0.6750742587438221,0.0,0.564633973869532,0.5473882994528494,0.5473882994505284,0.017245674416854803,0.5248464984773176,0.6448883523552547,0.67966441481171,0.0,0.5420461848453907,0.5248453449036573,0.5248453449045101,0.017200839941714566,0.6448883523553914,0.79810168483134,0.8442181162724071,0.7981016848316761,0.0,1.084866120663026,1.0641093475633925,0.02075677310149591,1.0641093475615422,1.064109347560098,0.0,558522.1776112367,0.0,0.0,0.0,0.0,0.0,1204720.9527774914,0.0,0.0,0.0,0.0,0.0,1158263.6300104065,0.0,0.0,0.0,0.0,0.0,546476.419302553,6397.668465085832,3838601.0790514993,0.0,0.0,14.9988704314951,2091635.3151776965,0.0,13.491958364986669,2828346.620191744,0.0,14.826726933322544,3720183.6909470176,0.0,-0.15639038904338232,0.0,0.0,39977.78275376943,586.9366904704094,1000.0,0.0 
 01/21  21:30:00,43.93125,-2565.212584428078,-46.52011563535757,-930.8885072640676,3498.6879261360455,-0.0020635386387779036,43.93125,-2890.9952343432797,129.67195838792873,-2007.6918252488522,4724.413337411983,-0.6773315606478534,26.358756,-4314.812222044345,0.0,-1930.442364249931,6218.827271803617,-0.07013878567321614,0.0,-6620.55645648239,1123.8351935926296,-909.6181433008189,0.0,-4.0860414757500845,0.0,0.0,0.0,0.0,0.0,0.0,278903.58387226897,0.0,0.0,0.0,0.0,0.0,0.0,0.0,14.998872735418573,13.49196071512136,14.82673135063188,-0.15639038904338232,-17.290250002300976,-17.290250002300976,-17.290250002300976,-17.290250002300976,-17.290250002300976,-17.290250002300976,-17.290250002300976,-17.290250002300976,20.825127461381662,20.795459307782785,20.75522265838832,20.62484924971976,20.49141383374149,20.491414043319033,14.998872735418052,20.649041509147704,20.540102046741648,22.07649496141748,13.491960715120799,20.694856681149886,20.633532478296285,20.63353247829602,14.826731350631015,13.325450456586697,11.85182526292348,13.00674610070582,12.697358411433182,12.697356620478853,12.697356620477027,12.697356620475205,-17.290250002300976,5.858596780332539,6.582893210831546,6.582893210831546,20.82512746381677,0.0,0.0,0.0,0.021342026072856686,0.0,0.0,0.0,0.0,0.021960695919698535,0.0,0.09525022242042146,0.03285580342778007,0.0,0.22673423001360068,2.2341808872088693,2.2341808871018913,2.2341808872088675,2.234268146404594,2.2341808872088693,2.191543360513868,0.04263752669541693,2.2341808872088698,2.234180887208869,2.234180887208871,2.2341808872088698,0.5473795658445345,0.6750740778942951,0.7102981655747101,0.6750740778938238,0.0,0.5646321313365388,0.5473852570850207,0.5473852570829518,0.017246874251670492,0.5248449446794431,0.6448891264993918,0.6796647922972845,0.0,0.5420457847353175,0.5248437935486285,0.5248437935494188,0.017201991186669378,0.6448891264995201,0.7981015453353887,0.8442179293369012,0.7981015453356799,0.0,1.0848654444411356,1.0641072726773895,0.0207581717653542,1.064107272675792,1.0641072726696243,0.0,558533.1043584405,0.0,0.0,0.0,0.0,0.0,1204615.0951493112,0.0,0.0,0.0,0.0,0.0,1158265.4185499584,0.0,0.0,0.0,0.0,0.0,545770.8859804914,6402.350991033662,3841410.594620197,0.0,0.0,14.998861352009076,2099212.7556816265,0.0,13.488993749764166,2834648.0024471898,0.0,14.826521317838626,3731296.36308217,0.0,-0.17261117517421265,0.0,0.0,40029.169944517394,591.1315463427496,1000.0,0.0 
 01/21  21:40:00,43.93125,-2577.3328198413756,-46.59792906482244,-930.9064002156101,3510.9039276818917,-0.002000456615940358,43.93125,-2901.5746631393336,129.93353555590488,-2007.5192753413862,4734.5725236754715,-0.6634360963654587,26.358756,-4332.679387282993,0.0,-1930.4455072089695,6236.700628039398,-0.06701289378308678,0.0,-6626.964976026089,1124.868326476063,-908.502132435275,0.0,-3.872122795596607,0.0,0.0,0.0,0.0,0.0,0.0,278653.47657477367,0.0,0.0,0.0,0.0,0.0,0.0,0.0,14.998863658083488,13.488996101650914,14.82652573873812,-0.17261117517421265,-17.290250002300976,-17.290250002300976,-17.290250002300976,-17.290250002300976,-17.290250002300976,-17.290250002300976,-17.290250002300976,-17.290250002300976,20.84194964589704,20.81223219809137,20.77192865084184,20.64133914282793,20.507682341269117,20.50768255252838,14.998863658082966,20.665571781586227,20.556451858671384,22.09284477350743,13.488996101650349,20.711462629333013,20.650036732971866,20.650036732971593,14.826525738737255,13.325360372169934,11.848964027629568,13.006479083941413,12.696284408519283,12.696282615453407,12.69628261545162,12.696282615449826,-17.290250002300976,5.857767886773942,6.582064317514438,6.582064317514438,20.841949648246988,0.0,0.0,0.0,0.021340399829674197,0.0,0.0,0.0,0.0,0.021958407578815998,0.0,0.09524989401361648,0.03285473796824231,0.0,0.22671825421835465,2.23418088720887,2.2341808870877102,2.2341808872088698,2.234274687513744,2.2341808872088684,2.191540547060931,0.042640340148385775,2.2341808872088698,2.2341808872088698,2.2341808872088698,2.2341808872088698,0.5473762210291724,0.6750739003627758,0.7102979789605782,0.675073900362272,0.0,0.5646303484293055,0.5473823170037297,0.5473823170015218,0.017248031425739364,0.5248434517810427,0.6448898838820909,0.6796651616549447,0.0,0.5420454045495029,0.5248423034530079,0.5248423034538319,0.01720310109647582,0.6448898838822238,0.798101407690728,0.8442177465933755,0.7981014076910444,0.0,1.0848647940811667,1.064105273869265,0.0207595202136515,1.0641052738675263,1.0641052738692875,0.0,558543.8401293661,0.0,0.0,0.0,0.0,0.0,1204511.5652048318,0.0,0.0,0.0,0.0,0.0,1158267.3043253815,0.0,0.0,0.0,0.0,0.0,545101.2794611651,6406.8378824517,3844102.7294710204,0.0,0.0,14.998852550081654,2106542.356609136,0.0,13.48608998307158,2840743.514205283,0.0,14.826324866202745,3742020.3768236376,0.0,-0.18798188041412248,0.0,0.0,40078.78054392342,595.2131999569747,1000.0,0.0 
 01/21  21:50:00,43.93125,-2589.088655381036,-46.6736577889983,-930.9241990538292,3522.753345563584,-0.0019432801085551021,43.93125,-2911.842251844101,130.19054719306746,-2007.3507427506943,4744.4266980520515,-0.6505857292103986,26.358756,-4349.971222856599,0.0,-1930.448936028265,6253.998944728351,-0.06396018060381924,0.0,-6633.157253057603,1125.8515872971134,-907.4391810237145,0.0,-3.692495193100736,0.0,0.0,0.0,0.0,0.0,0.0,278414.9845502417,0.0,0.0,0.0,0.0,0.0,0.0,0.0,14.998854858237467,13.486092336651955,14.826329290572335,-0.1879818804141225,-17.290250002300976,-17.290250002300976,-17.290250002300976,-17.290250002300976,-17.290250002300976,-17.290250002300976,-17.290250002300976,-17.290250002300976,20.85823010514455,20.828465440048703,20.7880978130064,20.657301304514682,20.523432435513516,20.523432648396955,14.998854858236944,20.681572627223794,20.572279844500073,22.1086727594787,13.48609233665139,20.727535962051146,20.666012655630954,20.66601265563068,14.82632929057147,13.325274786953852,11.846164089393481,13.0062245238664,12.695239196758987,12.695237401696062,12.695237401694298,12.69523740169254,-17.290250002300976,5.8569612144952226,6.581257645470733,6.581257645470733,20.858230107418823,0.0,0.0,0.0,0.021338854569685945,0.0,0.0,0.0,0.0,0.02195621274102238,0.0,0.0952495702729019,0.032853724908912516,0.0,0.2267031375856441,2.23418088720887,2.2341808870808477,2.2341808872088698,2.23429098938754,2.2341808872088684,2.191537830357241,0.04264305685223431,2.2341808872088698,2.2341808872088693,2.2341808872088698,2.2341808872088698,0.5473715988656226,0.6750737253918394,0.71029779572209,0.6750737253911915,0.0,0.5646286205180292,0.5473794708325053,0.5473794708296874,0.01724914968573514,0.5248420139478825,0.6448906252806256,0.679665523590334,0.0,0.5420450423694275,0.5248408690451803,0.5248408690461531,0.01720417332422991,0.6448906252807786,0.7981012715985651,0.8442175678964838,0.7981012715989889,0.0,1.0848641674684625,1.0641033447182193,0.020760822752612505,1.0641033447158652,1.0641033446947494,0.0,558554.5194322976,0.0,0.0,0.0,0.0,0.0,1204410.445650417,0.0,0.0,0.0,0.0,0.0,1158269.361616959,0.0,0.0,0.0,0.0,0.0,544463.5086142287,6411.131021833741,3846678.6131002447,0.0,0.0,14.998843999728784,2113652.0073381504,0.0,13.483242488920512,2846656.0188312316,0.0,14.82613736386968,3752399.36683701,0.0,-0.20263875227616523,0.0,0.0,40126.806104768744,599.1932458706066,1000.0,0.0 
 01/21  22:00:00,43.93125,-2600.5145420430536,-46.747408465991384,-930.9418400745994,3534.27067354666,-0.0018912972652674897,43.93125,-2921.825603494811,130.44340599798852,-2007.1857452664665,4754.003519243449,-0.6387567619011437,26.358756,-4366.741280599163,0.0,-1930.4525888944854,6270.775273378324,-0.06115786365082003,0.0,-6639.088588708267,1126.7910508228433,-906.4223633974868,0.0,-3.534742667272006,0.0,0.0,0.0,0.0,0.0,0.0,278186.69322994247,0.0,0.0,0.0,0.0,0.0,0.0,0.0,14.998846309903527,13.483244844142035,14.826141791601577,-0.20263875227616523,-17.290250002300976,-17.290250002300976,-17.290250002300976,-17.290250002300976,-17.290250002300976,-17.290250002300976,-17.290250002300976,-17.290250002300976,20.874019482268302,20.84420939712437,20.803780128917243,20.6727844941841,20.538711621995766,20.538711836453604,14.998846309903003,20.6970930334599,20.587633968649335,22.124026883757367,13.483244844141472,20.743126095891206,20.68150908624079,20.681509086240517,14.826141791600712,13.325193000164912,11.84342047930425,13.005981597895282,12.694220079587964,12.694218282623858,12.694218282622124,12.694218282620394,-17.290250002300976,5.8561746735464695,6.580471104751126,6.580471104751126,20.874019484473973,0.0,0.0,0.0,0.021337377693417498,0.0,0.0,0.0,0.0,0.02195409795534531,0.0,0.09524925165702829,0.03285275638932781,0.0,0.2266887394924316,2.2341808872088698,2.2341808871025655,2.2341808872088706,2.234323006463349,2.2341808872088684,2.19153519985016,0.04264568735942748,2.2341808872088698,2.23418088720887,2.23418088720887,2.2341808872088698,0.5473676254552348,0.6750735530893441,0.7102976157967608,0.6750735530885981,0.0,0.5646269418012774,0.5473767086259195,0.5473767086226855,0.017250233175602415,0.5248406246049658,0.6448913519693298,0.6796658786287285,0.0,0.542044696093977,0.5248394842020482,0.5248394842031221,0.017205211891913014,0.6448913519694968,0.7981011368299867,0.8442173927834259,0.798101136830484,0.0,1.084863561953329,1.064101477633428,0.020762084322693823,1.0641014776306532,1.0641014776105104,0.0,558565.1040447596,0.0,0.0,0.0,0.0,0.0,1204311.4471598798,0.0,0.0,0.0,0.0,0.0,1158271.5533366913,0.0,0.0,0.0,0.0,0.0,543853.4180384922,6415.257006979175,3849154.204187505,0.0,0.0,14.998835678098535,2120562.404127996,0.0,13.48044679525327,2852402.1115460694,0.0,14.825958076774612,3762465.164026995,0.0,-0.2166687251249807,0.0,0.0,40173.394815175285,603.082131427555,1000.0,0.0 
 01/21  22:10:00,43.93125,-2611.6367850903885,-46.819339463483175,-930.9593083562352,3545.482358594948,-0.0018453101872712729,43.93125,-2931.545642516973,130.69230358394793,-2007.0240159926661,4763.323966022816,-0.6275466134805557,26.358756,-4383.030560904558,0.0,-1930.4564192192151,6287.07076677792,-0.0586299149802725,0.0,-6644.764300912694,1127.685863197198,-905.4504539025535,0.0,-3.375591691553941,0.0,0.0,0.0,0.0,0.0,0.0,277968.69137553463,0.0,0.0,0.0,0.0,0.0,0.0,0.0,14.998837990235222,13.480449152067965,14.8259625077703,-0.2166687251249807,-17.290250002300976,-17.290250002300976,-17.290250002300976,-17.290250002300976,-17.290250002300976,-17.290250002300976,-17.290250002300976,-17.290250002300976,20.88935663753004,20.85950274140894,20.819014015359976,20.687826304368723,20.55355664921658,20.55355686519559,14.9988379902347,20.712170746517874,20.602551288994732,22.138944204222057,13.480449152067399,20.75827106585501,20.696563671828443,20.696563671828173,14.825962507769432,13.325114557848604,11.840728570916587,13.005749223095371,12.693224683633224,12.693222884852021,12.69322288485032,12.69322288484861,-17.290250002300976,5.855406432468381,6.579702863896852,6.579702863896852,20.889356639672535,0.0,0.0,0.0,0.02133596105437879,0.0,0.0,0.0,0.0,0.021952054199011778,0.0,0.09524893823554001,0.03285182721910876,0.0,0.22667497097923237,2.2341808872088693,2.2341808870944613,2.2341808872088693,2.234377793761802,2.234180887208872,2.1915326475696952,0.04264823963765174,2.2341808872088698,2.2341808872088698,2.2341808872088698,2.2341808872088698,0.5473900545338861,0.675073383299684,0.7102974389307946,0.675073383300976,0.0,0.564625307119156,0.5473740220271212,0.547374022032527,0.017251285091599174,0.5248392788570158,0.644892065128449,0.679666227283452,0.0,0.5420443644197804,0.5248381445519711,0.5248381445509207,0.017206219867768557,0.6448920651283249,0.7981010033685246,0.8442172209945288,0.798101003367501,0.0,1.0848629760343553,1.0640996673501442,0.02076330867825279,1.0640996673560634,1.064099667399029,0.0,558575.585013741,0.0,0.0,0.0,0.0,0.0,1204214.4095955994,0.0,0.0,0.0,0.0,0.0,1158273.8515315289,0.0,0.0,0.0,0.0,0.0,543270.2723415322,6419.233582076401,3851540.1492458405,0.0,0.0,14.998827558809769,2127289.4151569693,0.0,13.477700192185804,2857994.37961369,0.0,14.825786200580126,3772242.460066751,0.0,-0.23006634398462125,0.0,0.0,40218.66104509712,606.8876409292102,1000.0,0.0 
 01/21  22:20:00,43.93125,-2622.4783457490166,-46.889585790327146,-930.9767090526167,3556.4116089626355,-0.0018022139224881102,43.93125,-2941.0211447558577,130.9373466607815,-2006.8656428470895,4772.4066675083195,-0.61677318432404,26.358756,-4398.8751134564345,0.0,-1930.460483260565,6302.921749432747,-0.05624015129526755,0.0,-6650.219774584881,1128.5367497708921,-904.5227735329237,0.0,-3.219079285291126,0.0,0.0,0.0,0.0,0.0,0.0,277760.8071090052,0.0,0.0,0.0,0.0,0.0,0.0,0.0,14.998829872855977,13.477702550549473,14.82579063474879,-0.23006634398462125,-17.290250002300976,-17.290250002300976,-17.290250002300976,-17.290250002300976,-17.290250002300976,-17.290250002300976,-17.290250002300976,-17.290250002300976,20.90427538388258,20.874379243643702,20.833833185729507,20.70246026320951,20.56800085519289,20.568001072669965,14.998829872855453,20.72683932902082,20.617065213023857,22.153458128361663,13.47770255054891,20.77300449956919,20.71120995274184,20.711209952741566,14.825790634747925,13.325039458741637,11.838085848253295,13.005526669310262,12.692251998980167,12.692250198466855,12.692250198465182,12.6922501984635,-17.290250002300976,5.854655716819708,6.578952148466885,6.578952148466885,20.90427538596663,0.0,0.0,0.0,0.02133460465630286,0.0,0.0,0.0,0.0,0.021950080937889978,0.0,0.09524862819187198,0.03285093713491613,0.0,0.22666184247663665,2.2341808872088698,2.234180887121202,2.23418088720887,2.234380243556837,2.2341808872088675,2.191530167056011,0.04265072015264711,2.2341808872088698,2.2341808872088698,2.2341808872088698,2.2341808872088698,0.5473727457548679,0.6750732156446955,0.710297264821604,0.6750732156447947,0.0,0.5646237139327963,0.5473714058107831,0.5473714058111341,0.017252308121975403,0.5248379691429762,0.6448927655502579,0.6796665700728652,0.0,0.5420440456560891,0.5248368457458936,0.5248368457460827,0.017207199910169526,0.6448927655503034,0.7981008710352925,0.8442170523143875,0.7981008710351599,0.0,1.0848624074676927,1.0640979084817204,0.020764498985139837,1.0640979084825468,1.0640979084869853,0.0,558586.02543157,0.0,0.0,0.0,0.0,0.0,1204119.3857082538,0.0,0.0,0.0,0.0,0.0,1158276.289956339,0.0,0.0,0.0,0.0,0.0,542713.6641197542,6423.064314167175,3853838.588500305,0.0,0.0,14.998819629143009,2133846.965377581,0.0,13.475000766948819,2863444.0005049915,0.0,14.825621330178198,3781753.0496596484,0.0,-0.2428421718666483,0.0,0.0,40262.70202030047,610.6158475791631,1000.0,0.0 
 01/21  22:30:00,43.93125,-2633.058968548455,-46.95822544075668,-930.9941358525721,3567.078330684932,-0.001765438056124568,43.93125,-2950.268304473407,131.1786689009889,-2006.7106372030382,4781.2676703410225,-0.6064076014082032,26.358756,-4414.3061296807255,0.0,-1930.4648063123982,6318.35935534173,-0.05394267237891301,0.0,-6655.465431986176,1129.3464815315976,-903.6370011342981,0.0,-3.07199196011606,0.0,0.0,0.0,0.0,0.0,0.0,277562.4304273732,0.0,0.0,0.0,0.0,0.0,0.0,0.0,14.998821945050159,13.475003126820516,14.825625767435675,-0.2428421718666483,-17.290250002300976,-17.290250002300976,-17.290250002300976,-17.290250002300976,-17.290250002300976,-17.290250002300976,-17.290250002300976,-17.290250002300976,20.91880491467681,20.88886803792137,20.84826669366881,20.71671516394987,20.582072766194827,20.58207298510122,14.998821945049635,20.741127623337945,20.631204365988804,22.167597281426172,13.475003126819953,20.787355330453593,20.725476740150118,20.725476740149844,14.825625767434806,13.32496763497462,11.835490463764733,13.005313507815629,12.691301232534482,12.691299430372695,12.69129943037104,12.691299430369387,-17.290250002300976,5.853921916125206,6.578218347986159,6.578218347986159,20.91880491670649,0.0,0.0,0.0,0.021333307092782416,0.0,0.0,0.0,0.0,0.021948176496009893,0.0,0.09524832058822962,0.032850085199055606,0.0,0.2266493465522212,2.23418088720887,2.234180886974523,2.234180887208871,2.234371980419139,2.2341808872088658,2.191527752663132,0.042653134539015404,2.2341808872088693,2.2341808872088693,2.23418088720887,2.2341808872088698,0.5474391150016907,0.6750730496333371,0.7102970930262573,0.6750730496390156,0.0,0.5646221571309323,0.5473688524223858,0.5473688524461674,0.017253304706633187,0.524840239944308,0.6448934538603226,0.6796669074143635,0.0,0.5420437392500895,0.524835584943864,0.5248355849391613,0.01720815430605373,0.6448934538597594,0.7981007398748313,0.8442168867678347,0.7981007398703499,0.0,1.0848618562978825,1.0640961982921409,0.020765657979673113,1.064096198318038,1.0640961984688244,0.0,558596.4815115433,0.0,0.0,0.0,0.0,0.0,1204026.382321823,0.0,0.0,0.0,0.0,0.0,1158278.883787439,0.0,0.0,0.0,0.0,0.0,542182.2006805788,6426.75456051939,3856052.736311634,0.0,0.0,14.99881186128875,2140246.998410959,0.0,13.472346733233962,2868760.602204614,0.0,14.825463195020527,3791015.613205037,0.0,-0.2550336973853909,0.0,0.0,40305.60151229092,614.2720171390329,1000.0,0.0 
 01/21  22:40:00,43.93125,-2643.395707031272,-47.025320033318394,-931.0115613629004,3577.499632981192,-0.0017260287927787028,43.93125,-2959.301096138905,131.41640438337663,-2006.5588892005755,4789.9207845853925,-0.5964212174283192,26.358756,-4429.350583001587,0.0,-1930.4693977739971,6333.410509527271,-0.05176455747579762,0.0,-6660.507035726991,1130.1175138262765,-902.7906182191679,0.0,-2.9335529112169794,0.0,0.0,0.0,0.0,0.0,0.0,277373.00165486225,0.0,0.0,0.0,0.0,0.0,0.0,0.0,14.998814179011585,13.472349094575517,14.825467635288344,-0.2550336973853909,-17.290250002300976,-17.290250002300976,-17.290250002300976,-17.290250002300976,-17.290250002300976,-17.290250002300976,-17.290250002300976,-17.290250002300976,20.932970660066836,20.902994460547202,20.862339748144457,20.730615805263586,20.595796760775944,20.59579698113835,14.998814179011058,20.75506050365199,20.644993278362485,22.181386193900572,13.472349094574946,20.801348576866175,20.739388858696007,20.739388858695737,14.825467635287476,13.32489887485868,11.832940555449877,13.005109313060315,12.690371411867668,12.69036960813592,12.690369608134299,12.690369608132666,-17.290250002300976,5.8532042792590575,6.577500711329078,6.577500711329078,20.932970662045694,0.0,0.0,0.0,0.02133206488484338,0.0,0.0,0.0,0.0,0.021946336964987486,0.0,0.09524801473398167,0.03284926905631248,0.0,0.22663744569776983,2.2341808872088693,2.23418088717961,2.2341808872088698,2.234314453840662,2.2341808872088684,2.19152539988434,0.04265548732534188,2.2341808872088698,2.2341808872088693,2.234180887208869,2.2341808872088698,0.5473574472443777,0.6750728855644754,0.7102969237987804,0.6750728855637539,0.0,0.5646206380509261,0.5473663615542209,0.5473663615511705,0.017254276496946674,0.5248342135409751,0.6448941305364194,0.6796672395268444,0.0,0.5420434431527381,0.524834358333009,0.5248343583337229,0.017209084819741403,0.6448941305365146,0.798100609488122,0.8442167238832953,0.7981006094886682,0.0,1.084861318678797,1.0640945308682426,0.020766787813706434,1.0640945308651113,1.0640945308493763,0.0,558606.9368177403,0.0,0.0,0.0,0.0,0.0,1203935.3335203454,0.0,0.0,0.0,0.0,0.0,1158281.638664398,0.0,0.0,0.0,0.0,0.0,541674.3709315007,6430.313105468713,3858187.8632812276,0.0,0.0,14.998804266833817,2146499.779788715,0.0,13.469736430197226,2873952.4707512357,0.0,14.825311445176041,3800046.305716362,0.0,-0.2666753162241116,0.0,0.0,40347.43310483788,617.86075260622,1000.0,0.0 
 01/21  22:50:00,43.93125,-2653.5033440907355,-47.09093609049842,-931.0290396586244,3587.6903876398865,-0.0016949568774272516,43.93125,-2968.131687628924,131.65066005460085,-2006.4102980040138,4798.378035527586,-0.5867654916272728,26.358756,-4444.031935865392,0.0,-1930.4742294345692,6348.098702030341,-0.04970094500184017,0.0,-6665.355647062837,1130.8516694387654,-901.9816049019868,0.0,-2.8016534036390626,0.0,0.0,0.0,0.0,0.0,0.0,277192.0974206004,0.0,0.0,0.0,0.0,0.0,0.0,0.0,14.998806586329916,13.469738792972878,14.825315888380699,-0.2666753162241116,-17.290250002300976,-17.290250002300976,-17.290250002300976,-17.290250002300976,-17.290250002300976,-17.290250002300976,-17.290250002300976,-17.290250002300976,20.94679475451438,20.916780561662105,20.87607428488367,20.744183752401465,20.60919402469003,20.60919424642475,14.998806586329392,20.76865960535891,20.658453277201424,22.194846192833644,13.46973879297231,20.815006003590106,20.752967899433873,20.752967899433603,14.825315888379828,13.324833015960339,11.830434394392672,13.004913601460576,12.689461613413284,12.689459808185463,12.689459808183859,12.689459808182262,-17.290250002300976,5.852502093757566,6.576798526032155,6.576798526032155,20.946794756445513,0.0,0.0,0.0,0.021330874605424606,0.0,0.0,0.0,0.0,0.021944558751065074,0.0,0.09524771087569821,0.032848486648146366,0.0,0.2266261055900905,2.2341808872088698,2.2341808871927373,2.234180887208871,2.2341420265072776,2.23418088720887,2.1915231045017998,0.04265778270335541,2.23418088720887,2.2341808872088698,2.2341808872088693,2.2341808872088698,0.547409227250762,0.6750727228941487,0.7102967565885903,0.675072722897864,0.0,0.5646191496713078,0.5473639242760873,0.5473639242920965,0.017255225393996928,0.5248291060721194,0.6448947961010563,0.6796675666964747,0.0,0.5420431579566871,0.5248331648582557,0.5248331648533282,0.01720999309847472,0.6448947961003115,0.798100480233951,0.8442165639235713,0.7981004802313895,0.0,1.0848607968821016,1.0640929063858355,0.020767890481769313,1.0640929064002378,1.0640929064714943,0.0,558617.4237951746,0.0,0.0,0.0,0.0,0.0,1203846.1788024083,0.0,0.0,0.0,0.0,0.0,1158284.5376607415,0.0,0.0,0.0,0.0,0.0,541188.9629411921,6433.747864608047,3860248.7187648285,0.0,0.0,14.998796809094213,2152614.2325839316,0.0,13.467168409514986,2879026.8213165505,0.0,14.825165744966734,3808859.221218205,0.0,-0.27779304725130377,0.0,0.0,40388.26101283003,621.3860868118348,1000.0,0.0 
 01/21  23:00:00,43.93125,-2663.3947764570194,-47.15513477611512,-931.0465517525262,3597.6635663866296,-0.001662930465610594,43.93125,-2976.7707394436898,131.88152739344014,-2006.264791839575,4806.649942008545,-0.577402964128858,26.358756,-4458.370718383783,0.0,-1930.4793075253167,6362.444466678525,-0.047745189674172336,0.0,-6670.022748874502,1131.5507090798676,-901.2081561555523,0.0,-2.6759748918273454,0.0,0.0,0.0,0.0,0.0,0.0,277019.31503790925,0.0,0.0,0.0,0.0,0.0,0.0,0.0,14.998799130323686,13.467170773691079,14.825170191039055,-0.27779304725130377,-17.290250002300976,-17.290250002300976,-17.290250002300976,-17.290250002300976,-17.290250002300976,-17.290250002300976,-17.290250002300976,-17.290250002300976,20.96029651583828,20.93024559148003,20.889489462368225,20.757437868346912,20.622283118333876,20.622283341433487,14.998799130323158,20.781943845692105,20.671603032041368,22.20799594775411,13.467170773690514,20.828346631795863,20.766232743980833,20.766232743980563,14.825170191038184,13.324769895057,11.827970492618032,13.004725939412268,12.688571045919879,12.688569239266332,12.688569239264755,12.688569239263172,-17.290250002300976,5.85181474918288,6.57611118165771,6.57611118165771,20.960296517724384,0.0,0.0,0.0,0.02132973382824469,0.0,0.0,0.0,0.0,0.021942839073171034,0.0,0.09524740845749692,0.03284773629369887,0.0,0.22661530041511957,2.23418088720887,2.2341808872046176,2.23418088720887,2.2342801966499524,2.2341808872088715,2.191520863081109,0.04266002412331464,2.2341808872088698,2.2341808872088698,2.23418088720887,2.2341808872088698,0.5474101710682981,0.6750725618423661,0.7102965915827715,0.6750725618463094,0.0,0.5646176932254617,0.5473615405682511,0.5473615405848993,0.01725615265588958,0.5248331578702795,0.6448954509106936,0.6796678890754613,0.0,0.5420428817793387,0.5248320012746894,0.5248320012708824,0.017210880504575525,0.6448954509101926,0.7981003518476513,0.8442164065503817,0.7981003518446473,0.0,1.0848602880866485,1.064091320442191,0.02076896762710082,1.0640913204594338,1.0640913205544902,0.0,558627.9310515156,0.0,0.0,0.0,0.0,0.0,1203758.875103745,0.0,0.0,0.0,0.0,0.0,1158287.58451519,0.0,0.0,0.0,0.0,0.0,540724.8936933313,6437.065137719119,3862239.082631471,0.0,0.0,14.99878949226967,2158598.1398319774,0.0,13.464641386876895,2883989.965205127,0.0,14.825025778196533,3817466.6800071164,0.0,-0.28841163815845305,0.0,0.0,40428.14124762721,624.8514513994962,1000.0,0.0 
 01/21  23:10:00,43.93125,-2673.0813012369035,-47.21797310873626,-931.0641058205365,3607.4305138782934,-0.0016316661060418942,43.93125,-2985.2276371805,132.10908677642237,-2006.1222917788841,4814.745760225746,-0.5683023099671385,26.358756,-4472.384987485787,0.0,-1930.4846262180577,6376.465865782951,-0.045887831870422814,0.0,-6674.517594315127,1132.2164311997547,-900.4684774574226,0.0,-2.556612366248098,0.0,0.0,0.0,0.0,0.0,0.0,276854.2457936155,0.0,0.0,0.0,0.0,0.0,0.0,0.0,14.998791815194814,13.464643752421624,14.825030227071139,-0.28841163815845305,-17.290250002300976,-17.290250002300976,-17.290250002300976,-17.290250002300976,-17.290250002300976,-17.290250002300976,-17.290250002300976,-17.290250002300976,20.973492934115082,20.9434064778498,20.902602124012493,20.770394723865,20.63508033324638,20.635080557705884,14.998791815194286,20.79492984626041,20.684458936774725,22.220851852569595,13.464643752421056,20.841387178598843,20.779199981095164,20.77919998109489,14.825030227070272,13.324709392597146,11.825547522442072,13.00454591798725,12.687698995830223,12.687697187817944,12.687697187816385,12.687697187814825,-17.290250002300976,5.851141695156996,6.575438127827907,6.575438127827907,20.973492935958536,0.0,0.0,0.0,0.02132864018172888,0.0,0.0,0.0,0.0,0.021941175326486914,0.0,0.09524710725066718,0.03284701644180574,0.0,0.22660500549183807,2.23418088720887,2.2341808872125863,2.2341808872088698,2.234387108623988,2.2341808872088698,2.191518672553178,0.04266221465564976,2.2341808872088693,2.2341808872088698,2.2341808872088698,2.2341808872088698,0.547359734315817,0.6750724023350423,0.7102964286904846,0.6750724023350858,0.0,0.5646162669368759,0.5473592074160959,0.5473592074162853,0.017257059520765863,0.5248307827534764,0.6448960953406265,0.6796682068561877,0.0,0.542042614236668,0.5248308660071479,0.5248308660070812,0.017211748229521217,0.6448960953406162,0.7981002243017228,0.8442162516621944,0.7981002243016947,0.0,1.084859791379723,1.064089770669437,0.020770020710129216,1.0640897706695926,1.0640897706644294,0.0,558638.4634923218,0.0,0.0,0.0,0.0,0.0,1203673.3750673304,0.0,0.0,0.0,0.0,0.0,1158290.7757308346,0.0,0.0,0.0,0.0,0.0,540281.0864744536,6440.270742057775,3864162.445234665,0.0,0.0,14.998782313007183,2164458.308326976,0.0,13.462154215127617,2888847.456135447,0.0,14.824891256401521,3825879.5194697706,0.0,-0.2985562070039973,0.0,0.0,40467.12310967273,628.2598228470357,1000.0,0.0 
 01/21  23:20:00,43.93125,-2682.5728540436207,-47.279501338118735,-931.0817296750879,3617.0012396388493,-0.0016062100021598266,43.93125,-2993.510687408225,132.33341135604974,-2005.9827181105884,4822.6736646853,-0.5594390594244368,26.358756,-4486.090710602824,0.0,-1930.490163889312,6390.178853017649,-0.04411976946017708,0.0,-6678.8484165396585,1132.8505373971066,-899.7608461857168,0.0,-2.443240909730173,0.0,0.0,0.0,0.0,0.0,0.0,276696.5020517035,0.0,0.0,0.0,0.0,0.0,0.0,0.0,14.998784637592196,13.462156582010811,14.824895708016367,-0.2985562070039973,-17.290250002300976,-17.290250002300976,-17.290250002300976,-17.290250002300976,-17.290250002300976,-17.290250002300976,-17.290250002300976,-17.290250002300976,20.986399026214364,20.956278177802393,20.915427145657112,20.783068932039644,20.64760001338786,20.64760023913622,14.99878463759167,20.807632269729055,20.69703543522297,22.233428351093707,13.462156582010245,20.854142398508536,20.79188424198418,20.791884241983908,14.824895708015497,13.324651379311135,11.823164283004004,13.00437315333543,12.68684479247615,12.68684298316874,12.686842983167205,12.686842983165668,-17.290250002300976,5.850482414371893,6.574778847234869,6.574778847234869,20.98639902801726,0.0,0.0,0.0,0.021327591204371072,0.0,0.0,0.0,0.0,0.021939564918918623,0.0,0.09524680744078896,0.03284632559112977,0.0,0.22659519555410962,2.2341808872088698,2.234180887052658,2.2341808872088693,2.234359866579644,2.2341808872088706,2.1915165301250514,0.042664357077794854,2.2341808872088698,2.2341808872088698,2.2341808872088698,2.2341808872088698,0.5474227506400144,0.6750722440593717,0.7102962675861731,0.675072244064717,0.0,0.5646148665436395,0.5473569193154916,0.5473569193380852,0.01725794722635872,0.5248309327706201,0.6448967297329735,0.6796685202131001,0.0,0.5420423555485001,0.5248297581866275,0.5248297581813639,0.017212597361781667,0.6448967297322735,0.7981000978259096,0.8442160994092234,0.7981000978218583,0.0,1.08485930804685,1.064088256974924,0.02077105104853891,1.0640882569981578,1.0640882571280033,0.0,558649.0378050528,0.0,0.0,0.0,0.0,0.0,1203589.630866353,0.0,0.0,0.0,0.0,0.0,1158294.0983335874,0.0,0.0,0.0,0.0,0.0,539856.5077114302,6443.370299107631,3866022.1794645786,0.0,0.0,14.99877524575066,2170200.74378331,0.0,13.459705854257813,2893604.19881118,0.0,14.824761917801816,3834107.3118105885,0.0,-0.3082505765192098,0.0,0.0,40505.25026046449,631.6138526733931,1000.0,0.0 
 01/21  23:30:00,43.93125,-2691.8782400836185,-47.33976575858878,-931.0993818161921,3626.384576089418,-0.0015772320022353116,43.93125,-3001.627283153949,132.55456809090242,-2005.8459904687925,4830.440917336703,-0.5507944739931351,26.358756,-4499.502073695548,0.0,-1930.495923278907,6403.597606086306,-0.04244292835163051,0.0,-6683.0232224483225,1133.4546094403138,-899.0836663649878,0.0,-2.3354362130721857,0.0,0.0,0.0,0.0,0.0,0.0,276545.72365973523,0.0,0.0,0.0,0.0,0.0,0.0,0.0,14.998777571961455,13.459708222450717,14.824766372097793,-0.3082505765192098,-17.290250002300976,-17.290250002300976,-17.290250002300976,-17.290250002300976,-17.290250002300976,-17.290250002300976,-17.290250002300976,-17.290250002300976,20.999028145349317,20.9688739891285,20.927977749900688,20.7954734735731,20.65985489184045,20.659855118902307,14.998777571960927,20.820064140891944,20.70934534913435,22.245738265079243,13.45970822245015,20.866625401506383,20.804298522187825,20.80429852218755,14.824766372096922,13.324595714169941,11.820819680464862,13.004207291229248,12.68600781141563,12.686006000873444,12.686006000871929,12.686006000870412,-17.290250002300976,5.849836424827806,6.5741328578789755,6.5741328578789755,20.99902814711352,0.0,0.0,0.0,0.02132658477509403,0.0,0.0,0.0,0.0,0.021938005424932624,0.0,0.09524650861520202,0.03284566224711086,0.0,0.2265858463056435,2.234180887208869,2.2341808869101842,2.234180887208872,2.234379745710658,2.2341808872088715,2.191514433569802,0.04266645363764257,2.2341808872088698,2.2341808872088693,2.23418088720887,2.2341808872088698,0.5473699234589676,0.6750720873670435,0.7102961085785802,0.675072087368277,0.0,0.5646134946350085,0.5473546781393848,0.5473546781445814,0.01725881649521022,0.5248291928276403,0.6448973543193525,0.6796688292177524,0.0,0.5420421040283916,0.5248286752615392,0.5248286752603891,0.01721342876682581,0.6448973543192038,0.7980999721115414,0.8442159494124495,0.798099972110594,0.0,1.0848588349097,1.0640867752028225,0.02077205970139278,1.064086775208271,1.064086775245706,0.0,558659.6290897152,0.0,0.0,0.0,0.0,0.0,1203507.5942812753,0.0,0.0,0.0,0.0,0.0,1158297.5539673443,0.0,0.0,0.0,0.0,0.0,539450.1998189928,6446.369005055521,3867821.4030333124,0.0,0.0,14.998768305996284,2175830.7456536507,0.0,13.457295346316164,2898264.550402021,0.0,14.824637494972418,3842158.563651783,0.0,-0.31751688039239223,0.0,0.0,40542.561585336836,634.9158065673316,1000.0,0.0 
 01/21  23:40:00,43.93125,-2701.005287747316,-47.39881139899967,-931.1170959523911,3635.58840085671,-0.0015539687554363267,43.93125,-3009.5840506164272,132.7726160665834,-2005.7120315024526,4838.054030019323,-0.5423490356827277,26.358756,-4512.631769040472,0.0,-1930.5018778751537,6416.7348188100095,-0.040844885627076194,0.0,-6687.049613318963,1134.0301405677571,-898.4354323866422,0.0,-2.232888180428574,0.0,0.0,0.0,0.0,0.0,0.0,276401.5705651824,0.0,0.0,0.0,0.0,0.0,0.0,0.0,14.998770633800264,13.457297715791317,14.824641951893074,-0.3175168803923923,-17.290250002300976,-17.290250002300976,-17.290250002300976,-17.290250002300976,-17.290250002300976,-17.290250002300976,-17.290250002300976,-17.290250002300976,21.01139223114405,20.981205800659726,20.940265756660725,20.807619945038642,20.67185633641216,20.671856564720677,14.998770633799735,20.832237098828394,20.721400131956702,22.257793047971916,13.45729771579075,20.87884790457138,20.81645443407887,20.8164544340786,14.824641951892202,13.324542300220674,11.818512706348688,13.004047981445625,12.685187477525375,12.685185665805767,12.685185665804276,12.685185665802779,-17.290250002300976,5.849203283016499,6.573499716252118,6.573499716252118,21.01139223287123,0.0,0.0,0.0,0.021325618707410243,0.0,0.0,0.0,0.0,0.021936494587253854,0.0,0.0952462111183404,0.032845025114856825,0.0,0.22657693532027248,2.2341808872088698,2.2341808870091273,2.2341808872088684,2.2343639219177014,2.234180887208872,2.19151238065163,0.042668506550599276,2.2341808872088698,2.2341808872088698,2.2341808872088693,2.2341808872088698,0.5474253445861745,0.6750719318612153,0.7102959512642854,0.6750719318671398,0.0,0.564612146230222,0.5473524778491904,0.5473524778742743,0.01725966837905109,0.5248282397067491,0.6448979694030723,0.6796691340306608,0.0,0.5420418604474685,0.524827617142755,0.5248276171367448,0.01721424330462698,0.6448979694022603,0.7980998474773278,0.8442158019135131,0.7980998474728737,0.0,1.0848583739892252,1.0640853262468006,0.020773047716748597,1.0640853262723082,1.064085326406863,0.0,558670.2575714346,0.0,0.0,0.0,0.0,0.0,1203427.2189014717,0.0,0.0,0.0,0.0,0.0,1158301.126725092,0.0,0.0,0.0,0.0,0.0,539061.2594319853,6449.271644016293,3869562.986409776,0.0,0.0,14.998761468599378,2181353.040514025,0.0,13.45492181881593,2902832.418011594,0.0,14.824517756907198,3850040.8912860057,0.0,-0.32637601704286867,0.0,0.0,40579.09188958899,638.1677254106438,1000.0,0.0 
 01/21  23:50:00,43.93125,-2709.9610148760503,-47.45667809526685,-931.1348299514416,3644.619759896861,-0.0015274066347842844,43.93125,-3017.386961312283,132.98761176625885,-2005.5807668396433,4845.518849538402,-0.5340903795637281,26.358756,-4525.491207312531,0.0,-1930.5080284984642,6429.601885511959,-0.039326752253229035,0.0,-6690.934619750769,1134.578556257953,-897.8147256802152,0.0,-2.1353458152910387,0.0,0.0,0.0,0.0,0.0,0.0,276263.71899186104,0.0,0.0,0.0,0.0,0.0,0.0,0.0,14.998763797965301,13.45492418954701,14.824522216398423,-0.32637601704286867,-17.290250002300976,-17.290250002300976,-17.290250002300976,-17.290250002300976,-17.290250002300976,-17.290250002300976,-17.290250002300976,-17.290250002300976,21.023502014234197,20.993284295885083,20.95230178546474,20.81951876028115,20.683614550418977,20.683614779996926,14.998763797964775,20.844161594772395,20.733210062182604,22.269602978264924,13.45492418954644,20.8908204314219,20.828362404018506,20.828362404018232,14.824522216397554,13.324491011393746,11.816242438520646,13.003894912057627,12.684383253152978,12.684381440310467,12.684381440308995,12.68438144030752,-17.290250002300976,5.84858257389227,6.572879007308717,6.572879007308717,21.023502015925857,0.0,0.0,0.0,0.021324691162883134,0.0,0.0,0.0,0.0,0.021935030298204167,0.0,0.09524591462696247,0.03284441289333085,0.0,0.22656844112603117,2.2341808872088693,2.234180887042046,2.23418088720887,2.2341912457617976,2.2341808872088693,2.191510369628041,0.04267051757842958,2.2341808872088698,2.2341808872088698,2.234180887208869,2.2341808872088698,0.5473760224516458,0.6750717778832336,0.710295795943026,0.6750717778853114,0.0,0.5646108239427506,0.5473503205281174,0.5473503205368557,0.01726050341393482,0.5248277341681927,0.6448985751639685,0.6796694346939599,0.0,0.5420416232448011,0.524826581593854,0.5248265815919895,0.01721504165089645,0.6448985751637332,0.7980997236477788,0.8442156565717349,0.7980997236461679,0.0,1.0848579224460968,1.064083906515837,0.020774015920917887,1.064083906525117,1.0640839065658778,0.0,558680.8979708651,0.0,0.0,0.0,0.0,0.0,1203348.4601037856,0.0,0.0,0.0,0.0,0.0,1158304.8170990786,0.0,0.0,0.0,0.0,0.0,538688.8354081291,6452.082642270209,3871249.5853621257,0.0,0.0,14.998754748074838,2186771.8559381166,0.0,13.452584453426239,2907311.3097230415,0.0,14.824402469343806,3857761.131307175,0.0,-0.33484788460371273,0.0,0.0,40614.87249924098,641.3713821262439,1000.0,0.0 
 01/21  24:00:00,43.93125,-2718.7517347338558,-47.513405026589226,-931.1526045285199,3653.4849994091783,-0.0015048352709366953,43.93125,-3025.041433668928,133.19960626766897,-2005.4521215856562,4852.840685760645,-0.5260046881786307,26.358756,-4538.0907166337,0.0,-1930.5143518808802,6442.209134132792,-0.03787890120255978,0.0,-6694.684806825457,1135.1012047438048,-897.2201977188981,0.0,-2.0425445411170515,0.0,0.0,0.0,0.0,0.0,0.0,276131.862309385,0.0,0.0,0.0,0.0,0.0,0.0,0.0,14.998757078972668,13.452586825387943,14.824406931353609,-0.3348478846037128,-17.290250002300976,-17.290250002300976,-17.290250002300976,-17.290250002300976,-17.290250002300976,-17.290250002300976,-17.290250002300976,-17.290250002300976,21.035367210079308,21.00511914612445,20.964095447747823,20.831179336772788,20.69513875268682,20.695138983489052,14.998757078972146,20.8558470829914,20.74478443275935,22.281177348906702,13.452586825387375,20.902552504018804,20.840031863047916,20.840031863047642,14.824406931352735,13.324441761427446,11.814008010630745,13.003747773940589,12.683594635887479,12.683592821973876,12.683592821972423,12.683592821970967,-17.290250002300976,5.847973909962324,6.57227034355609,6.57227034355609,21.035367211736798,0.0,0.0,0.0,0.021323800211478013,0.0,0.0,0.0,0.0,0.02193361055167834,0.0,0.0952456194385326,0.03284382442362636,0.0,0.22656034338101616,2.23418088720887,2.2341808872211724,2.23418088720887,2.234389517498303,2.23418088720887,2.1915083987251465,0.04267248848016552,2.2341808872088698,2.2341808872088698,2.2341808872088693,2.2341808872088698,0.5473869194127223,0.6750716251477226,0.7102956423186382,0.6750716251508588,0.0,0.5646095240212187,0.5473482016002408,0.5473482016134676,0.017261322419926006,0.5248267382924732,0.6448991718529058,0.6796697313328924,0.0,0.5420413930096503,0.5248255685285729,0.5248255685256098,0.017215824481013327,0.6448991718525204,0.7980996008636134,0.8442155135571394,0.7980996008612115,0.0,1.0848574817025705,1.0640825165464156,0.02077496514225881,1.0640825165602201,1.0640825166364447,0.0,558691.5627171119,0.0,0.0,0.0,0.0,0.0,1203271.2729513939,0.0,0.0,0.0,0.0,0.0,1158308.6111285281,0.0,0.0,0.0,0.0,0.0,538332.1186313389,6454.806163647845,3872883.698188707,0.0,0.0,14.998748126863495,2192090.999645507,0.0,13.450282492325504,2911704.4114563875,0.0,14.824291426242366,3865325.4804796763,0.0,-0.34295132748822177,0.0,0.0,40649.931810599504,644.5283785258192,1000.0,0.0 
 07/21  00:10:00,43.93125,185.65354247778762,-0.91307895479531,-247.09575218119392,0.0,-18.88983219910099,43.93125,171.26018401762502,0.0,-230.10461700301374,0.0,-15.19830927229743,26.358756,197.31449208732016,0.0,-252.2572533334664,0.0,-29.101194657088758,0.0,61.253376324004606,0.0,-109.95421070819236,0.0,-49.32473532738772,45260.08877327799,0.0,42529.16323948966,0.0,46083.72425534015,0.0,65972.52642491543,0.0,102997.36253543834,0.0,95533.60696231859,0.0,105270.6277447397,0.0,29.11622418931301,28.71235650404448,29.23526677952797,27.492640797504958,22.628749997699025,22.628749997699025,22.628749997699025,22.628749997699025,22.628749997699025,22.628749997699025,22.628749997699025,22.628749997699025,20.118319020533058,20.135589001149658,20.159003703819458,20.235386426940227,20.31346816078728,20.313468161219546,24.261706048692048,20.22103301851249,20.28457620642146,20.284576206804257,24.56646017920358,20.194128849703553,20.229785442399358,20.22978544239952,23.115686341427313,24.57779798784421,24.88168749297625,23.534562382209877,24.317477666112204,24.31747885506166,24.317478857735523,24.317478860409405,22.628749997699025,25.636280543129907,26.345401715448403,20.118319020533058,20.118319020533058,0.0,0.02780329374275138,0.01771820865763845,0.008951439345656452,0.058437092638528816,0.0,0.04793336845067532,0.0,0.005656699398042024,0.0,0.06435703470933235,0.007520385907657013,0.0,0.25173069787904434,0.0,0.0,0.0,0.0,0.0,0.0,0.0,0.0,0.0,0.0,0.0,0.0,0.0,0.0,0.0,0.0,0.0,0.0,0.0,0.0,0.0,0.0,0.0,0.0,0.0,0.0,0.0,0.0,0.0,0.0,0.0,0.0,0.0,0.0,0.0,0.0,0.0,0.0,0.0,0.0,0.0,0.0,0.0,0.0,0.0,0.0,0.0,0.0,0.0,0.0,0.0,0.0,0.0,0.0,0.0,0.0,0.0,0.0,0.0,0.0,0.0,0.0,29.029345128883204,0.0,0.0,28.642545153639244,0.0,0.0,29.146002350081673,0.0,0.0,27.27783664572625,0.0,0.0,0.0,0.0,0.0,0.0 
 07/21  00:20:00,43.93125,187.2328165295319,-0.8729897549809351,-248.19026516509462,0.0,-18.227065893898615,43.93125,173.28186093793192,0.0,-231.86654849068083,0.0,-14.833894056801974,26.358756,199.092281243614,0.0,-253.23660049812042,0.0,-28.240933660467732,0.0,59.80591467778255,0.0,-107.56453928346968,0.0,-48.298728360122126,45440.27129659666,0.0,42819.14204850736,0.0,46244.476890197,0.0,64538.72357008181,0.0,103473.88780246009,0.0,96300.78704590113,0.0,105697.48340867524,0.0,29.029345128883204,28.642545153639244,29.146002350081673,27.27783664572625,22.521749997699025,22.521749997699025,22.521749997699025,22.521749997699025,22.521749997699025,22.521749997699025,22.521749997699025,22.521749997699025,20.118319020533058,20.135589001149658,20.159003703819458,20.235386426940227,20.31346816078728,20.313468161219546,24.261706048692048,20.22103301851249,20.28457620642146,20.284576206804257,24.56646017920358,20.194128849703553,20.229785442399358,20.22978544239952,23.115686341427313,24.57779798784421,24.88168749297625,23.534562382209877,24.317477666112204,24.31747885506166,24.317478857735523,24.317478860409405,22.521749997699025,25.636280543129907,26.345401715448403,20.118319020533058,20.118319020533058,0.0,0.02781674235602407,0.017726213360556877,0.00894918023031394,0.058462749246801976,0.0,0.04795494072616709,0.0,0.005658010254779214,0.0,0.06438737194952239,0.007516580163500419,0.0,0.25179813066746476,0.0,0.0,0.0,0.0,0.0,0.0,0.0,0.0,0.0,0.0,0.0,0.0,0.0,0.0,0.0,0.0,0.0,0.0,0.0,0.0,0.0,0.0,0.0,0.0,0.0,0.0,0.0,0.0,0.0,0.0,0.0,0.0,0.0,0.0,0.0,0.0,0.0,0.0,0.0,0.0,0.0,0.0,0.0,0.0,0.0,0.0,0.0,0.0,0.0,0.0,0.0,0.0,0.0,0.0,0.0,0.0,0.0,0.0,0.0,0.0,0.0,0.0,28.945537560281508,0.0,0.0,28.57442308665014,0.0,0.0,29.059401588840174,0.0,0.0,27.067648053753143,0.0,0.0,0.0,0.0,0.0,0.0 
 07/21  00:30:00,43.93125,188.64542410472023,-0.8338642803905287,-249.3818554774905,0.0,-17.789689101491298,43.93125,175.16139360347321,0.0,-233.676776303721,0.0,-14.634039697476215,26.358756,200.65447565995555,0.0,-254.31200366124978,0.0,-27.57683739827008,0.0,58.41476237289649,0.0,-105.27341336728705,0.0,-47.352926834985595,45634.94966752586,0.0,43115.92120965462,0.0,46419.90204861007,0.0,63164.04802037224,0.0,103994.16361896845,0.0,97090.144572578,0.0,106167.30014813978,0.0,28.945537560281508,28.57442308665014,29.059401588840174,27.067648053753143,22.414749997699026,22.414749997699026,22.414749997699026,22.414749997699026,22.414749997699026,22.414749997699026,22.414749997699026,22.414749997699026,20.118319020533058,20.135589001149658,20.159003703819458,20.235386426940227,20.31346816078728,20.313468161219546,24.261706048692048,20.22103301851249,20.28457620642146,20.284576206804257,24.56646017920358,20.194128849703553,20.229785442399358,20.22978544239952,23.115686341427313,24.57779798784421,24.88168749297625,23.534562382209877,24.317477666112204,24.31747885506166,24.317478857735523,24.317478860409405,22.414749997699026,25.636280543129907,26.345401715448403,20.118319020533058,20.118319020533058,0.0,0.027829769013542904,0.017733933219232056,0.008948265337818099,0.05848773315050886,0.0,0.047975786067363774,0.0,0.005660523265684414,0.0,0.06441692025509681,0.007514037675204926,0.0,0.25186897616318005,0.0,0.0,0.0,0.0,0.0,0.0,0.0,0.0,0.0,0.0,0.0,0.0,0.0,0.0,0.0,0.0,0.0,0.0,0.0,0.0,0.0,0.0,0.0,0.0,0.0,0.0,0.0,0.0,0.0,0.0,0.0,0.0,0.0,0.0,0.0,0.0,0.0,0.0,0.0,0.0,0.0,0.0,0.0,0.0,0.0,0.0,0.0,0.0,0.0,0.0,0.0,0.0,0.0,0.0,0.0,0.0,0.0,0.0,0.0,0.0,0.0,0.0,28.8637631910501,0.0,0.0,28.507233790498642,0.0,0.0,28.974861023635086,0.0,0.0,26.861717014756497,0.0,0.0,0.0,0.0,0.0,0.0 
 07/21  00:40:00,43.93125,190.0633766464548,-0.7956471063380235,-250.63514608464567,0.0,-17.52111085266837,43.93125,177.03116301325076,0.0,-235.5106184258098,0.0,-14.55350732772354,26.358756,202.15211049022605,0.0,-255.4560370775722,0.0,-27.117589986617336,0.0,57.13782836598999,0.0,-103.0778331949183,0.0,-46.435520452793604,45838.646768182174,0.0,43415.63325014519,0.0,46605.56726533354,0.0,61846.69991695099,0.0,104542.4408826052,0.0,97890.7378053407,0.0,106668.0549812098,0.0,28.8637631910501,28.507233790498642,28.974861023635086,26.861717014756497,22.307749997699027,22.307749997699027,22.307749997699027,22.307749997699027,22.307749997699027,22.307749997699027,22.307749997699027,22.307749997699027,20.118319020533058,20.135589001149658,20.159003703819458,20.235386426940227,20.31346816078728,20.313468161219546,24.261706048692048,20.22103301851249,20.28457620642146,20.284576206804257,24.56646017920358,20.194128849703553,20.229785442399358,20.22978544239952,23.115686341427313,24.57779798784421,24.88168749297625,23.534562382209877,24.317477666112204,24.31747885506166,24.317478857735523,24.317478860409405,22.307749997699027,25.636280543129907,26.345401715448403,20.118319020533058,20.118319020533058,0.0,0.027842487874535662,0.017741477079987984,0.008948368983029408,0.05851222481356532,0.0,0.04799609277462285,0.0,0.0056639259748220185,0.0,0.06444584750476672,0.007512565581532849,0.0,0.25194272326118783,0.0,0.0,0.0,0.0,0.0,0.0,0.0,0.0,0.0,0.0,0.0,0.0,0.0,0.0,0.0,0.0,0.0,0.0,0.0,0.0,0.0,0.0,0.0,0.0,0.0,0.0,0.0,0.0,0.0,0.0,0.0,0.0,0.0,0.0,0.0,0.0,0.0,0.0,0.0,0.0,0.0,0.0,0.0,0.0,0.0,0.0,0.0,0.0,0.0,0.0,0.0,0.0,0.0,0.0,0.0,0.0,0.0,0.0,0.0,0.0,0.0,0.0,28.783244883802297,0.0,0.0,28.44042904784115,0.0,0.0,28.891751290964105,0.0,0.0,26.659911672874127,0.0,0.0,0.0,0.0,0.0,0.0 
 07/21  00:50:00,43.93125,191.5483754521359,-0.7591674183159256,-251.9359658909259,0.0,-17.309283362692884,43.93125,178.93926551534244,0.0,-237.3594594865341,0.0,-14.506262377015227,26.358756,203.67428803390513,0.0,-256.6523227147414,0.0,-26.76819084860376,0.0,55.94397062108763,0.0,-100.97671769435317,0.0,-45.527831986038294,46049.52254960156,0.0,43717.19985070771,0.0,46799.09645296923,0.0,60586.03061661193,0.0,105112.05698495403,0.0,98698.47584121271,0.0,107192.29717587566,0.0,28.783244883802297,28.44042904784115,28.891751290964105,26.659911672874127,22.200749997699027,22.200749997699027,22.200749997699027,22.200749997699027,22.200749997699027,22.200749997699027,22.200749997699027,22.200749997699027,20.118319020533058,20.135589001149658,20.159003703819458,20.235386426940227,20.31346816078728,20.313468161219546,24.261706048692048,20.22103301851249,20.28457620642146,20.284576206804257,24.56646017920358,20.194128849703553,20.229785442399358,20.22978544239952,23.115686341427313,24.57779798784421,24.88168749297625,23.534562382209877,24.317477666112204,24.31747885506166,24.317478857735523,24.317478860409405,22.200749997699027,25.636280543129907,26.345401715448403,20.118319020533058,20.118319020533058,0.0,0.027854980268736743,0.01774890532985189,0.008949262671090643,0.058536354514095466,0.0,0.048015997112589165,0.0,0.00566801409414436,0.0,0.06447429648060816,0.007511972430241378,0.0,0.2520190299269975,0.0,0.0,0.0,0.0,0.0,0.0,0.0,0.0,0.0,0.0,0.0,0.0,0.0,0.0,0.0,0.0,0.0,0.0,0.0,0.0,0.0,0.0,0.0,0.0,0.0,0.0,0.0,0.0,0.0,0.0,0.0,0.0,0.0,0.0,0.0,0.0,0.0,0.0,0.0,0.0,0.0,0.0,0.0,0.0,0.0,0.0,0.0,0.0,0.0,0.0,0.0,0.0,0.0,0.0,0.0,0.0,0.0,0.0,0.0,0.0,0.0,0.0,28.70372098744478,0.0,0.0,28.37385587719557,0.0,0.0,28.809734738625767,0.0,0.0,26.462181739279913,0.0,0.0,0.0,0.0,0.0,0.0 
 07/21  01:00:00,43.93125,193.08747301261275,-0.7248384929684164,-253.28265243140333,0.0,-17.099553347257643,43.93125,180.87760313880773,0.0,-239.22404317723345,0.0,-14.450590621952346,26.358756,205.23758165629744,0.0,-257.8949005656004,0.0,-26.45427836725129,0.0,54.8038795293519,0.0,-98.96773499872438,0.0,-44.642135473103245,46267.51113098738,0.0,44020.89530881369,0.0,46999.72317116403,0.0,59380.64099923462,0.0,105702.08032785465,0.0,99513.53059752638,0.0,107737.2171681962,0.0,28.70372098744478,28.37385587719557,28.809734738625767,26.462181739279913,22.093749997699028,22.093749997699028,22.093749997699028,22.093749997699028,22.093749997699028,22.093749997699028,22.093749997699028,22.093749997699028,20.118319020533058,20.135589001149658,20.159003703819458,20.235386426940227,20.31346816078728,20.313468161219546,24.261706048692048,20.22103301851249,20.28457620642146,20.284576206804257,24.56646017920358,20.194128849703553,20.229785442399358,20.22978544239952,23.115686341427313,24.57779798784421,24.88168749297625,23.534562382209877,24.317477666112204,24.31747885506166,24.317478857735523,24.317478860409405,22.093749997699028,25.636280543129907,26.345401715448403,20.118319020533058,20.118319020533058,0.0,0.027867272583029346,0.017756224572032676,0.008950878133783965,0.05856016315164539,0.0,0.048035542062142327,0.0,0.005672743612352267,0.0,0.06450232906430246,0.007512161088551491,0.0,0.2520977999250341,0.0,0.0,0.0,0.0,0.0,0.0,0.0,0.0,0.0,0.0,0.0,0.0,0.0,0.0,0.0,0.0,0.0,0.0,0.0,0.0,0.0,0.0,0.0,0.0,0.0,0.0,0.0,0.0,0.0,0.0,0.0,0.0,0.0,0.0,0.0,0.0,0.0,0.0,0.0,0.0,0.0,0.0,0.0,0.0,0.0,0.0,0.0,0.0,0.0,0.0,0.0,0.0,0.0,0.0,0.0,0.0,0.0,0.0,0.0,0.0,0.0,0.0,28.625181097503397,0.0,0.0,28.307552786361896,0.0,0.0,28.728701811380397,0.0,0.0,26.268423967203056,0.0,0.0,0.0,0.0,0.0,0.0 
 07/21  01:10:00,43.93125,194.34913872767243,-0.7010827848104526,-253.1770030067068,0.0,-16.24542359603458,43.93125,182.36498662045506,0.0,-239.6131015162277,0.0,-13.824401220271524,26.358756,206.5717060268518,0.0,-257.64523444749864,0.0,-25.453660805455407,0.0,53.294351416401256,0.0,-96.21743865200631,0.0,-43.5655986616805,46255.592149560835,0.0,44087.5419302278,0.0,46964.28490922195,0.0,57730.46319120381,0.0,105650.6096544633,0.0,99680.31897950885,0.0,107622.85575927727,0.0,28.625181097503397,28.307552786361896,28.728701811380397,26.268423967203056,22.022416664365693,22.022416664365693,22.022416664365693,22.022416664365693,22.022416664365693,22.022416664365693,22.022416664365693,22.022416664365693,20.118319020533058,20.135589001149658,20.159003703819458,20.235386426940227,20.31346816078728,20.313468161219546,24.261706048692048,20.22103301851249,20.28457620642146,20.284576206804257,24.56646017920358,20.194128849703553,20.229785442399358,20.22978544239952,23.115686341427313,24.57779798784421,24.88168749297625,23.534562382209877,24.317477666112204,24.31747885506166,24.317478857735523,24.317478860409405,22.022416664365693,25.636280543129907,26.345401715448403,20.118319020533058,20.118319020533058,0.0,0.027879205048402453,0.017763223484159058,0.0089376573774878,0.05858495501074201,0.0,0.048058124675782486,0.0,0.005658266240973278,0.0,0.06453088390668478,0.007496029227626288,0.0,0.2521037737460929,0.0,0.0,0.0,0.0,0.0,0.0,0.0,0.0,0.0,0.0,0.0,0.0,0.0,0.0,0.0,0.0,0.0,0.0,0.0,0.0,0.0,0.0,0.0,0.0,0.0,0.0,0.0,0.0,0.0,0.0,0.0,0.0,0.0,0.0,0.0,0.0,0.0,0.0,0.0,0.0,0.0,0.0,0.0,0.0,0.0,0.0,0.0,0.0,0.0,0.0,0.0,0.0,0.0,0.0,0.0,0.0,0.0,0.0,0.0,0.0,0.0,0.0,28.550582756042576,0.0,0.0,28.24413616291729,0.0,0.0,28.6507540896372,0.0,0.0,26.079458091350684,0.0,0.0,0.0,0.0,0.0,0.0 
 07/21  01:20:00,43.93125,194.93763601630687,-0.6796999952950387,-253.23733443486395,0.0,-15.439927251575464,43.93125,183.27463540272163,0.0,-240.12516979808584,0.0,-13.218955086389938,26.358756,207.23986809974014,0.0,-257.5333615807528,0.0,-24.448058673505443,0.0,51.5045592822936,0.0,-93.57008484521725,0.0,-42.57279407088685,46269.95996824895,0.0,44173.96114005257,0.0,46950.75330444839,0.0,56142.050907130404,0.0,105672.44069266939,0.0,99901.14073879892,0.0,107569.26364400331,0.0,28.550582756042576,28.24413616291729,28.6507540896372,26.079458091350684,21.951083331032358,21.951083331032358,21.951083331032358,21.951083331032358,21.951083331032358,21.951083331032358,21.951083331032358,21.951083331032358,20.118319020533058,20.135589001149658,20.159003703819458,20.235386426940227,20.31346816078728,20.313468161219546,24.261706048692048,20.22103301851249,20.28457620642146,20.284576206804257,24.56646017920358,20.194128849703553,20.229785442399358,20.22978544239952,23.115686341427313,24.57779798784421,24.88168749297625,23.534562382209877,24.317477666112204,24.31747885506166,24.317478857735523,24.317478860409405,21.951083331032358,25.636280543129907,26.345401715448403,20.118319020533058,20.118319020533058,0.0,0.027890634118454907,0.01776983324149274,0.008926050794422595,0.05860883148318866,0.0,0.04807973393693802,0.0,0.005645485780675346,0.0,0.064558475077444,0.007481324375548534,0.0,0.2521136940828069,0.0,0.0,0.0,0.0,0.0,0.0,0.0,0.0,0.0,0.0,0.0,0.0,0.0,0.0,0.0,0.0,0.0,0.0,0.0,0.0,0.0,0.0,0.0,0.0,0.0,0.0,0.0,0.0,0.0,0.0,0.0,0.0,0.0,0.0,0.0,0.0,0.0,0.0,0.0,0.0,0.0,0.0,0.0,0.0,0.0,0.0,0.0,0.0,0.0,0.0,0.0,0.0,0.0,0.0,0.0,0.0,0.0,0.0,0.0,0.0,0.0,0.0,28.47969988168567,0.0,0.0,28.1835091002644,0.0,0.0,28.57590447279645,0.0,0.0,25.89491250766015,0.0,0.0,0.0,0.0,0.0,0.0 
 07/21  01:30:00,43.93125,195.1947554720722,-0.6559233125293247,-253.39469543753097,0.0,-15.015129835772763,43.93125,183.8859706600241,0.0,-240.70408783245801,0.0,-12.9297736342935,26.358756,207.52038302695743,0.0,-257.5137070901235,0.0,-23.82611991825782,0.0,49.776650067505116,0.0,-91.01486931613704,0.0,-41.684636647312075,46298.25015525142,0.0,44269.89255231026,0.0,46950.817970808,0.0,54608.92158968225,0.0,105738.56710726715,0.0,100152.5601471645,0.0,107557.40628326606,0.0,28.47969988168567,28.1835091002644,28.57590447279645,25.89491250766015,21.879749997699026,21.879749997699026,21.879749997699026,21.879749997699026,21.879749997699026,21.879749997699026,21.879749997699026,21.879749997699026,20.118319020533058,20.135589001149658,20.159003703819458,20.235386426940227,20.31346816078728,20.313468161219546,24.261706048692048,20.22103301851249,20.28457620642146,20.284576206804257,24.56646017920358,20.194128849703553,20.229785442399358,20.22978544239952,23.115686341427313,24.57779798784421,24.88168749297625,23.534562382209877,24.317477666112204,24.31747885506166,24.317478857735523,24.317478860409405,21.879749997699026,25.636280543129907,26.345401715448403,20.118319020533058,20.118319020533058,0.0,0.027901592521518814,0.017776093722272544,0.008915956177168928,0.05863183105020304,0.0,0.04810041130839794,0.0,0.005634322980493673,0.0,0.06458512908851254,0.0074680274462106564,0.0,0.2521273420125693,0.0,0.0,0.0,0.0,0.0,0.0,0.0,0.0,0.0,0.0,0.0,0.0,0.0,0.0,0.0,0.0,0.0,0.0,0.0,0.0,0.0,0.0,0.0,0.0,0.0,0.0,0.0,0.0,0.0,0.0,0.0,0.0,0.0,0.0,0.0,0.0,0.0,0.0,0.0,0.0,0.0,0.0,0.0,0.0,0.0,0.0,0.0,0.0,0.0,0.0,0.0,0.0,0.0,0.0,0.0,0.0,0.0,0.0,0.0,0.0,0.0,0.0,28.41078295334065,0.0,0.0,28.1242200009236,0.0,0.0,28.502976637337536,0.0,0.0,25.71432614840699,0.0,0.0,0.0,0.0,0.0,0.0 
 07/21  01:40:00,43.93125,195.44455471195334,-0.6305105534901543,-253.5932433151474,0.0,-14.849418468979712,43.93125,184.46852368581693,0.0,-241.3026582641487,0.0,-12.864574008676946,26.358756,207.7277775831646,0.0,-257.54254989906536,0.0,-23.51570878771824,0.0,48.21955966542045,0.0,-88.55088057721446,0.0,-40.804440970481274,46332.047980646406,0.0,44368.06882491684,0.0,46957.731236061096,0.0,53130.528346328705,0.0,105823.89800844203,0.0,100413.52613357239,0.0,107567.79870337818,0.0,28.41078295334065,28.1242200009236,28.502976637337536,25.71432614840699,21.80841666436569,21.80841666436569,21.80841666436569,21.80841666436569,21.80841666436569,21.80841666436569,21.80841666436569,21.80841666436569,20.118319020533058,20.135589001149658,20.159003703819458,20.235386426940227,20.31346816078728,20.313468161219546,24.261706048692048,20.22103301851249,20.28457620642146,20.284576206804257,24.56646017920358,20.194128849703553,20.229785442399358,20.22978544239952,23.115686341427313,24.57779798784421,24.88168749297625,23.534562382209877,24.317477666112204,24.31747885506166,24.317478857735523,24.317478860409405,21.80841666436569,25.636280543129907,26.345401715448403,20.118319020533058,20.118319020533058,0.0,0.02791575856602587,0.017787328869675947,0.008907291902885079,0.058653902855500956,0.0,0.04812007599879252,0.0,0.005624079331506793,0.0,0.06461044006320485,0.007455565027351796,0.0,0.2521437914225822,0.0,0.0,0.0,0.0,0.0,0.0,0.0,0.0,0.0,0.0,0.0,0.0,0.0,0.0,0.0,0.0,0.0,0.0,0.0,0.0,0.0,0.0,0.0,0.0,0.0,0.0,0.0,0.0,0.0,0.0,0.0,0.0,0.0,0.0,0.0,0.0,0.0,0.0,0.0,0.0,0.0,0.0,0.0,0.0,0.0,0.0,0.0,0.0,0.0,0.0,0.0,0.0,0.0,0.0,0.0,0.0,0.0,0.0,0.0,0.0,0.0,0.0,28.3426420140627,0.0,0.0,28.065241421629032,0.0,0.0,28.431016121914872,0.0,0.0,25.537657560954457,0.0,0.0,0.0,0.0,0.0,0.0 
 07/21  01:50:00,43.93125,195.789163545058,-0.6056667530920095,-253.8160964171874,0.0,-14.741214032859483,43.93125,185.11774590615414,0.0,-241.906320584617,0.0,-12.850818154297048,26.358756,207.99979262645104,0.0,-257.60143212900005,0.0,-23.314944546809336,0.0,46.77229542867596,0.0,-86.1803626926652,0.0,-39.901343425868326,46369.485840318186,0.0,44466.820774779306,0.0,46969.11821132878,0.0,51708.217615599104,0.0,105920.17200999426,0.0,100676.97157599092,0.0,107591.74106607125,0.0,28.3426420140627,28.065241421629032,28.431016121914872,25.537657560954457,21.73708333103236,21.73708333103236,21.73708333103236,21.73708333103236,21.73708333103236,21.73708333103236,21.73708333103236,21.73708333103236,20.118319020533058,20.135589001149658,20.159003703819458,20.235386426940227,20.31346816078728,20.313468161219546,24.261706048692048,20.22103301851249,20.28457620642146,20.284576206804257,24.56646017920358,20.194128849703553,20.229785442399358,20.22978544239952,23.115686341427313,24.57779798784421,24.88168749297625,23.534562382209877,24.317477666112204,24.31747885506166,24.317478857735523,24.317478860409405,21.73708333103236,25.636280543129907,26.345401715448403,20.118319020533058,20.118319020533058,0.0,0.027926447451767526,0.01779358514342932,0.00889883170996764,0.058676013938115675,0.0,0.0481397866438849,0.0,0.005614599279546508,0.0,0.06463603361338036,0.007444030166341445,0.0,0.2521626264865805,0.0,0.0,0.0,0.0,0.0,0.0,0.0,0.0,0.0,0.0,0.0,0.0,0.0,0.0,0.0,0.0,0.0,0.0,0.0,0.0,0.0,0.0,0.0,0.0,0.0,0.0,0.0,0.0,0.0,0.0,0.0,0.0,0.0,0.0,0.0,0.0,0.0,0.0,0.0,0.0,0.0,0.0,0.0,0.0,0.0,0.0,0.0,0.0,0.0,0.0,0.0,0.0,0.0,0.0,0.0,0.0,0.0,0.0,0.0,0.0,0.0,0.0,28.275012776937164,0.0,0.0,28.00633742875229,0.0,0.0,28.359686868548007,0.0,0.0,25.364999003148498,0.0,0.0,0.0,0.0,0.0,0.0 
 07/21  02:00:00,43.93125,196.19858441969134,-0.5824660632013092,-254.0670586305115,0.0,-14.603348717950778,43.93125,185.8174238274827,0.0,-242.51920190907282,0.0,-12.806560778869397,26.358756,208.3389709300468,0.0,-257.68935630216157,0.0,-23.106499270117013,0.0,45.381336946790825,0.0,-83.90281458319794,0.0,-39.00224879272111,46411.52746954938,0.0,44567.138496060914,0.0,46985.145411095415,0.0,50341.688749918794,0.0,106028.70770875752,0.0,100944.38264938274,0.0,107628.46837020149,0.0,28.275012776937164,28.00633742875229,28.359686868548007,25.364999003148498,21.665749997699024,21.665749997699024,21.665749997699024,21.665749997699024,21.665749997699024,21.665749997699024,21.665749997699024,21.665749997699024,20.118319020533058,20.135589001149658,20.159003703819458,20.235386426940227,20.31346816078728,20.313468161219546,24.261706048692048,20.22103301851249,20.28457620642146,20.284576206804257,24.56646017920358,20.194128849703553,20.229785442399358,20.22978544239952,23.115686341427313,24.57779798784421,24.88168749297625,23.534562382209877,24.317477666112204,24.31747885506166,24.317478857735523,24.317478860409405,21.665749997699024,25.636280543129907,26.345401715448403,20.118319020533058,20.118319020533058,0.0,0.027936993364613586,0.017799767592104068,0.008890955566858861,0.05869784622462185,0.0,0.04815918553370151,0.0,0.005605718198539885,0.0,0.06466128048205379,0.007433158348710058,0.0,0.2521837673301195,0.0,0.0,0.0,0.0,0.0,0.0,0.0,0.0,0.0,0.0,0.0,0.0,0.0,0.0,0.0,0.0,0.0,0.0,0.0,0.0,0.0,0.0,0.0,0.0,0.0,0.0,0.0,0.0,0.0,0.0,0.0,0.0,0.0,0.0,0.0,0.0,0.0,0.0,0.0,0.0,0.0,0.0,0.0,0.0,0.0,0.0,0.0,0.0,0.0,0.0,0.0,0.0,0.0,0.0,0.0,0.0,0.0,0.0,0.0,0.0,0.0,0.0,28.208030921539898,0.0,0.0,27.947647737251998,0.0,0.0,28.28901192301592,0.0,0.0,25.19632637849436,0.0,0.0,0.0,0.0,0.0,0.0 
 07/21  02:10:00,43.93125,196.4745792418676,-0.5650689064453758,-253.60095782229516,0.0,-14.120820090594458,43.93125,186.30530447713778,0.0,-242.39872169004926,0.0,-12.448929446512393,26.358756,208.5839730809878,0.0,-257.0411551805016,0.0,-22.52289964883373,0.0,43.83000953520383,0.0,-81.30051266918747,0.0,-38.02013075921268,46340.21491157876,0.0,44550.147614703455,0.0,46884.752102342754,0.0,48780.307601512475,0.0,105820.35978179831,0.0,100889.08539932614,0.0,107339.94100595819,0.0,28.208030921539898,27.947647737251998,28.28901192301592,25.19632637849436,21.612249997699024,21.612249997699024,21.612249997699024,21.612249997699024,21.612249997699024,21.612249997699024,21.612249997699024,21.612249997699024,20.118319020533058,20.135589001149658,20.159003703819458,20.235386426940227,20.31346816078728,20.313468161219546,24.261706048692048,20.22103301851249,20.28457620642146,20.284576206804257,24.56646017920358,20.194128849703553,20.229785442399358,20.22978544239952,23.115686341427313,24.57779798784421,24.88168749297625,23.534562382209877,24.317477666112204,24.31747885506166,24.317478857735523,24.317478860409405,21.612249997699024,25.636280543129907,26.345401715448403,20.118319020533058,20.118319020533058,0.0,0.027947308908818573,0.01780576446541107,0.008875872331427318,0.05872005212131332,0.0,0.04817997579825693,0.0,0.005587457195556653,0.0,0.06468665198141467,0.007414342444686782,0.0,0.252169427823007,0.0,0.0,0.0,0.0,0.0,0.0,0.0,0.0,0.0,0.0,0.0,0.0,0.0,0.0,0.0,0.0,0.0,0.0,0.0,0.0,0.0,0.0,0.0,0.0,0.0,0.0,0.0,0.0,0.0,0.0,0.0,0.0,0.0,0.0,0.0,0.0,0.0,0.0,0.0,0.0,0.0,0.0,0.0,0.0,0.0,0.0,0.0,0.0,0.0,0.0,0.0,0.0,0.0,0.0,0.0,0.0,0.0,0.0,0.0,0.0,0.0,0.0,28.143276219605237,0.0,0.0,27.89060780018591,0.0,0.0,28.220137771986842,0.0,0.0,25.031991736984295,0.0,0.0,0.0,0.0,0.0,0.0 
 07/21  02:20:00,43.93125,196.4153211057406,-0.5490397025221796,-253.22989823469834,0.0,-13.659836303359898,43.93125,186.5125379298089,0.0,-242.3509012392176,0.0,-12.090152607364452,26.358756,208.50843481969295,0.0,-256.47535115031536,0.0,-21.92176148127908,0.0,42.1713996370091,0.0,-78.79373788043506,0.0,-37.09516862456506,46283.948117331165,0.0,44544.87124260235,0.0,46797.45387971368,0.0,47276.24272826101,0.0,105653.99082348787,0.0,100865.6695009282,0.0,107087.75681047555,0.0,28.143276219605237,27.89060780018591,28.220137771986842,25.031991736984295,21.558749997699024,21.558749997699024,21.558749997699024,21.558749997699024,21.558749997699024,21.558749997699024,21.558749997699024,21.558749997699024,20.118319020533058,20.135589001149658,20.159003703819458,20.235386426940227,20.31346816078728,20.313468161219546,24.261706048692048,20.22103301851249,20.28457620642146,20.284576206804257,24.56646017920358,20.194128849703553,20.229785442399358,20.22978544239952,23.115686341427313,24.57779798784421,24.88168749297625,23.534562382209877,24.317477666112204,24.31747885506166,24.317478857735523,24.317478860409405,21.558749997699024,25.636280543129907,26.345401715448403,20.118319020533058,20.118319020533058,0.0,0.02795731864405361,0.01781154831826832,0.008861891843673954,0.05874163292955566,0.0,0.048200096458195806,0.0,0.005570412229609044,0.0,0.06471135633587634,0.007396562852392782,0.0,0.2521582486918433,0.0,0.0,0.0,0.0,0.0,0.0,0.0,0.0,0.0,0.0,0.0,0.0,0.0,0.0,0.0,0.0,0.0,0.0,0.0,0.0,0.0,0.0,0.0,0.0,0.0,0.0,0.0,0.0,0.0,0.0,0.0,0.0,0.0,0.0,0.0,0.0,0.0,0.0,0.0,0.0,0.0,0.0,0.0,0.0,0.0,0.0,0.0,0.0,0.0,0.0,0.0,0.0,0.0,0.0,0.0,0.0,0.0,0.0,0.0,0.0,0.0,0.0,28.080648499339155,0.0,0.0,27.83522193965749,0.0,0.0,28.153116803914767,0.0,0.0,24.871741285350765,0.0,0.0,0.0,0.0,0.0,0.0 
 07/21  02:30:00,43.93125,196.19853413833474,-0.5317893866383656,-252.9186718020344,0.0,-13.393220861956456,43.93125,186.58025104003937,0.0,-242.34803466544787,0.0,-11.888316958718438,26.358756,208.25277574283518,0.0,-255.96976420964637,0.0,-21.508870452790823,0.0,40.57639266473777,0.0,-76.3757339248607,0.0,-36.23549267684818,46236.41287183008,0.0,44546.21579789433,0.0,46719.17213252589,0.0,45825.44035491645,0.0,105514.79020939053,0.0,100862.60500137441,0.0,106862.68639326189,0.0,28.080648499339155,27.83522193965749,28.153116803914767,24.871741285350765,21.505249997699025,21.505249997699025,21.505249997699025,21.505249997699025,21.505249997699025,21.505249997699025,21.505249997699025,21.505249997699025,20.118319020533058,20.135589001149658,20.159003703819458,20.235386426940227,20.31346816078728,20.313468161219546,24.261706048692048,20.22103301851249,20.28457620642146,20.284576206804257,24.56646017920358,20.194128849703553,20.229785442399358,20.22978544239952,23.115686341427313,24.57779798784421,24.88168749297625,23.534562382209877,24.317477666112204,24.31747885506166,24.317478857735523,24.317478860409405,21.505249997699025,25.636280543129907,26.345401715448403,20.118319020533058,20.118319020533058,0.0,0.027967039605312497,0.017817139546064217,0.008848957291003509,0.05876260214638062,0.0,0.04821956274148013,0.0,0.005554555860654659,0.0,0.06473540206980695,0.007379817974470907,0.0,0.2521501048199796,0.0,0.0,0.0,0.0,0.0,0.0,0.0,0.0,0.0,0.0,0.0,0.0,0.0,0.0,0.0,0.0,0.0,0.0,0.0,0.0,0.0,0.0,0.0,0.0,0.0,0.0,0.0,0.0,0.0,0.0,0.0,0.0,0.0,0.0,0.0,0.0,0.0,0.0,0.0,0.0,0.0,0.0,0.0,0.0,0.0,0.0,0.0,0.0,0.0,0.0,0.0,0.0,0.0,0.0,0.0,0.0,0.0,0.0,0.0,0.0,0.0,0.0,28.019255673864755,0.0,0.0,27.78077055495593,0.0,0.0,28.08737252335337,0.0,0.0,24.715286841279077,0.0,0.0,0.0,0.0,0.0,0.0 
 07/21  02:40:00,43.93125,195.98983307210375,-0.5136484350741455,-252.6387655886202,0.0,-13.258610381961306,43.93125,186.646243390045,0.0,-242.36634962221498,0.0,-11.799088968035965,26.358756,207.97647673832222,0.0,-255.50261321669794,0.0,-21.251247134985054,0.0,39.09427624011184,0.0,-74.0446756856445,0.0,-35.39284113364645,46193.321083880626,0.0,44550.52652817663,0.0,46646.54312624323,0.0,44426.805411386704,0.0,105389.9382692915,0.0,100869.28324515236,0.0,106655.0248037756,0.0,28.019255673864755,27.78077055495593,28.08737252335337,24.715286841279077,21.451749997699025,21.451749997699025,21.451749997699025,21.451749997699025,21.451749997699025,21.451749997699025,21.451749997699025,21.451749997699025,20.118319020533058,20.135589001149658,20.159003703819458,20.235386426940227,20.31346816078728,20.313468161219546,24.261706048692048,20.22103301851249,20.28457620642146,20.284576206804257,24.56646017920358,20.194128849703553,20.229785442399358,20.22978544239952,23.115686341427313,24.57779798784421,24.88168749297625,23.534562382209877,24.317477666112204,24.31747885506166,24.317478857735523,24.317478860409405,21.451749997699025,25.636280543129907,26.345401715448403,20.118319020533058,20.118319020533058,0.0,0.027976561868341555,0.017822614645936163,0.00883678465464916,0.05878313008351993,0.0,0.04823855194512236,0.0,0.00553958870523484,0.0,0.06475895139067124,0.007363914870868076,0.0,0.25214452418200545,0.0,0.0,0.0,0.0,0.0,0.0,0.0,0.0,0.0,0.0,0.0,0.0,0.0,0.0,0.0,0.0,0.0,0.0,0.0,0.0,0.0,0.0,0.0,0.0,0.0,0.0,0.0,0.0,0.0,0.0,0.0,0.0,0.0,0.0,0.0,0.0,0.0,0.0,0.0,0.0,0.0,0.0,0.0,0.0,0.0,0.0,0.0,0.0,0.0,0.0,0.0,0.0,0.0,0.0,0.0,0.0,0.0,0.0,0.0,0.0,0.0,0.0,27.958492147159603,0.0,0.0,27.726737559130942,0.0,0.0,28.022429714610478,0.0,0.0,24.562549123999258,0.0,0.0,0.0,0.0,0.0,0.0 
 07/21  02:50:00,43.93125,195.83991629073222,-0.495722689869325,-252.38158849382637,0.0,-13.153113853893583,43.93125,186.76185679057684,0.0,-242.39885817952637,0.0,-11.733661125873489,26.358756,207.75023105849198,0.0,-255.0648322575833,0.0,-21.046931734890897,0.0,37.69182443658812,0.0,-71.80019855563785,0.0,-34.552937235442315,46153.72705818238,0.0,44557.031164984226,0.0,46578.41196790146,0.0,43080.11913338271,0.0,105275.22603811344,0.0,100882.2837427316,0.0,106460.48738664854,0.0,27.958492147159603,27.726737559130942,28.022429714610478,24.562549123999258,21.398249997699025,21.398249997699025,21.398249997699025,21.398249997699025,21.398249997699025,21.398249997699025,21.398249997699025,21.398249997699025,20.118319020533058,20.135589001149658,20.159003703819458,20.235386426940227,20.31346816078728,20.313468161219546,24.261706048692048,20.22103301851249,20.28457620642146,20.284576206804257,24.56646017920358,20.194128849703553,20.229785442399358,20.22978544239952,23.115686341427313,24.57779798784421,24.88168749297625,23.534562382209877,24.317477666112204,24.31747885506166,24.317478857735523,24.317478860409405,21.398249997699025,25.636280543129907,26.345401715448403,20.118319020533058,20.118319020533058,0.0,0.02798594339156612,0.0178280177653149,0.008825194344733138,0.05880333169662222,0.0,0.04825718352245995,0.0,0.005525313145519036,0.0,0.06478211957293471,0.0073487064488030026,0.0,0.25214122415040546,0.0,0.0,0.0,0.0,0.0,0.0,0.0,0.0,0.0,0.0,0.0,0.0,0.0,0.0,0.0,0.0,0.0,0.0,0.0,0.0,0.0,0.0,0.0,0.0,0.0,0.0,0.0,0.0,0.0,0.0,0.0,0.0,0.0,0.0,0.0,0.0,0.0,0.0,0.0,0.0,0.0,0.0,0.0,0.0,0.0,0.0,0.0,0.0,0.0,0.0,0.0,0.0,0.0,0.0,0.0,0.0,0.0,0.0,0.0,0.0,0.0,0.0,27.898224170119466,0.0,0.0,27.673013778776205,0.0,0.0,27.958125028587787,0.0,0.0,24.413510692055155,0.0,0.0,0.0,0.0,0.0,0.0 
 07/21  03:00:00,43.93125,195.73255260327883,-0.4785244063039613,-252.14901555051114,0.0,-13.032738326479246,43.93125,186.9230956359848,0.0,-242.44864420050686,0.0,-11.647430405935472,26.358756,207.57737908333883,0.0,-254.65634422772348,0.0,-20.835152427836643,0.0,36.341722811772954,0.0,-69.6405505645572,0.0,-33.729433216488495,46118.113818703365,0.0,44566.40486865038,0.0,46514.93982717236,0.0,41784.330338734304,0.0,105171.29551160325,0.0,100902.78165165371,0.0,106278.86670946174,0.0,27.898224170119466,27.673013778776205,27.958125028587787,24.413510692055155,21.344749997699026,21.344749997699026,21.344749997699026,21.344749997699026,21.344749997699026,21.344749997699026,21.344749997699026,21.344749997699026,20.118319020533058,20.135589001149658,20.159003703819458,20.235386426940227,20.31346816078728,20.313468161219546,24.261706048692048,20.22103301851249,20.28457620642146,20.284576206804257,24.56646017920358,20.194128849703553,20.229785442399358,20.22978544239952,23.115686341427313,24.57779798784421,24.88168749297625,23.534562382209877,24.317477666112204,24.31747885506166,24.317478857735523,24.317478860409405,21.344749997699026,25.636280543129907,26.345401715448403,20.118319020533058,20.118319020533058,0.0,0.027995197258791488,0.017833354286002405,0.008814152589166985,0.058823231511150084,0.0,0.048275482857197044,0.0,0.005511696052481149,0.0,0.06480493785194134,0.007334146714070813,0.0,0.2521401570734241,0.0,0.0,0.0,0.0,0.0,0.0,0.0,0.0,0.0,0.0,0.0,0.0,0.0,0.0,0.0,0.0,0.0,0.0,0.0,0.0,0.0,0.0,0.0,0.0,0.0,0.0,0.0,0.0,0.0,0.0,0.0,0.0,0.0,0.0,0.0,0.0,0.0,0.0,0.0,0.0,0.0,0.0,0.0,0.0,0.0,0.0,0.0,0.0,0.0,0.0,0.0,0.0,0.0,0.0,0.0,0.0,0.0,0.0,0.0,0.0,0.0,0.0,27.838519599755823,0.0,0.0,27.6196942662667,0.0,0.0,27.8944808569474,0.0,0.0,24.268095436928245,0.0,0.0,0.0,0.0,0.0,0.0 
 07/21  03:10:00,43.93125,195.6458405048107,-0.46192404420449407,-251.94336509679638,0.0,-12.901343056490816,43.93125,187.1188539385877,0.0,-242.52052217940948,0.0,-11.53684709994887,26.358756,207.4439668642995,0.0,-254.27945948320328,0.0,-20.604647743429528,0.0,35.04021570174724,0.0,-67.56278969897329,0.0,-32.93406661598591,46086.83908032812,0.0,44579.43807368073,0.0,46456.53180383899,0.0,40537.67381938399,0.0,105079.17997774972,0.0,100932.87523396492,0.0,106111.14388608295,0.0,27.838519599755823,27.6196942662667,27.8944808569474,24.268095436928245,21.291249997699026,21.291249997699026,21.291249997699026,21.291249997699026,21.291249997699026,21.291249997699026,21.291249997699026,21.291249997699026,20.118319020533058,20.135589001149658,20.159003703819458,20.235386426940227,20.31346816078728,20.313468161219546,24.261706048692048,20.22103301851249,20.28457620642146,20.284576206804257,24.56646017920358,20.194128849703553,20.229785442399358,20.22978544239952,23.115686341427313,24.57779798784421,24.88168749297625,23.534562382209877,24.317477666112204,24.31747885506166,24.317478857735523,24.317478860409405,21.291249997699026,25.636280543129907,26.345401715448403,20.118319020533058,20.118319020533058,0.0,0.028004320349604053,0.01783861822949347,0.008803673402463736,0.05884281524768629,0.0,0.04829343567841625,0.0,0.005498769063124963,0.0,0.06482739911269055,0.007320236578763618,0.0,0.25214132770239756,0.0,0.0,0.0,0.0,0.0,0.0,0.0,0.0,0.0,0.0,0.0,0.0,0.0,0.0,0.0,0.0,0.0,0.0,0.0,0.0,0.0,0.0,0.0,0.0,0.0,0.0,0.0,0.0,0.0,0.0,0.0,0.0,0.0,0.0,0.0,0.0,0.0,0.0,0.0,0.0,0.0,0.0,0.0,0.0,0.0,0.0,0.0,0.0,0.0,0.0,0.0,0.0,0.0,0.0,0.0,0.0,0.0,0.0,0.0,0.0,0.0,0.0,27.779428569535575,0.0,0.0,27.56689025237711,0.0,0.0,27.8315539621645,0.0,0.0,24.126176965483822,0.0,0.0,0.0,0.0,0.0,0.0 
 07/21  03:20:00,43.93125,195.57314152189298,-0.4455628053770653,-251.76441286938166,0.0,-12.7726925312212,43.93125,187.35522708301417,0.0,-242.6185579485885,0.0,-11.406658353142232,26.358756,207.34537612318422,0.0,-253.93581636443514,0.0,-20.36271949059917,0.0,33.78973318187775,0.0,-65.56378176105198,0.0,-32.1687872557256,46059.81357591845,0.0,44596.767231379716,0.0,46403.43492351902,0.0,39338.26905663123,0.0,104998.83414571053,0.0,100974.36753777337,0.0,105958.05489514205,0.0,27.779428569535575,27.56689025237711,27.8315539621645,24.126176965483822,21.237749997699026,21.237749997699026,21.237749997699026,21.237749997699026,21.237749997699026,21.237749997699026,21.237749997699026,21.237749997699026,20.118319020533058,20.135589001149658,20.159003703819458,20.235386426940227,20.31346816078728,20.313468161219546,24.261706048692048,20.22103301851249,20.28457620642146,20.284576206804257,24.56646017920358,20.194128849703553,20.229785442399358,20.22978544239952,23.115686341427313,24.57779798784421,24.88168749297625,23.534562382209877,24.317477666112204,24.31747885506166,24.317478857735523,24.317478860409405,21.237749997699026,25.636280543129907,26.345401715448403,20.118319020533058,20.118319020533058,0.0,0.02801331355779714,0.017843809310413114,0.008793756538417035,0.05886206947075712,0.0,0.0483110290133542,0.0,0.005486560356944172,0.0,0.06484949532515807,0.007306980861787225,0.0,0.25214471099281205,0.0,0.0,0.0,0.0,0.0,0.0,0.0,0.0,0.0,0.0,0.0,0.0,0.0,0.0,0.0,0.0,0.0,0.0,0.0,0.0,0.0,0.0,0.0,0.0,0.0,0.0,0.0,0.0,0.0,0.0,0.0,0.0,0.0,0.0,0.0,0.0,0.0,0.0,0.0,0.0,0.0,0.0,0.0,0.0,0.0,0.0,0.0,0.0,0.0,0.0,0.0,0.0,0.0,0.0,0.0,0.0,0.0,0.0,0.0,0.0,0.0,0.0,27.720938157230588,0.0,0.0,27.51469117241126,0.0,0.0,27.76937877370642,0.0,0.0,23.987620844275487,0.0,0.0,0.0,0.0,0.0,0.0 
 07/21  03:30:00,43.93125,195.51711920119894,-0.42907124964096965,-251.61059821180692,0.0,-12.65234011245977,43.93125,187.64264144721707,0.0,-242.74668030216014,0.0,-11.256986538709741,26.358756,207.2907962964351,0.0,-253.6266483588272,0.0,-20.111723444441516,0.0,32.58900417618909,0.0,-63.64058279890702,0.0,-31.431784817255295,46036.7676308053,0.0,44619.02479455095,0.0,46355.845136878415,0.0,38184.34967934424,0.0,104929.59129627889,0.0,101028.98338674512,0.0,105820.14387841789,0.0,27.720938157230588,27.51469117241126,27.76937877370642,23.987620844275487,21.184249997699027,21.184249997699027,21.184249997699027,21.184249997699027,21.184249997699027,21.184249997699027,21.184249997699027,21.184249997699027,20.118319020533058,20.135589001149658,20.159003703819458,20.235386426940227,20.31346816078728,20.313468161219546,24.261706048692048,20.22103301851249,20.28457620642146,20.284576206804257,24.56646017920358,20.194128849703553,20.229785442399358,20.22978544239952,23.115686341427313,24.57779798784421,24.88168749297625,23.534562382209877,24.317477666112204,24.31747885506166,24.317478857735523,24.317478860409405,21.184249997699027,25.636280543129907,26.345401715448403,20.118319020533058,20.118319020533058,0.0,0.028022185358929693,0.01784893394584578,0.008784382628100029,0.058880987503026866,0.0,0.04832825691228847,0.0,0.005475091634626432,0.0,0.0648712258981012,0.007294378582923588,0.0,0.25215026712403626,0.0,0.0,0.0,0.0,0.0,0.0,0.0,0.0,0.0,0.0,0.0,0.0,0.0,0.0,0.0,0.0,0.0,0.0,0.0,0.0,0.0,0.0,0.0,0.0,0.0,0.0,0.0,0.0,0.0,0.0,0.0,0.0,0.0,0.0,0.0,0.0,0.0,0.0,0.0,0.0,0.0,0.0,0.0,0.0,0.0,0.0,0.0,0.0,0.0,0.0,0.0,0.0,0.0,0.0,0.0,0.0,0.0,0.0,0.0,0.0,0.0,0.0,27.663010033061628,0.0,0.0,27.463185843429358,0.0,0.0,27.70798250793542,0.0,0.0,23.852300784889675,0.0,0.0,0.0,0.0,0.0,0.0 
 07/21  03:40:00,43.93125,195.4807379259459,-0.4121021393828386,-251.48049727848422,0.0,-12.538732770244836,43.93125,187.83861432125474,0.0,-242.89607745528326,0.0,-11.159982319910602,26.358756,207.30862558961903,0.0,-253.3547826186495,0.0,-19.837877469536668,0.0,31.434498685374052,0.0,-61.79036883660012,0.0,-30.721935401102765,46017.48206157791,0.0,44644.50148684508,0.0,46314.25688454807,0.0,37074.22130196008,0.0,104870.81630551262,0.0,101093.14498632489,0.0,105698.61268664162,0.0,27.663010033061628,27.463185843429358,27.70798250793542,23.852300784889675,21.130749997699027,21.130749997699027,21.130749997699027,21.130749997699027,21.130749997699027,21.130749997699027,21.130749997699027,21.130749997699027,20.118319020533058,20.135589001149658,20.159003703819458,20.235386426940227,20.31346816078728,20.313468161219546,24.261706048692048,20.22103301851249,20.28457620642146,20.284576206804257,24.56646017920358,20.194128849703553,20.229785442399358,20.22978544239952,23.115686341427313,24.57779798784421,24.88168749297625,23.534562382209877,24.317477666112204,24.31747885506166,24.317478857735523,24.317478860409405,21.130749997699027,25.636280543129907,26.345401715448403,20.118319020533058,20.118319020533058,0.0,0.02803094751980113,0.01785400129146163,0.008775524516827246,0.058899563657834,0.0,0.04834511454623512,0.0,0.0054643858868085515,0.0,0.06489259220826597,0.0072824270681249095,0.0,0.2521579535880982,0.0,0.0,0.0,0.0,0.0,0.0,0.0,0.0,0.0,0.0,0.0,0.0,0.0,0.0,0.0,0.0,0.0,0.0,0.0,0.0,0.0,0.0,0.0,0.0,0.0,0.0,0.0,0.0,0.0,0.0,0.0,0.0,0.0,0.0,0.0,0.0,0.0,0.0,0.0,0.0,0.0,0.0,0.0,0.0,0.0,0.0,0.0,0.0,0.0,0.0,0.0,0.0,0.0,0.0,0.0,0.0,0.0,0.0,0.0,0.0,0.0,0.0,27.605613007358134,0.0,0.0,27.412133019324102,0.0,0.0,27.647434421479918,0.0,0.0,23.720095659878236,0.0,0.0,0.0,0.0,0.0,0.0 
 07/21  03:50:00,43.93125,195.4646858209606,-0.3952970034579266,-251.37317881576246,0.0,-12.429337985799215,43.93125,188.10508813780683,0.0,-243.06392263819544,0.0,-11.071645779881075,26.358756,207.41938157551328,0.0,-253.12536689610693,0.0,-19.523593060880117,0.0,30.32332241295417,0.0,-60.01035461292929,0.0,-30.038911043786786,46001.82009973893,0.0,44672.916231448806,0.0,46279.54562395333,0.0,36006.212767757585,0.0,104822.08718971854,0.0,101165.43735146846,0.0,105595.6745137108,0.0,27.605613007358134,27.412133019324102,27.647434421479918,23.720095659878236,21.077249997699028,21.077249997699028,21.077249997699028,21.077249997699028,21.077249997699028,21.077249997699028,21.077249997699028,21.077249997699028,20.118319020533058,20.135589001149658,20.159003703819458,20.235386426940227,20.31346816078728,20.313468161219546,24.261706048692048,20.22103301851249,20.28457620642146,20.284576206804257,24.56646017920358,20.194128849703553,20.229785442399358,20.22978544239952,23.115686341427313,24.57779798784421,24.88168749297625,23.534562382209877,24.317477666112204,24.31747885506166,24.317478857735523,24.317478860409405,21.077249997699028,25.636280543129907,26.345401715448403,20.118319020533058,20.118319020533058,0.0,0.028039593065643086,0.017859022324128535,0.008767161921080568,0.058917837227749785,0.0,0.048361641761530884,0.0,0.005454320371064312,0.0,0.06491359845036468,0.007271144969099837,0.0,0.2521676639863016,0.0,0.0,0.0,0.0,0.0,0.0,0.0,0.0,0.0,0.0,0.0,0.0,0.0,0.0,0.0,0.0,0.0,0.0,0.0,0.0,0.0,0.0,0.0,0.0,0.0,0.0,0.0,0.0,0.0,0.0,0.0,0.0,0.0,0.0,0.0,0.0,0.0,0.0,0.0,0.0,0.0,0.0,0.0,0.0,0.0,0.0,0.0,0.0,0.0,0.0,0.0,0.0,0.0,0.0,0.0,0.0,0.0,0.0,0.0,0.0,0.0,0.0,27.548727505206152,0.0,0.0,27.36149283507425,0.0,0.0,27.587857383713015,0.0,0.0,23.590886057164457,0.0,0.0,0.0,0.0,0.0,0.0 
 07/21  04:00:00,43.93125,195.4696627476785,-0.3787406356758538,-251.28812314517182,0.0,-12.322206954838865,43.93125,188.48795318820515,0.0,-243.25928932930952,0.0,-10.930755468292633,26.358756,207.35625480200054,0.0,-252.92828990822915,0.0,-19.30025370255513,0.0,29.277671711268837,0.0,-58.29907378680707,0.0,-29.36978829556906,45989.70809793538,0.0,44705.97489984891,0.0,46249.74166848591,0.0,34979.44427208424,0.0,104783.16578916766,0.0,101249.59869773682,0.0,105507.2322764515,0.0,27.548727505206152,27.36149283507425,27.587857383713015,23.590886057164457,21.023749997699028,21.023749997699028,21.023749997699028,21.023749997699028,21.023749997699028,21.023749997699028,21.023749997699028,21.023749997699028,20.118319020533058,20.135589001149658,20.159003703819458,20.235386426940227,20.31346816078728,20.313468161219546,24.261706048692048,20.22103301851249,20.28457620642146,20.284576206804257,24.56646017920358,20.194128849703553,20.229785442399358,20.22978544239952,23.115686341427313,24.57779798784421,24.88168749297625,23.534562382209877,24.317477666112204,24.31747885506166,24.317478857735523,24.317478860409405,21.023749997699028,25.636280543129907,26.345401715448403,20.118319020533058,20.118319020533058,0.0,0.028048123424273916,0.01786401087557611,0.008759276014071369,0.058935816326571334,0.0,0.04837784681048536,0.0,0.005444861129176338,0.0,0.06493423401395286,0.007260569020573244,0.0,0.25217935584490647,0.0,0.0,0.0,0.0,0.0,0.0,0.0,0.0,0.0,0.0,0.0,0.0,0.0,0.0,0.0,0.0,0.0,0.0,0.0,0.0,0.0,0.0,0.0,0.0,0.0,0.0,0.0,0.0,0.0,0.0,0.0,0.0,0.0,0.0,0.0,0.0,0.0,0.0,0.0,0.0,0.0,0.0,0.0,0.0,0.0,0.0,0.0,0.0,0.0,0.0,0.0,0.0,0.0,0.0,0.0,0.0,0.0,0.0,0.0,0.0,0.0,0.0,27.49234288463677,0.0,0.0,27.31150537911991,0.0,0.0,27.528973410605168,0.0,0.0,23.46460839717329,0.0,0.0,0.0,0.0,0.0,0.0 
 07/21  04:10:00,43.93125,195.34388451833365,-0.36600684634196057,-250.47635731287704,0.0,-11.89265105205136,43.93125,188.7357775253552,0.0,-242.74486771924563,0.0,-10.441236510628976,26.358756,206.9163552254,0.0,-251.97169213708264,0.0,-18.933312790853495,0.0,28.034516338075903,0.0,-56.238980522776615,0.0,-28.622045226755425,45862.218333116325,0.0,44625.669725972315,0.0,46098.54088095052,0.0,33743.38831366596,0.0,104423.59605460988,0.0,101021.25090557506,0.0,105084.47440129906,0.0,27.49234288463677,27.31150537911991,27.528973410605168,23.46460839717329,20.98808333103236,20.98808333103236,20.98808333103236,20.98808333103236,20.98808333103236,20.98808333103236,20.98808333103236,20.98808333103236,20.118319020533058,20.135589001149658,20.159003703819458,20.235386426940227,20.31346816078728,20.313468161219546,24.261706048692048,20.22103301851249,20.28457620642146,20.284576206804257,24.56646017920358,20.194128849703553,20.229785442399358,20.22978544239952,23.115686341427313,24.57779798784421,24.88168749297625,23.534562382209877,24.317477666112204,24.31747885506166,24.317478857735523,24.317478860409405,20.98808333103236,25.636280543129907,26.345401715448403,20.118319020533058,20.118319020533058,0.0,0.028056481223181703,0.01786884966529022,0.008743923726563529,0.058954215438350666,0.0,0.04839550702396085,0.0,0.005425868359272372,0.0,0.06495507847786369,0.007241819421239198,0.0,0.2521547539215833,0.0,0.0,0.0,0.0,0.0,0.0,0.0,0.0,0.0,0.0,0.0,0.0,0.0,0.0,0.0,0.0,0.0,0.0,0.0,0.0,0.0,0.0,0.0,0.0,0.0,0.0,0.0,0.0,0.0,0.0,0.0,0.0,0.0,0.0,0.0,0.0,0.0,0.0,0.0,0.0,0.0,0.0,0.0,0.0,0.0,0.0,0.0,0.0,0.0,0.0,0.0,0.0,0.0,0.0,0.0,0.0,0.0,0.0,0.0,0.0,0.0,0.0,27.437933696717607,0.0,0.0,27.263764129176806,0.0,0.0,27.47122005175341,0.0,0.0,23.34159676340239,0.0,0.0,0.0,0.0,0.0,0.0 
 07/21  04:20:00,43.93125,194.90195147452832,-0.3523060173261854,-249.75023032943943,0.0,-11.476157824799195,43.93125,188.34808051722425,0.0,-242.2991036470857,0.0,-10.123587601265974,26.358756,206.23052933785345,0.0,-251.05988047820608,0.0,-18.617047544367054,0.0,26.66022348333985,0.0,-54.249735474626334,0.0,-27.93198298838901,45748.29252079913,0.0,44555.708526744784,0.0,45954.22956821527,0.0,32549.841284775837,0.0,104101.84567686448,0.0,100823.75366150662,0.0,104681.69871870845,0.0,27.437933696717607,27.263764129176806,27.47122005175341,23.34159676340239,20.952416664365693,20.952416664365693,20.952416664365693,20.952416664365693,20.952416664365693,20.952416664365693,20.952416664365693,20.952416664365693,20.118319020533058,20.135589001149658,20.159003703819458,20.235386426940227,20.31346816078728,20.313468161219546,24.261706048692048,20.22103301851249,20.28457620642146,20.284576206804257,24.56646017920358,20.194128849703553,20.229785442399358,20.22978544239952,23.115686341427313,24.57779798784421,24.88168749297625,23.534562382209877,24.317477666112204,24.31747885506166,24.317478857735523,24.317478860409405,20.952416664365693,25.636280543129907,26.345401715448403,20.118319020533058,20.118319020533058,0.0,0.028064619304191792,0.0178734714063665,0.008729502427871369,0.05897198359494341,0.0,0.04841250230777883,0.0,0.005408249503856767,0.0,0.06497539274651407,0.007223771996428234,0.0,0.2521328245906444,0.0,0.0,0.0,0.0,0.0,0.0,0.0,0.0,0.0,0.0,0.0,0.0,0.0,0.0,0.0,0.0,0.0,0.0,0.0,0.0,0.0,0.0,0.0,0.0,0.0,0.0,0.0,0.0,0.0,0.0,0.0,0.0,0.0,0.0,0.0,0.0,0.0,0.0,0.0,0.0,0.0,0.0,0.0,0.0,0.0,0.0,0.0,0.0,0.0,0.0,0.0,0.0,0.0,0.0,0.0,0.0,0.0,0.0,0.0,0.0,0.0,0.0,27.385439144409343,0.0,0.0,27.21748241960238,0.0,0.0,27.41444214308522,0.0,0.0,23.22159946952918,0.0,0.0,0.0,0.0,0.0,0.0 
 07/21  04:30:00,43.93125,194.31669750350176,-0.33760655120774175,-249.07834670238876,0.0,-11.233891458248934,43.93125,187.56531383863435,0.0,-241.84948774471528,0.0,-10.1922139787997,26.358756,205.41230051400032,0.0,-250.1747099719818,0.0,-18.445950157290007,0.0,25.33813734455248,0.0,-52.325387706718686,0.0,-27.29990189220575,45642.271174834794,0.0,44483.55377658251,0.0,45813.663686682565,0.0,31395.232624031207,0.0,103804.73684659845,0.0,100626.13887024662,0.0,104291.16229650652,0.0,27.385439144409343,27.21748241960238,27.41444214308522,23.22159946952918,20.916749997699025,20.916749997699025,20.916749997699025,20.916749997699025,20.916749997699025,20.916749997699025,20.916749997699025,20.916749997699025,20.118319020533058,20.135589001149658,20.159003703819458,20.235386426940227,20.31346816078728,20.313468161219546,24.261706048692048,20.22103301851249,20.28457620642146,20.284576206804257,24.56646017920358,20.194128849703553,20.229785442399358,20.22978544239952,23.115686341427313,24.57779798784421,24.88168749297625,23.534562382209877,24.317477666112204,24.31747885506166,24.317478857735523,24.317478860409405,20.916749997699025,25.636280543129907,26.345401715448403,20.118319020533058,20.118319020533058,0.0,0.028072510693645008,0.01787787389451183,0.008715985831673916,0.05898925422439653,0.0,0.048428968098359206,0.0,0.005391634430590779,0.0,0.06499524073742881,0.007206359493206215,0.0,0.25211324179550054,0.0,0.0,0.0,0.0,0.0,0.0,0.0,0.0,0.0,0.0,0.0,0.0,0.0,0.0,0.0,0.0,0.0,0.0,0.0,0.0,0.0,0.0,0.0,0.0,0.0,0.0,0.0,0.0,0.0,0.0,0.0,0.0,0.0,0.0,0.0,0.0,0.0,0.0,0.0,0.0,0.0,0.0,0.0,0.0,0.0,0.0,0.0,0.0,0.0,0.0,0.0,0.0,0.0,0.0,0.0,0.0,0.0,0.0,0.0,0.0,0.0,0.0,27.334061557253563,0.0,0.0,27.17089419914097,0.0,0.0,27.358196573609288,0.0,0.0,23.104364031233118,0.0,0.0,0.0,0.0,0.0,0.0 
 07/21  04:40:00,43.93125,193.7780673952782,-0.32567410487087045,-248.4381280742362,0.0,-11.093500696094042,43.93125,186.84788705596122,0.0,-241.35886255716304,0.0,-10.417427222608735,26.358756,204.57755778333907,0.0,-249.30194945794466,0.0,-18.373825509744822,0.0,24.114513837038203,0.0,-50.46510686124503,0.0,-26.675475547531526,45540.84500991287,0.0,44404.12369562252,0.0,45674.69977076636,0.0,30279.06411674702,0.0,103522.03183462888,0.0,100411.19383867533,0.0,103906.46990400045,0.0,27.334061557253563,27.17089419914097,27.358196573609288,23.104364031233118,20.881083331032357,20.881083331032357,20.881083331032357,20.881083331032357,20.881083331032357,20.881083331032357,20.881083331032357,20.881083331032357,20.118319020533058,20.135589001149658,20.159003703819458,20.235386426940227,20.31346816078728,20.313468161219546,24.261706048692048,20.22103301851249,20.28457620642146,20.284576206804257,24.56646017920358,20.194128849703553,20.229785442399358,20.22978544239952,23.115686341427313,24.57779798784421,24.88168749297625,23.534562382209877,24.317477666112204,24.31747885506166,24.317478857735523,24.317478860409405,20.881083331032357,25.636280543129907,26.345401715448403,20.118319020533058,20.118319020533058,0.0,0.02808017614547746,0.017882129677218632,0.008703142455063725,0.059006339437448,0.0,0.04844522142525827,0.0,0.005375262058758581,0.0,0.06501479209258099,0.007189460696539408,0.0,0.2520953785565067,0.0,0.0,0.0,0.0,0.0,0.0,0.0,0.0,0.0,0.0,0.0,0.0,0.0,0.0,0.0,0.0,0.0,0.0,0.0,0.0,0.0,0.0,0.0,0.0,0.0,0.0,0.0,0.0,0.0,0.0,0.0,0.0,0.0,0.0,0.0,0.0,0.0,0.0,0.0,0.0,0.0,0.0,0.0,0.0,0.0,0.0,0.0,0.0,0.0,0.0,0.0,0.0,0.0,0.0,0.0,0.0,0.0,0.0,0.0,0.0,0.0,0.0,27.28333460372387,0.0,0.0,27.123284085597476,0.0,0.0,27.302181372548347,0.0,0.0,22.989854385682776,0.0,0.0,0.0,0.0,0.0,0.0 
 07/21  04:50:00,43.80253775621931,193.25978490840228,-0.3172534044140036,-247.80916820671436,0.0,-11.053452042897211,43.93125,186.22898500906152,0.0,-240.8312786244447,0.0,-10.598126597051351,26.358756,204.2906444264106,0.0,-248.46835035806478,0.0,-18.060736871815912,0.0,22.957688100579446,0.0,-48.66953473169053,0.0,-26.04423814776632,45440.755481691354,0.0,44318.86385336151,0.0,45542.553779955175,0.0,29201.72083901428,0.0,103244.7454423373,0.0,100179.90332130533,0.0,103538.45643488366,0.0,27.28333460372387,27.123284085597476,27.302181372548347,22.989854385682776,20.845416664365693,20.845416664365693,20.845416664365693,20.845416664365693,20.845416664365693,20.845416664365693,20.845416664365693,20.845416664365693,20.118319020533058,20.135589001149658,20.159003703819458,20.235386426940227,20.31346816078728,20.313468161219546,24.261706048692048,20.22103301851249,20.28457620642146,20.284576206804257,24.56646017920358,20.194128849703553,20.229785442399358,20.22978544239952,23.115686341427313,24.57779798784421,24.88168749297625,23.534562382209877,24.317477666112204,24.31747885506166,24.317478857735523,24.317478860409405,20.845416664365693,25.636280543129907,26.345401715448403,20.118319020533058,20.118319020533058,0.0,0.028087642037139256,0.01788627669121199,0.008690840074069978,0.0590233717158781,0.0,0.048461397753369696,0.0,0.0053588365162850135,0.0,0.06503413597579898,0.00717299218858631,0.0,0.25207896857522244,0.0,0.0,0.0,0.0,0.0,0.0,0.0,0.0,0.0,0.0,0.0,0.0,0.0,0.0,0.0,0.0,0.0,0.0,0.0,0.0,0.0,0.0,0.0,0.0,0.0,0.0,0.0,0.0,0.0,0.0,0.0,0.0,0.0,0.0,0.0,0.0,0.0,0.0,0.0,0.0,0.0,0.0,0.0,0.0,0.0,0.0,0.0,0.0,0.0,0.0,0.0,0.0,0.0,0.0,0.0,0.0,0.0,0.0,0.0,0.0,0.0,0.0,27.232799280631415,0.0,0.0,27.074855943997733,0.0,0.0,27.247130756582756,0.0,0.0,22.878096646323645,0.0,0.0,0.0,0.0,0.0,0.0 
 07/21  05:00:00,41.461629246626735,194.63579181611098,-0.30905433799257764,-247.152808095614,0.0,-11.2173763594975,43.93125,185.65296467579893,0.0,-240.2839313165758,0.0,-10.687826430985428,26.358756,212.8842974574569,0.0,-248.23166762523405,0.0,-13.056498633381203,0.0,21.904491240789156,0.0,-46.941219211038515,0.0,-25.387425856756813,45335.37972365937,0.0,44230.72786993979,0.0,45518.7726075586,0.0,28164.73152662311,0.0,102956.30513370901,0.0,99939.63092000566,0.0,103420.22796758183,0.0,27.232799280631415,27.074855943997733,27.247130756582756,22.878096646323645,20.809749997699026,20.809749997699026,20.809749997699026,20.809749997699026,20.809749997699026,20.809749997699026,20.809749997699026,20.809749997699026,20.118319020533058,20.135589001149658,20.159003703819458,20.235386426940227,20.31346816078728,20.313468161219546,24.261706048692048,20.22103301851249,20.28457620642146,20.284576206804257,24.56646017920358,20.194128849703553,20.229785442399358,20.22978544239952,23.115686341427313,24.57779798784421,24.88168749297625,23.534562382209877,24.317477666112204,24.31747885506166,24.317478857735523,24.317478860409405,20.809749997699026,25.636280543129907,26.345401715448403,20.118319020533058,20.118319020533058,0.0,0.028094971044262073,0.017890433877294623,0.008678913605692645,0.05904031157123084,0.0,0.04847745637953618,0.0,0.005342446271772168,0.0,0.06505317233149994,0.007157242430278649,0.0,0.25206413885316414,0.0,0.0,0.0,0.0,0.0,0.0,0.0,0.0,0.0,0.0,0.0,0.0,0.0,0.0,0.0,0.0,0.0,0.0,0.0,0.0,0.0,0.0,0.0,0.0,0.0,0.0,0.0,0.0,0.0,0.0,0.0,0.0,0.0,0.0,0.0,0.0,0.0,0.0,0.0,0.0,0.0,0.0,0.0,0.0,0.0,0.0,0.0,0.0,0.0,0.0,0.0,0.0,0.0,0.0,0.0,0.0,0.0,0.0,0.0,0.0,0.0,0.0,27.181523264857965,0.0,0.0,27.026025861446822,0.0,0.0,27.207338744327256,0.0,0.0,22.769197417286577,0.0,0.0,0.0,0.0,0.0,0.0 
 07/21  05:10:00,37.35403179831897,197.95761942534892,-0.3209264427459999,-243.5371079694128,0.0,-9.791391162226635,43.93125,184.19335251273912,0.0,-236.7432597673815,0.0,-9.576579864195867,26.358756,224.64450492947913,0.0,-246.12732102307675,0.0,-2.3649287015453946,0.0,20.494058035950545,0.0,-43.64848966091154,0.0,-24.056652741326477,44758.663417067684,0.0,43661.279243862686,0.0,45208.71118683799,0.0,26189.09379654694,0.0,101363.60136457995,0.0,98384.67661656621,0.0,102467.68142700811,0.0,27.181523264857965,27.026025861446822,27.207338744327256,22.769197417286577,20.845416664365693,20.845416664365693,20.845416664365693,20.845416664365693,20.845416664365693,20.845416664365693,20.845416664365693,20.845416664365693,20.118319020533058,20.135589001149658,20.159003703819458,20.235386426940227,20.31346816078728,20.313468161219546,24.261706048692048,20.22103301851249,20.28457620642146,20.284576206804257,24.56646017920358,20.194128849703553,20.229785442399358,20.22978544239952,23.115686341427313,24.57779798784421,24.88168749297625,23.534562382209877,24.317477666112204,24.31747885506166,24.317478857735523,24.317478860409405,20.845416664365693,25.636280543129907,26.345401715448403,20.118319020533058,20.118319020533058,0.0,0.02810185260726126,0.017895458334637758,0.008634765677956775,0.05905972022834671,0.0,0.04850016965144724,0.0,0.005284380256599331,0.0,0.06507204708756693,0.007112140403251094,0.0,0.2518993536561675,0.0,0.0,0.0,0.0,0.0,0.0,0.0,0.0,0.0,0.0,0.0,0.0,0.0,0.0,0.0,0.0,0.0,0.0,0.0,0.0,0.0,0.0,0.0,0.0,0.0,0.0,0.0,0.0,0.0,0.0,0.0,0.0,0.0,0.0,0.0,0.0,0.0,0.0,0.0,0.0,0.0,0.0,0.0,0.0,0.0,0.0,0.0,0.0,0.0,0.0,0.0,0.0,0.0,0.0,0.0,0.0,0.0,0.0,0.0,0.0,0.0,0.0,27.136772272444894,0.0,0.0,26.982279170341066,0.0,0.0,27.200131374703183,0.0,0.0,22.666042508465694,0.0,0.0,0.0,0.0,0.0,0.0 
 07/21  05:20:00,42.289320590794595,197.4396351949598,-0.3816396036654055,-240.8154441416894,0.0,-4.992234711243438,43.93125,181.58257495366402,0.0,-233.43558602503032,0.0,-8.47271577893228,26.358756,227.6416627690477,0.0,-245.15509840047372,0.0,5.693402625085369,0.0,19.536630234502667,0.0,-40.54981555635146,0.0,-22.16012796309153,44337.88226498776,0.0,43127.817673423924,0.0,45073.153835278725,0.0,24329.88933381087,0.0,100151.38422002591,0.0,96933.53394159426,0.0,102019.90520500547,0.0,27.136772272444894,26.982279170341066,27.200131374703183,22.666042508465694,20.881083331032357,20.881083331032357,20.881083331032357,20.881083331032357,20.881083331032357,20.881083331032357,20.881083331032357,20.881083331032357,20.118319020533058,20.135589001149658,20.159003703819458,20.235386426940227,20.31346816078728,20.313468161219546,24.261706048692048,20.22103301851249,20.28457620642146,20.284576206804257,24.56646017920358,20.194128849703553,20.229785442399358,20.22978544239952,23.115686341427313,24.57779798784421,24.88168749297625,23.534562382209877,24.317477666112204,24.31747885506166,24.317478857735523,24.317478860409405,20.881083331032357,25.636280543129907,26.345401715448403,20.118319020533058,20.118319020533058,0.0,0.028107668120811467,0.01790211581763281,0.008592448512915045,0.05907669223630916,0.0,0.048520257544854235,0.0,0.005228047874009512,0.0,0.06508515581033385,0.007079523797563914,0.0,0.2517445686132508,0.0,0.0,0.0,0.0,0.0,0.0,0.0,0.0,0.0,0.0,0.0,0.0,0.0,0.0,0.0,0.0,0.0,0.0,0.0,0.0,0.0,0.0,0.0,0.0,0.0,0.0,0.0,0.0,0.0,0.0,0.0,0.0,0.0,0.0,0.0,0.0,0.0,0.0,0.0,0.0,0.0,0.0,0.0,0.0,0.0,0.0,0.0,0.0,0.0,0.0,0.0,0.0,0.0,0.0,0.0,0.0,0.0,0.0,0.0,0.0,0.0,0.0,27.113957283010734,0.0,0.0,26.94358002130952,0.0,0.0,27.217483621708926,0.0,0.0,22.571050413866235,0.0,0.0,0.0,0.0,0.0,0.0 
 07/21  05:30:00,41.6338574705185,194.6044929019149,-0.45511936014334253,-238.5834135110513,0.0,-2.923990822846944,43.93125,178.38657016092006,0.0,-230.25167161173098,0.0,-7.97883148545859,26.358756,223.45747867442938,0.0,-244.46844744590905,0.0,6.969518686851995,0.0,20.085313281125295,0.0,-37.73659030236871,0.0,-19.35995909340523,43984.330450980684,0.0,42610.536457951894,0.0,44965.259751531055,0.0,22641.95418142124,0.0,99165.7176556501,0.0,95540.46650908666,0.0,101715.80871601442,0.0,27.113957283010734,26.94358002130952,27.217483621708926,22.571050413866235,20.916749997699025,20.916749997699025,20.916749997699025,20.916749997699025,20.916749997699025,20.916749997699025,20.916749997699025,20.916749997699025,20.118319020533058,20.135589001149658,20.159003703819458,20.235386426940227,20.31346816078728,20.313468161219546,24.261706048692048,20.22103301851249,20.28457620642146,20.284576206804257,24.56646017920358,20.194128849703553,20.229785442399358,20.22978544239952,23.115686341427313,24.57779798784421,24.88168749297625,23.534562382209877,24.317477666112204,24.31747885506166,24.317478857735523,24.317478860409405,20.916749997699025,25.636280543129907,26.345401715448403,20.118319020533058,20.118319020533058,0.0,0.02811038177994564,0.01790766601107789,0.00855758615456273,0.059090715624657335,0.0,0.048537151023796195,0.0,0.0051736711914872145,0.0,0.06509280371509216,0.0070564252284438566,0.0,0.25160214863046954,0.0,0.0,0.0,0.0,0.0,0.0,0.0,0.0,0.0,0.0,0.0,0.0,0.0,0.0,0.0,0.0,0.0,0.0,0.0,0.0,0.0,0.0,0.0,0.0,0.0,0.0,0.0,0.0,0.0,0.0,0.0,0.0,0.0,0.0,0.0,0.0,0.0,0.0,0.0,0.0,0.0,0.0,0.0,0.0,0.0,0.0,0.0,0.0,0.0,0.0,0.0,0.0,0.0,0.0,0.0,0.0,0.0,0.0,0.0,0.0,0.0,0.0,27.10059496028472,0.0,0.0,26.907141114876378,0.0,0.0,27.238726693447138,0.0,0.0,22.48808487103117,0.0,0.0,0.0,0.0,0.0,0.0 
 07/21  05:40:00,41.12700801164098,191.46727800264878,-0.5173282299609525,-236.34415330444938,0.0,-3.280726999867326,43.93125,175.24535654223646,0.0,-227.10942261617544,0.0,-7.864689251820226,26.358756,217.8373575819872,0.0,-243.4326830334108,0.0,3.816326276342188,0.0,22.481185948345413,0.0,-35.335732502181656,0.0,-15.30469491748133,43619.293995754924,0.0,42097.112534759544,0.0,44789.152200267294,0.0,21201.439501308978,0.0,98187.19798691465,0.0,94168.54103494565,0.0,101270.45761977918,0.0,27.10059496028472,26.907141114876378,27.238726693447138,22.48808487103117,20.952416664365693,20.952416664365693,20.952416664365693,20.952416664365693,20.952416664365693,20.952416664365693,20.952416664365693,20.952416664365693,20.118319020533058,20.135589001149658,20.159003703819458,20.235386426940227,20.31346816078728,20.313468161219546,24.261706048692048,20.22103301851249,20.28457620642146,20.284576206804257,24.56646017920358,20.194128849703553,20.229785442399358,20.22978544239952,23.115686341427313,24.57779798784421,24.88168749297625,23.534562382209877,24.317477666112204,24.31747885506166,24.317478857735523,24.317478860409405,20.952416664365693,25.636280543129907,26.345401715448403,20.118319020533058,20.118319020533058,0.0,0.02810790002611959,0.017907541720115945,0.008526679666837678,0.05910368618513145,0.0,0.04855291082033346,0.0,0.005121882747620875,0.0,0.06509894088823659,0.007036266956769473,0.0,0.25146917733822727,0.0,0.0,0.0,0.0,0.0,0.0,0.0,0.0,0.0,0.0,0.0,0.0,0.0,0.0,0.0,0.0,0.0,0.0,0.0,0.0,0.0,0.0,0.0,0.0,0.0,0.0,0.0,0.0,0.0,0.0,0.0,0.0,0.0,0.0,0.0,0.0,0.0,0.0,0.0,0.0,0.0,0.0,0.0,0.0,0.0,0.0,0.0,0.0,0.0,0.0,0.0,0.0,0.0,0.0,0.0,0.0,0.0,0.0,0.0,0.0,0.0,0.0,27.08560314026372,0.0,0.0,26.8712277889046,0.0,0.0,27.250359294545547,0.0,0.0,22.42251238521645,0.0,0.0,0.0,0.0,0.0,0.0 
 07/21  05:50:00,40.70072774074519,189.275333780764,-0.5679275762039566,-233.96733715225656,0.0,-4.043161031397598,43.93125,172.4788066226387,0.0,-224.0084826053681,0.0,-7.699430134639751,26.358756,213.7550945479965,0.0,-241.91801896545434,0.0,0.17734291623103923,0.0,26.121532841432497,0.0,-33.45137713087934,0.0,-10.218188217059181,43229.618434965516,0.0,41589.20013508934,0.0,44534.33748036238,0.0,20070.826278527635,0.0,97150.78385638841,0.0,92815.88942813152,0.0,100616.47389891023,0.0,27.08560314026372,26.8712277889046,27.250359294545547,22.42251238521645,20.98808333103236,20.98808333103236,20.98808333103236,20.98808333103236,20.98808333103236,20.98808333103236,20.98808333103236,20.98808333103236,20.118319020533058,20.135589001149658,20.159003703819458,20.235386426940227,20.31346816078728,20.313468161219546,24.261706048692048,20.22103301851249,20.28457620642146,20.284576206804257,24.56646017920358,20.194128849703553,20.229785442399358,20.22978544239952,23.115686341427313,24.57779798784421,24.88168749297625,23.534562382209877,24.317477666112204,24.31747885506166,24.317478857735523,24.317478860409405,20.98808333103236,25.636280543129907,26.345401715448403,20.118319020533058,20.118319020533058,0.0,0.02810983434297451,0.017912183478711003,0.008498159647290778,0.05911518166937795,0.0,0.0485670386443241,0.0,0.005073267200765901,0.0,0.06510483683975535,0.007014877681586075,0.0,0.2513449414936612,0.0,0.0,0.0,0.0,0.0,0.0,0.0,0.0,0.0,0.0,0.0,0.0,0.0,0.0,0.0,0.0,0.0,0.0,0.0,0.0,0.0,0.0,0.0,0.0,0.0,0.0,0.0,0.0,0.0,0.0,0.0,0.0,0.0,0.0,0.0,0.0,0.0,0.0,0.0,0.0,0.0,0.0,0.0,0.0,0.0,0.0,0.0,0.0,0.0,0.0,0.0,0.0,0.0,0.0,0.0,0.0,0.0,0.0,0.0,0.0,0.0,0.0,27.06712838981754,0.0,0.0,26.83607322205075,0.0,0.0,27.25089985709845,0.0,0.0,22.378739363022248,0.0,0.0,0.0,0.0,0.0,0.0 
 07/21  06:00:00,40.33519997919372,187.63672954092507,-0.6135009414833377,-231.54017701522434,0.0,-4.257617720055856,43.93125,170.17743371494834,0.0,-221.00264071453063,0.0,-7.230662154138781,26.358756,210.44558820998242,0.0,-240.0487311088943,0.0,-2.3507433817923493,0.0,30.830363812841412,0.0,-32.15313114960645,0.0,-4.441194842975492,42833.08984838609,0.0,41096.63043713387,0.0,44224.882789808384,0.0,19291.878689763842,0.0,96091.0163607485,0.0,91504.95399158455,0.0,99804.35587552823,0.0,27.06712838981754,26.83607322205075,27.25089985709845,22.378739363022248,21.023749997699028,21.023749997699028,21.023749997699028,21.023749997699028,21.023749997699028,21.023749997699028,21.023749997699028,21.023749997699028,20.118319020533058,20.135589001149658,20.159003703819458,20.235386426940227,20.31346816078728,20.313468161219546,24.261706048692048,20.22103301851249,20.28457620642146,20.284576206804257,24.56646017920358,20.194128849703553,20.229785442399358,20.22978544239952,23.115686341427313,24.57779798784421,24.88168749297625,23.534562382209877,24.317477666112204,24.31747885506166,24.317478857735523,24.317478860409405,21.023749997699028,25.636280543129907,26.345401715448403,20.118319020533058,20.118319020533058,0.0,0.028111571094151574,0.01791568853142324,0.00847139406552233,0.059125666531687826,0.0,0.04858005467277926,0.0,0.0050290773585326,0.0,0.06511105288140107,0.006992534314048843,0.0,0.2512318389213295,0.0,0.0,0.0,0.0,0.0,0.0,0.0,0.0,0.0,0.0,0.0,0.0,0.0,0.0,0.0,0.0,0.0,0.0,0.0,0.0,0.0,0.0,0.0,0.0,0.0,0.0,0.0,0.0,0.0,0.0,0.0,0.0,0.0,0.0,0.0,0.0,0.0,0.0,0.0,0.0,0.0,0.0,0.0,0.0,0.0,0.0,0.0,0.0,0.0,0.0,0.0,0.0,0.0,0.0,0.0,0.0,0.0,0.0,0.0,0.0,0.0,0.0,27.047674965346086,0.0,0.0,26.803062620015922,0.0,0.0,27.24373467938787,0.0,0.0,22.359715246845063,0.0,0.0,0.0,0.0,0.0,0.0 
 07/21  06:10:00,39.974099949723914,117.3978644799167,-1.499191780054474,0.0,0.0,115.42630924593121,43.93125,103.01841390518194,0.0,0.0,0.0,107.80282596907129,26.358756,138.1309626196123,0.0,0.0,0.0,121.8650135187909,0.0,20.044693770400023,0.0,0.0,0.0,14.464966133038045,0.0,0.0,0.0,0.0,0.0,0.0,0.0,0.0,0.0,0.0,0.0,0.0,0.0,0.0,27.15936938125529,26.906174853173155,27.321708259903033,22.37364593453191,21.14858333103236,21.14858333103236,21.14858333103236,21.14858333103236,21.14858333103236,21.14858333103236,21.14858333103236,21.14858333103236,20.118319020533058,20.135589001149658,20.159003703819458,20.235386426940227,20.31346816078728,20.313468161219546,24.261706048692048,20.22103301851249,20.28457620642146,20.284576206804257,24.56646017920358,20.194128849703553,20.229785442399358,20.22978544239952,23.115686341427313,24.57779798784421,24.88168749297625,23.534562382209877,24.317477666112204,24.31747885506166,24.317478857735523,24.317478860409405,21.14858333103236,25.636280543129907,26.345401715448403,20.118319020533058,20.118319020533058,0.0,0.028101838177754017,0.017908119054573204,0.008441645812886134,0.05911556241361392,0.0,0.04857684210131867,0.0,0.0049801711629284835,0.0,0.06509868514281857,0.006951485524031934,0.0,0.25099544082308173,0.0,0.0,0.0,0.0,0.0,0.0,0.0,0.0,0.0,0.0,0.0,0.0,0.0,0.0,0.0,0.0,0.0,0.0,0.0,0.0,0.0,0.0,0.0,0.0,0.0,0.0,0.0,0.0,0.0,0.0,0.0,0.0,0.0,0.0,0.0,0.0,0.0,0.0,0.0,0.0,0.0,0.0,0.0,0.0,0.0,0.0,0.0,0.0,0.0,0.0,0.0,0.0,0.0,0.0,0.0,0.0,0.0,0.0,0.0,0.0,0.0,0.0,27.42341638332607,0.0,0.0,27.152560233656914,0.0,0.0,27.50760731257678,0.0,0.0,22.404631584893735,0.0,0.0,0.0,0.0,0.0,0.0 
 07/21  06:20:00,39.65355090019816,3.2898565137213716,-1.3372226389629063,0.0,0.0,74.59322920029612,43.93125,-12.029062332068303,0.0,0.0,0.0,65.08666554895623,26.358756,30.921419063188832,0.0,0.0,0.0,88.96619182653693,0.0,10.230015498423818,0.0,0.0,0.0,13.087943876297874,0.0,0.0,0.0,0.0,0.0,0.0,0.0,0.0,0.0,0.0,0.0,0.0,0.0,0.0,27.796741582657248,27.490535850450243,27.78670596015322,22.459776229396706,21.27341666436569,21.27341666436569,21.27341666436569,21.27341666436569,21.27341666436569,21.27341666436569,21.27341666436569,21.27341666436569,20.118319020533058,20.135589001149658,20.159003703819458,20.235386426940227,20.31346816078728,20.313468161219546,24.261706048692048,20.22103301851249,20.28457620642146,20.284576206804257,24.56646017920358,20.194128849703553,20.229785442399358,20.22978544239952,23.115686341427313,24.57779798784421,24.88168749297625,23.534562382209877,24.317477666112204,24.31747885506166,24.317478857735523,24.317478860409405,21.27341666436569,25.636280543129907,26.345401715448403,20.118319020533058,20.118319020533058,0.0,0.0280443889646447,0.017860992290343228,0.008581730393101675,0.058988712959186465,0.0,0.04845251216168374,0.0,0.005149278822328724,0.0,0.06497834935495166,0.007041204894583116,0.0,0.2510484100183038,0.0,0.0,0.0,0.0,0.0,0.0,0.0,0.0,0.0,0.0,0.0,0.0,0.0,0.0,0.0,0.0,0.0,0.0,0.0,0.0,0.0,0.0,0.0,0.0,0.0,0.0,0.0,0.0,0.0,0.0,0.0,0.0,0.0,0.0,0.0,0.0,0.0,0.0,0.0,0.0,0.0,0.0,0.0,0.0,0.0,0.0,0.0,0.0,0.0,0.0,0.0,0.0,0.0,0.0,0.0,0.0,0.0,0.0,0.0,0.0,0.0,0.0,27.856538709070655,0.0,0.0,27.543358613458093,0.0,0.0,27.835083942655068,0.0,0.0,22.466804278137708,0.0,0.0,0.0,0.0,0.0,0.0 
 07/21  06:30:00,39.36746994948825,-52.896490620395966,-1.2526420462673258,0.0,0.0,37.16426481215732,43.93125,-62.09368592869186,0.0,0.0,0.0,30.531761683080987,26.358756,-30.102100081557687,0.0,0.0,0.0,50.45812430079631,0.0,16.198237706620432,0.0,0.0,0.0,16.15913798498413,0.0,0.0,0.0,0.0,0.0,0.0,0.0,0.0,0.0,0.0,0.0,0.0,0.0,0.0,27.917490385101708,27.593694875163052,27.887228853718028,22.477769378274264,21.398249997699025,21.398249997699025,21.398249997699025,21.398249997699025,21.398249997699025,21.398249997699025,21.398249997699025,21.398249997699025,20.118319020533058,20.135589001149658,20.159003703819458,20.235386426940227,20.31346816078728,20.313468161219546,24.261706048692048,20.22103301851249,20.28457620642146,20.284576206804257,24.56646017920358,20.194128849703553,20.229785442399358,20.22978544239952,23.115686341427313,24.57779798784421,24.88168749297625,23.534562382209877,24.317477666112204,24.31747885506166,24.317478857735523,24.317478860409405,21.398249997699025,25.636280543129907,26.345401715448403,20.118319020533058,20.118319020533058,0.0,0.028031957213947526,0.017851892983938272,0.008562852627567393,0.05897000666712933,0.0,0.04844027651900731,0.0,0.005118020622546399,0.0,0.06495734545860722,0.0070129361459314735,0.0,0.25084156203577135,0.0,0.0,0.0,0.0,0.0,0.0,0.0,0.0,0.0,0.0,0.0,0.0,0.0,0.0,0.0,0.0,0.0,0.0,0.0,0.0,0.0,0.0,0.0,0.0,0.0,0.0,0.0,0.0,0.0,0.0,0.0,0.0,0.0,0.0,0.0,0.0,0.0,0.0,0.0,0.0,0.0,0.0,0.0,0.0,0.0,0.0,0.0,0.0,0.0,0.0,0.0,0.0,0.0,0.0,0.0,0.0,0.0,0.0,0.0,0.0,0.0,0.0,28.026899354852624,0.0,0.0,27.683156188449377,0.0,0.0,27.989264410606552,0.0,0.0,22.53606419118618,0.0,0.0,0.0,0.0,0.0,0.0 
 07/21  06:40:00,39.110793299019335,-56.857686907847395,-0.9442788434207188,0.0,0.0,-3.7246574166513096,43.93125,-61.297059127980624,0.0,0.0,0.0,-5.561661195032148,26.358756,-40.886366611347135,0.0,0.0,0.0,4.699489626223012,0.0,26.767026966363574,0.0,0.0,0.0,22.238729878687877,0.0,0.0,0.0,0.0,0.0,0.0,0.0,0.0,0.0,0.0,0.0,0.0,0.0,0.0,28.026899354852624,27.683156188449377,27.989264410606552,22.53606419118618,21.52308333103236,21.52308333103236,21.52308333103236,21.52308333103236,21.52308333103236,21.52308333103236,21.52308333103236,21.52308333103236,20.118319020533058,20.135589001149658,20.159003703819458,20.235386426940227,20.31346816078728,20.313468161219546,24.261706048692048,20.22103301851249,20.28457620642146,20.284576206804257,24.56646017920358,20.194128849703553,20.229785442399358,20.22978544239952,23.115686341427313,24.57779798784421,24.88168749297625,23.534562382209877,24.317477666112204,24.31747885506166,24.317478857735523,24.317478860409405,21.52308333103236,25.636280543129907,26.345401715448403,20.118319020533058,20.118319020533058,0.0,0.02801936205297785,0.017843857405256278,0.00854558013009508,0.058950895746612095,0.0,0.048427352717678,0.0,0.0050880045949852765,0.0,0.0649341149492679,0.006991689747242893,0.0,0.25065558254718023,0.0,0.0,0.0,0.0,0.0,0.0,0.0,0.0,0.0,0.0,0.0,0.0,0.0,0.0,0.0,0.0,0.0,0.0,0.0,0.0,0.0,0.0,0.0,0.0,0.0,0.0,0.0,0.0,0.0,0.0,0.0,0.0,0.0,0.0,0.0,0.0,0.0,0.0,0.0,0.0,0.0,0.0,0.0,0.0,0.0,0.0,0.0,0.0,0.0,0.0,0.0,0.0,0.0,0.0,0.0,0.0,0.0,0.0,0.0,0.0,0.0,0.0,28.009826527604144,0.0,0.0,27.657692838322415,0.0,0.0,28.003624913951324,0.0,0.0,22.63141266697336,0.0,0.0,0.0,0.0,0.0,0.0 
 07/21  06:50:00,38.87934396018018,-45.10195914932944,-0.845916855368273,0.0,0.0,-12.985887726144076,43.93125,-46.756275027448424,0.0,0.0,0.0,-10.633581714779984,26.358756,-31.540167229171193,0.0,0.0,0.0,-9.010230628045434,0.0,34.742076161709676,0.0,0.0,0.0,30.15188025253775,0.0,0.0,0.0,0.0,0.0,0.0,0.0,0.0,0.0,0.0,0.0,0.0,0.0,0.0,28.009826527604144,27.657692838322415,28.003624913951324,22.63141266697336,21.64791666436569,21.64791666436569,21.64791666436569,21.64791666436569,21.64791666436569,21.64791666436569,21.64791666436569,21.64791666436569,20.118319020533058,20.135589001149658,20.159003703819458,20.235386426940227,20.31346816078728,20.313468161219546,24.261706048692048,20.22103301851249,20.28457620642146,20.284576206804257,24.56646017920358,20.194128849703553,20.229785442399358,20.22978544239952,23.115686341427313,24.57779798784421,24.88168749297625,23.534562382209877,24.317477666112204,24.31747885506166,24.317478857735523,24.317478860409405,21.64791666436569,25.636280543129907,26.345401715448403,20.118319020533058,20.118319020533058,0.0,0.028017270597929186,0.017845218801600813,0.008496293406698743,0.05895389849546493,0.0,0.0484370729580437,0.0,0.0050196604407670665,0.0,0.06493079996084702,0.006949786089014342,0.0,0.2504399185238224,0.0,0.0,0.0,0.0,0.0,0.0,0.0,0.0,0.0,0.0,0.0,0.0,0.0,0.0,0.0,0.0,0.0,0.0,0.0,0.0,0.0,0.0,0.0,0.0,0.0,0.0,0.0,0.0,0.0,0.0,0.0,0.0,0.0,0.0,0.0,0.0,0.0,0.0,0.0,0.0,0.0,0.0,0.0,0.0,0.0,0.0,0.0,0.0,0.0,0.0,0.0,0.0,0.0,0.0,0.0,0.0,0.0,0.0,0.0,0.0,0.0,0.0,27.95031447539493,0.0,0.0,27.609016230839117,0.0,0.0,27.976094345995065,0.0,0.0,22.760745273993997,0.0,0.0,0.0,0.0,0.0,0.0 
 07/21  07:00:00,38.6696877451343,-36.54146163765588,-0.8951976585312025,0.0,0.0,-6.9145690968687,43.93125,-37.43225370155544,0.0,0.0,0.0,-2.21061724530482,26.358756,-21.68552568824783,0.0,0.0,0.0,-4.03944474951619,0.0,41.26683421739428,0.0,0.0,0.0,37.63456222191258,0.0,0.0,0.0,0.0,0.0,0.0,0.0,0.0,0.0,0.0,0.0,0.0,0.0,0.0,27.95031447539493,27.609016230839117,27.976094345995065,22.760745273993997,21.772749997699023,21.772749997699023,21.772749997699023,21.772749997699023,21.772749997699023,21.772749997699023,21.772749997699023,21.772749997699023,20.118319020533058,20.135589001149658,20.159003703819458,20.235386426940227,20.31346816078728,20.313468161219546,24.261706048692048,20.22103301851249,20.28457620642146,20.284576206804257,24.56646017920358,20.194128849703553,20.229785442399358,20.22978544239952,23.115686341427313,24.57779798784421,24.88168749297625,23.534562382209877,24.317477666112204,24.31747885506166,24.317478857735523,24.317478860409405,21.772749997699023,25.636280543129907,26.345401715448403,20.118319020533058,20.118319020533058,0.0,0.028019200807675417,0.017848502703904773,0.008438770038448376,0.05896114578774345,0.0,0.048451114523485196,0.0,0.0049491028270431765,0.0,0.0649341106020977,0.0068988855190327564,0.0,0.2502282767919026,0.0,0.0,0.0,0.0,0.0,0.0,0.0,0.0,0.0,0.0,0.0,0.0,0.0,0.0,0.0,0.0,0.0,0.0,0.0,0.0,0.0,0.0,0.0,0.0,0.0,0.0,0.0,0.0,0.0,0.0,0.0,0.0,0.0,0.0,0.0,0.0,0.0,0.0,0.0,0.0,0.0,0.0,0.0,0.0,0.0,0.0,0.0,0.0,0.0,0.0,0.0,0.0,0.0,0.0,0.0,0.0,0.0,0.0,0.0,0.0,0.0,0.0,27.91862954915649,0.0,0.0,27.59889718248399,0.0,0.0,27.963752414383702,0.0,0.0,22.922261994064993,0.0,0.0,0.0,0.0,0.0,0.0 
 07/21  07:10:00,38.40357072532506,728.4443497097614,37.34492467542696,-140.97640581805692,-1668.0964365980303,-1016.1256861881368,43.931250000000006,688.0580540193879,63.777598678516476,-151.92868090870766,-1585.316411426165,-948.8460830353696,26.358756000000003,1131.345521801756,0.0,-12.931453582174328,-2757.376572465986,-1640.5512874928188,0.0,77.85110775818717,21.033181798822962,-193.13187579157747,0.0,12.393753362973072,0.0,0.0,0.0,0.0,0.0,0.0,0.0,0.0,0.0,0.0,0.0,0.0,0.0,0.0,24.904446635535987,24.802722568272006,24.504867729863907,23.025546679408894,22.075916664365693,22.075916664365693,22.075916664365693,22.075916664365693,22.075916664365693,22.075916664365693,22.075916664365693,22.075916664365693,20.987721354621478,20.990179647633084,20.993515527153146,21.00447452884289,21.01569804483192,21.015698347442903,24.904446603314582,21.00241730718005,21.011552671945026,21.011552987017502,24.80272254896849,20.998544326879966,21.003654501683798,21.00365450168382,24.504867725802065,24.754152289556377,24.6503176154849,24.360136878320432,24.568622239698705,24.56862203011486,24.56862202527062,24.5686220204264,22.075916664365693,23.972283246334378,24.679448134805995,20.987721185636588,20.987721185636588,0.0,0.021638492751455143,0.0,0.0,0.04496370719082203,0.0,0.03236673472723944,0.0,0.0,0.0,0.1062719979665433,0.01321231293143328,0.0,0.28433223025445603,2.2341808872088693,2.234247750169909,2.23418088720887,2.2342189586997594,2.2341808872088706,2.19184057219891,0.04234031500996025,2.2341808872088698,2.2341808872088698,2.23418088720887,2.2341808872088698,0.5460607720738444,0.6817382743827755,0.7177352777392223,0.6817382743827755,0.0,0.5626814904902557,0.5460607720804591,0.546060772080459,0.01662071840979676,0.5253828354997813,0.6432344845208533,0.6791869402672068,0.0,0.5418918870442534,0.5253828354998477,0.5253828354998477,0.01650905154440574,0.6432344845208532,0.7897109534233431,0.8372586692024407,0.7897109534233429,0.0,1.0872671946644004,1.0670960451534448,0.020171149510955763,1.0670960451534448,1.0670960451508702,0.0,84585.84349083416,0.0,0.0,0.0,0.0,0.0,91157.20854522458,0.0,0.0,0.0,0.0,0.0,7758.872149304593,0.0,0.0,0.0,0.0,0.0,115879.1254749466,120.16330012100943,72097.98007260564,31.901356863478227,19140.814118086935,23.982880134198957,0.0,1001700.442246354,23.942464170068845,0.0,951958.8202041533,23.51423721804178,37549.17127758177,1693846.4257706383,23.036200552514792,0.0,0.0,0.0,0.0,0.0,4170.738004911629 
 07/21  07:20:00,38.14902690957053,1260.6232260983757,-20.38573438473091,-79.96194862179964,-1185.7601492937094,-134.67032344045936,43.93124999999998,1188.3770359894063,-15.100300150195679,-86.1626739303088,-1128.9123859564086,-133.48509840264558,26.358755999999985,1979.9824094234477,0.0,-6.214416060918643,-1913.794271080581,-162.8001922690556,0.0,174.55824876063122,2.723442154856304,-134.92443954699527,0.0,-14.116850426835892,0.0,0.0,0.0,0.0,0.0,0.0,0.0,0.0,0.0,0.0,0.0,0.0,0.0,0.0,23.66452643828626,23.63711834628417,23.248691276952254,23.061217569544052,22.379083331032344,22.379083331032344,22.379083331032344,22.379083331032344,22.379083331032344,22.379083331032344,22.379083331032344,22.379083331032344,21.329270705144722,21.33124907624061,21.33393265487582,21.342786203901277,21.351848340807692,21.351848448252266,23.664526340296746,21.341125070088907,21.348501601534334,21.348501713401987,23.63711824739399,21.33798920089879,21.34210982184392,21.34210982184394,23.24869121170125,23.598315623870683,23.56883499702883,23.19911766775519,23.438493801091383,23.43849374987043,23.438493724547705,23.43849369922497,22.379083331032344,23.053384993434904,23.761176509040002,21.329270644772933,21.329270644772933,0.0,0.021838070096607806,0.0,0.0,0.045220821798169275,0.0,0.03266413197953144,0.0,0.0,0.0,0.10638408583494213,0.012692238938540747,0.0,0.28290820783132287,2.234180887208868,2.234230737631257,2.2341808872088684,2.234180887067328,2.234180887208868,2.1919544679775815,0.0422264192312881,2.234180887208869,2.234180887208869,2.2341808872088693,2.234180887208869,0.5461235768742886,0.6820346350127201,0.7177775939925313,0.68203463501272,0.0,0.5626923507914893,0.5461235766864908,0.5461235766864908,0.01656877410499851,0.525448302619149,0.6434474251570569,0.6791577069692951,0.0,0.5419054709221285,0.5254483023907179,0.525448302390718,0.016457168531410462,0.6434474251570569,0.7900422553335018,0.8372455862470423,0.7900422553335016,0.0,1.087356646263963,1.0672458300545038,0.020110816209459197,1.067245830054504,1.0672458300535088,0.0,47977.16917307977,0.0,0.0,0.0,0.0,0.0,51697.604358185265,0.0,0.0,0.0,0.0,0.0,3728.6496365511903,0.0,0.0,0.0,0.0,0.0,80954.6637281971,13.82570579702479,8295.423478214878,85.94168588254857,51565.01152952916,23.46175661113681,0.0,711721.8848746968,23.436152832398406,0.0,677600.1685884472,23.08547859284825,0.0,1148713.990867498,23.041016929624934,0.0,0.0,0.0,0.0,0.0,3236.762810342282 
 07/21  07:30:00,37.904846527333525,1234.9952750502957,-30.882208136513782,-50.54136955959393,-1386.2629892264124,-21.396296430550006,43.93125,1186.1093990896895,-30.93507070009855,-53.842629234535934,-1322.8731102336108,-21.170405357968487,26.358756,1953.9205073338048,0.0,-2.8886962809527574,-2343.1880759716737,-21.524925137807806,0.0,268.7139536616411,-0.20713035666403812,-75.19950213450466,0.0,-0.05326978881243005,0.0,0.0,0.0,0.0,0.0,0.0,0.0,0.0,0.0,0.0,0.0,0.0,0.0,0.0,23.37457902595145,23.33957568362584,23.024615517057462,22.975598632757446,22.682249997699024,22.682249997699024,22.682249997699024,22.682249997699024,22.682249997699024,22.682249997699024,22.682249997699024,22.682249997699024,20.86928348702374,20.87176680902662,20.875134987526756,20.886223340204996,20.897570122494134,20.89757018231399,23.374579025950936,20.88414208032912,20.893377631931163,20.89337769422707,23.33957568362532,20.880219233708672,20.88538312347029,20.885383123470312,23.024615517056592,23.338674754806352,23.30369482535863,23.005171424679123,23.202284464889136,23.20228443408692,23.20228443408075,23.202284434074567,22.682249997699024,23.08337563196514,23.791406723610734,20.869283453346377,20.869283453346377,0.0,0.02193403149830511,0.0,0.0,0.04535724625491638,0.0,0.03283632368584154,0.0,0.0,0.0,0.10641825187670458,0.012451472732099235,0.0,0.28180705755719077,2.23418088720887,2.2337933457907364,2.2341808872088675,2.23418088721827,2.2341808872088733,2.1921044109539474,0.04207647625492336,2.2341808872088698,2.2341808872088698,2.2341808872088693,2.2341808872088698,0.5462247073482444,0.6820976657845135,0.7177990603090122,0.6820976657845131,0.0,0.5627282545594178,0.5462247073372687,0.5462247073372687,0.016503547222149254,0.525555705485511,0.6434731750047928,0.6791413035348415,0.0,0.5419476419808017,0.525555705539991,0.525555705539991,0.016391936440810842,0.6434731750047927,0.7900892849327277,0.8372405233650165,0.7900892849327279,0.0,1.0874285144137266,1.0673937216672895,0.020034792746436873,1.0673937216672897,1.0673937216656724,0.0,30324.821735756315,0.0,0.0,0.0,0.0,0.0,32305.577540721555,0.0,0.0,0.0,0.0,0.0,1733.217768571657,0.0,0.0,0.0,0.0,0.0,45119.70128070295,0.0,0.0,185.86798893341003,111520.79336004602,23.365152524925538,0.0,831968.8429599864,23.340577337998727,0.0,793927.2036612063,23.020760224949385,0.0,1406270.5635630505,23.040788153126254,0.0,0.0,0.0,0.0,0.0,3592.8424074485947 
 07/21  07:40:00,38.035964794036104,1210.0529104618265,-30.32180098937944,-28.030735872714345,-1204.8604538977718,-1.03730398503606,43.93125000000002,1173.5130100877523,-32.90026028833019,-30.699691188210878,-1159.5356920645727,3.660085919637024,26.35875600000001,1939.5707196129133,0.0,-0.33910149552798446,-1989.343662428998,-0.9728179198964283,0.0,290.6518579341728,-1.899004548257154,-41.02278478736391,0.0,30.25010785175552,0.0,0.0,0.0,0.0,0.0,0.0,0.0,0.0,0.0,0.0,0.0,0.0,0.0,0.0,23.36515489018777,23.340579613402586,23.02076484327326,23.040788153126265,22.985416664365708,22.985416664365708,22.985416664365708,22.985416664365708,22.985416664365708,22.985416664365708,22.985416664365708,22.985416664365708,21.190311922409606,21.19251975712491,21.19551414455822,21.205363618321027,21.215441494276767,21.215441416323188,23.365154890187238,21.203514627916654,21.211717167391228,21.211717086204704,23.340579613402035,21.200031634381926,21.204619614499897,21.204619614499915,23.02076484327236,23.34511578357759,23.320847398991937,23.018819053735676,23.214859973984783,23.214859950332944,23.21485995033166,23.214859950330375,22.985416664365708,23.162397796963436,23.870560600503172,21.19031196632397,21.19031196632397,0.0,0.021956098208934266,0.0,0.0,0.04537564339778772,0.0,0.03287697380171986,0.0,0.0,0.0,0.10638903671717376,0.012314153315870685,0.0,0.28108946674257945,2.2341808872088698,2.233894324698756,2.2341808872088724,2.234180887198357,2.2341808872088724,2.1921667500019906,0.04201413720687748,2.2341808872088706,2.2341808872088706,2.2341808872088706,2.2341808872088706,0.5462675002889718,0.682126999927668,0.7178097293218281,0.682126999927668,0.0,0.5627428266373657,0.5462675002900046,0.5462675002900046,0.016475326347361176,0.5255990573739925,0.6434906397405166,0.6791419499115353,0.0,0.5419628271987049,0.5255990573765925,0.5255990573765924,0.016363769822112555,0.6434906397405166,0.7901011926128931,0.8372292079755079,0.7901011926128934,0.0,1.0874610961659226,1.0674587530721222,0.020002343093800418,1.067458753072122,1.067458753074484,0.0,16818.441523628546,0.0,0.0,0.0,0.0,0.0,18419.814712926538,0.0,0.0,0.0,0.0,0.0,203.46089731678458,0.0,0.0,0.0,0.0,0.0,24613.670872418214,0.0,0.0,191.80767067966318,115084.60240779785,23.36046903665572,0.0,723089.5913908847,23.357102527169314,0.0,695890.9080468788,23.017835225121377,0.0,1193877.385639734,23.17076791557547,0.0,0.0,0.0,0.0,0.0,3273.3965050557877 
 07/21  07:50:00,37.85802662875149,1188.2455572902272,-29.719657324783384,-6.065742266491043,-1195.4297607466644,0.3604970896660303,43.93125,1163.9008830376802,-35.290227691985365,-8.472158164582197,-1164.2787503340683,5.982360624916914,26.358756,1934.2137891443074,0.0,2.044623400353373,-1968.948857507756,-0.2919382419038861,0.0,315.64319761926606,-4.38792332646517,-20.253972377384343,0.0,46.0284321038001,0.0,0.0,0.0,0.0,0.0,0.0,0.0,0.0,0.0,0.0,0.0,0.0,0.0,0.0,23.360471420388134,23.35710482033867,23.017839879753684,23.17076791557546,23.288583331032363,23.288583331032363,23.288583331032363,23.288583331032363,23.288583331032363,23.288583331032363,23.288583331032363,23.288583331032363,21.20696686314029,21.20929384601692,21.21244993246221,21.222836588437453,21.233464828110193,21.233464824078627,23.360471420387597,21.220886948645166,21.229537594504894,21.229537590304158,23.357104820338122,21.217212900646604,21.222050368981275,21.2220503689813,23.01783987975278,23.356264573922406,23.35287431826923,23.03356524855785,23.234093478093445,23.234093469498,23.234093469498106,23.234093469498205,23.288583331032363,23.24656020621235,23.95484529826844,21.206966865418536,21.206966865418536,0.0,0.021959564205957884,0.0,0.0,0.045361763307540826,0.0,0.03287958214995188,0.0,0.0,0.0,0.1063393174174822,0.012168356745849089,0.0,0.2804878634631899,2.2341808872088698,2.2342711285508954,2.2341808872088693,2.2341808871835274,2.2341808872088738,2.1921191556345376,0.042061731574333114,2.2341808872088698,2.2341808872088693,2.23418088720887,2.2341808872088698,0.5462346162803554,0.6821506842903639,0.7178174495335041,0.6821506842903639,0.0,0.5627268582732435,0.5462346162677977,0.5462346162677976,0.016492242005446186,0.5255643292209844,0.6435045110717063,0.6791428574055791,0.0,0.5419449701289639,0.5255643292623461,0.5255643292623459,0.01638064086661786,0.6435045110717063,0.7901125055517214,0.8372205802697864,0.7901125055517214,0.0,1.0874473272323293,1.0674238306042005,0.020023496628128704,1.0674238306042003,1.0674238305974566,0.0,3639.445359894707,0.0,0.0,0.0,0.0,0.0,5083.294898749315,0.0,0.0,0.0,0.0,1226.7740402120305,0.0,0.0,0.0,0.0,0.0,0.0,12152.383426430613,0.0,0.0,241.8666204323688,145119.97225942128,23.362096737161743,0.0,717347.43771744,23.384115626700794,0.0,698656.3173233964,23.016957434619677,0.0,1181515.3667935512,23.36868227897,0.0,0.0,0.0,0.0,0.0,3317.2817552489732 
 07/21  08:00:00,37.68898580461785,1170.8581499621628,-28.511418644984133,15.71085596470516,-1195.0227980997468,0.7470232382190689,43.93125,1159.547489747768,-36.459426856019036,13.816233085644853,-1176.0971659891434,5.660321255303528,26.358756,1936.0061340002176,0.0,4.283137747724595,-1966.2053400487694,0.11747151116310778,0.0,348.9870761016812,-6.795673971187057,0.6467963752675132,0.0,45.784007370337314,0.0,0.0,0.0,0.0,0.0,0.0,0.0,0.0,0.0,0.0,0.0,0.0,0.0,0.0,23.36209912189132,23.38411792077497,23.01696209095999,23.36868227897,23.591749997699026,23.591749997699026,23.591749997699026,23.591749997699026,23.591749997699026,23.591749997699026,23.591749997699026,23.591749997699026,21.208039097155986,21.21061638166139,21.214111898256885,21.225610213385103,21.237375416074318,21.23737541582825,23.362099121890786,21.22345177757861,21.233027750679657,21.233027750421194,23.38411792077441,21.21938544359757,21.22474135289692,21.224741352896945,23.016962090959083,23.373541101677116,23.394991393052248,23.050511696507506,23.259392474924866,23.259392489771475,23.259392489772086,23.25939248977271,23.591749997699026,23.335412280765254,24.04376208954024,21.208039097302677,21.208039097302677,0.0,0.021962484244463,0.0,0.0,0.045348770728450984,0.0,0.03288416671468874,0.0,0.0,0.0,0.1062914878710205,0.012051071475431113,0.0,0.2799384201433079,2.2341808872088693,2.2339006386266664,2.234180887208867,2.234180887208569,2.234180887208871,2.1921291692762717,0.04205171793259901,2.2341808872088698,2.2341808872088698,2.23418088720887,2.2341808872088698,0.5462416910448811,0.6821689079103904,0.7178246409784442,0.6821689079103902,0.0,0.5627275325980151,0.5462416910324202,0.5462416910324202,0.01648584156559475,0.5255693582451254,0.6435118788134138,0.6791426732823156,0.0,0.5419436570231857,0.525569358282774,0.5255693582827741,0.01637429874041172,0.643511878813414,0.7901200645372478,0.8372135729481097,0.7901200645372475,0.0,1.0874579796550705,1.0674411608856063,0.020016818769463766,1.0674411608856065,1.0674411608910739,9426.513578823015,0.0,0.0,0.0,0.0,0.0,8289.73985138687,0.0,0.0,0.0,0.0,0.0,2569.8826486347416,0.0,0.0,0.0,0.0,0.0,388.0778251604692,0.0,0.0,0.0,302.46787647428863,181480.72588457318,23.365469745465386,0.0,717086.0025994726,23.409677107772136,0.0,705730.0701199322,23.017310649463315,0.0,1179849.8003551532,23.565678077345627,0.0,0.0,0.0,0.0,0.0,3396.194922242519 
 07/21  08:10:00,37.39604009456438,1161.367829602284,-27.962491475107072,39.35501569164239,-1205.7794623112475,2.73584259319389,43.93125,1158.8058493595827,-37.92326154790862,38.58769103600048,-1195.9337229484868,6.526575707436959,26.358756,1943.9216824353084,0.0,6.620049133231447,-1976.27961839569,0.35689381595116404,0.0,395.6183552581613,-9.149291738017894,28.262534444897938,0.0,46.05952990366348,0.0,0.0,0.0,0.0,0.0,0.0,0.0,0.0,0.0,0.0,0.0,0.0,0.0,0.0,23.365472129817327,23.40967940142797,23.017315304792795,23.565678077345627,23.93058333103236,23.93058333103236,23.93058333103236,23.93058333103236,23.93058333103236,23.93058333103236,23.93058333103236,23.93058333103236,21.198062073321495,21.20090445600228,21.20475945994386,21.217434458432777,21.23040304769831,21.23040305013665,23.3654721298168,21.215054995712315,21.22561034270708,21.225610345244295,23.40967940142742,21.21057354193039,21.216478294735694,21.216478294735722,23.017315304791893,23.394252227353167,23.437568732969893,23.070648193781174,23.287110573600078,23.287110611486014,23.287110611488984,23.287110611491947,23.93058333103236,23.434307704922272,24.14271085167553,21.19806207195638,21.19806207195638,0.0,0.021963259872575233,0.0,0.0,0.0453315218653051,0.0,0.03288616067329325,0.0,0.0,0.0,0.10623581363204279,0.011924570976344211,0.0,0.27934600412585603,2.2341808872088698,2.23438170894292,2.2341808872088706,2.2341808872303255,2.2341808872088404,2.192139921530372,0.042040965678477246,2.2341808872088698,2.2341808872088698,2.2341808872088693,2.2341808872088698,0.5462491623084473,0.682186570123566,0.7178316840492176,0.6821865701235662,0.0,0.5627280852106427,0.5462491624116772,0.5462491624116773,0.01647892279896522,0.5255749139919597,0.6435202683727245,0.6791435867847487,0.0,0.5419423453681499,0.5255749137099579,0.5255749137099578,0.016367431658192023,0.6435202683727245,0.790126505979968,0.8372056163749032,0.7901265059799678,0.0,1.0874694909515998,1.067459880053483,0.02000961089811678,1.067459880053483,1.0674598800614625,23613.009414985507,0.0,0.0,0.0,0.0,0.0,23152.61462160021,0.0,0.0,0.0,0.0,0.0,3972.02947993886,0.0,0.0,0.0,0.0,0.0,16957.520666938384,0.0,0.0,0.0,368.3144738558278,220988.6843134967,23.37782346368802,0.0,723535.0667324401,23.439153793153398,0.0,717626.7565087338,23.018383780255455,0.0,1185888.319628159,23.763992750005485,0.0,0.0,0.0,0.0,0.0,3500.104016412909 
 07/21  08:20:00,37.09958009439557,1151.8640193992346,-27.587326888834923,62.68868935516139,-1220.5530449679686,3.4634897333288595,43.93125,1160.4400272952885,-39.53048850244704,62.98451672693432,-1219.9326527425621,7.371917849268269,26.358756,1956.6451997270697,0.0,8.783836559932382,-1991.0799019920837,0.48969101368047113,0.0,447.7943320076846,-11.66653869805981,52.212259739098045,0.0,50.30052495208113,0.0,0.0,0.0,0.0,0.0,0.0,0.0,0.0,0.0,0.0,0.0,0.0,0.0,0.0,23.37782584685634,23.439156085616155,23.01838843298359,23.763992750005485,24.269416664365693,24.269416664365693,24.269416664365693,24.269416664365693,24.269416664365693,24.269416664365693,24.269416664365693,24.269416664365693,21.18413320028957,21.187249605249498,21.191476187215926,21.205366743277743,21.2195783807977,21.21957838419637,23.377825846855803,21.2027589281867,21.21432590952661,21.21432591306397,23.4391560856156,21.197848761505973,21.204320566973017,21.20432056697305,23.01838843298269,23.423540168597654,23.483934319895432,23.091477998741194,23.319047055988847,23.319047116536144,23.319047116539622,23.319047116543114,24.269416664365693,23.53645600891224,24.24490867791311,21.18413319838356,21.18413319838356,0.0,0.02196228946520357,0.0,0.0,0.04531262823446229,0.0,0.032886283583400566,0.0,0.0,0.0,0.10617935910609766,0.01179905117655026,0.0,0.2787623475227495,2.2341808872088698,2.234361575596369,2.234180887208868,2.23418088678205,2.23418088721072,2.192152192509769,0.042028694700403546,2.2341808872088698,2.2341808872088693,2.2341808872088698,2.2341808872088698,0.5462572222477362,0.6822012226992226,0.7178372693031251,0.682201222699222,0.0,0.5627286444888254,0.5462572213812161,0.5462572213812169,0.016471423107607616,0.5255814280275778,0.6435279234122226,0.6791446971381523,0.0,0.5419414038655753,0.5255814301134745,0.5255814301134737,0.016359973752100253,0.6435279234122214,0.7901336405611284,0.8371989207675925,0.7901336405611308,0.0,1.0874821441540712,1.0674804673098182,0.02000167684424928,1.0674804673098204,1.0674804673073965,37613.21361309683,0.0,0.0,0.0,0.0,0.0,37790.71003616071,0.0,0.0,0.0,0.0,0.0,5270.301935959432,0.0,0.0,0.0,0.0,0.0,31327.355843459143,0.0,0.0,0.0,434.53944421729045,260723.66653037426,23.393463875126546,0.0,732394.5887804566,23.472452490380892,0.0,732021.739583934,23.019856239132306,0.0,1194760.3378315507,23.980727281961183,0.0,0.0,0.0,0.0,0.0,3611.2425328339377 
 07/21  08:30:00,36.80002335245255,1145.6678054545068,-27.062655980156705,85.88127360178964,-1237.5672343185006,3.681477085761281,43.93125,1164.4932662876647,-41.027529867747944,87.16318293350355,-1246.6035886039822,7.790176309250537,26.358756,1973.3310849635984,0.0,10.775825059864076,-2009.6623401902582,0.5891684445966454,0.0,502.52222964189605,-14.35412642377105,72.36532890866783,0.0,54.697490738317185,0.0,0.0,0.0,0.0,0.0,0.0,0.0,0.0,0.0,0.0,0.0,0.0,0.0,0.0,23.393466256754877,23.472454781302254,23.019860888532136,23.980727281961187,24.608249997699026,24.608249997699026,24.608249997699026,24.608249997699026,24.608249997699026,24.608249997699026,24.608249997699026,24.608249997699026,21.16687376861794,21.170293975773177,21.174932510835866,21.190170129464022,21.205759231002734,21.205759235210813,23.393466256754337,21.187309245278062,21.199997245648525,21.19999725002888,23.4724547813017,21.181924081783492,21.189024357041074,21.18902435704111,23.019860888531237,23.45603481294487,23.534005777239706,23.112760581991967,23.353395628716818,23.353395714116772,23.353395714120467,23.353395714124172,24.608249997699026,23.640471242370484,24.348969529498,21.166873766255964,21.166873766255964,0.0,0.02195995684792448,0.0,0.0,0.04529187746189358,0.0,0.03288427428504174,0.0,0.0,0.0,0.1061218673883684,0.011674889536996996,0.0,0.2781887882844974,2.23418088720887,2.2340713384377686,2.234180887208817,2.2341808909118175,2.234180887097921,2.192164877447915,0.042016009686990034,2.2341808872088698,2.2341808872088693,2.2341808872088693,2.2341808872088698,0.5462654696800535,0.6822146068941766,0.7178423922432072,0.6822146068945392,0.0,0.5627292696473635,0.5462654770907502,0.5462654770905968,0.016463792557383932,0.5255880404193385,0.6435345467572235,0.6791456381441455,0.0,0.5419404149615566,0.5255880252563253,0.5255880252563032,0.01635238970565346,0.6435345467579299,0.7901408264238615,0.8371928568214159,0.790140826422458,0.0,1.0874951929102774,1.067501627577762,0.019993565334180525,1.0675016275766338,1.0675016274661655,51528.76416107374,0.0,0.0,0.0,0.0,0.0,52297.9097601022,0.0,0.0,0.0,0.0,0.0,6465.495035918441,0.0,0.0,0.0,0.0,0.0,43419.19734520084,0.0,0.0,0.0,503.5161972206756,302109.7183324054,23.410089774387732,0.0,742599.2839191491,23.507644976802315,0.0,748020.9925516516,23.021627848579424,0.0,1205902.7093428564,24.216596830397336,0.0,0.0,0.0,0.0,0.0,3727.5457526458754 
 07/21  08:40:00,36.49794238641279,1142.2440260979718,-26.440099407729576,108.89188857398585,-1256.8481024686569,4.031917569955513,43.93125,1170.8957479506719,-42.39254542459457,111.17237152577741,-1275.3315841728104,8.078362469231404,26.358756,1993.2911706786424,0.0,12.596972305069471,-2031.3708038489845,0.6725281195952383,0.0,561.2889021087675,-17.13284241394615,89.96476127912229,0.0,57.62817787848218,0.0,0.0,0.0,0.0,0.0,0.0,0.0,0.0,0.0,0.0,0.0,0.0,0.0,0.0,23.410092154185403,23.507647265896434,23.021632494051264,24.216596830397336,24.947083331032363,24.947083331032363,24.947083331032363,24.947083331032363,24.947083331032363,24.947083331032363,24.947083331032363,24.947083331032363,21.146826369498356,21.150580664383124,21.155672211967662,21.172390532117767,21.18949368351774,21.18949368840341,23.410092154184873,21.169251460141634,21.183171630186852,21.183171635272924,23.50764726589588,21.163344280763916,21.171135452315948,21.171135452315987,23.02163249405037,23.489555400439784,23.585960402472708,23.134404575965004,23.38887139596451,23.38887150868019,23.38887150868393,23.388871508687657,24.947083331032363,23.745362330865724,24.453902917211852,21.146826366754613,21.146826366754613,0.0,0.0219564303006717,0.0,0.0,0.04526944439047582,0.0,0.032880291756925965,0.0,0.0,0.0,0.10606328937271782,0.011552353260022557,0.0,0.27762623193839914,2.2341808872088693,2.2343872777973917,2.2341808872088698,2.234180886777269,2.2341808872106337,2.1921778258302247,0.04200306137983498,2.2341808872088698,2.2341808872088693,2.2341808872088698,2.2341808872088698,0.5462739273250733,0.6822273399878497,0.7178473178721769,0.6822273399878476,0.0,0.5627300173037288,0.5462739262929445,0.5462739262929448,0.01645609101078317,0.5255946712763144,0.6435405896311369,0.6791465468492298,0.0,0.541939412702243,0.5255946729719855,0.5255946729719845,0.016344739730257074,0.6435405896311337,0.7901477461756561,0.8371870224874653,0.7901477461756649,0.0,1.0875083958230705,1.0675230426921931,0.019985353130872408,1.0675230426921962,1.0675230426885651,65335.13314439163,0.0,0.0,0.0,0.0,0.0,66703.42291546642,0.0,0.0,0.0,0.0,0.0,7558.183383041686,0.0,0.0,0.0,0.0,0.0,53978.8567674734,0.0,0.0,0.0,575.4401645566109,345264.09873396653,23.42829958884051,0.0,754165.2122861844,23.544144194976624,0.0,765255.6475030531,23.023650152923242,0.0,1218922.826977256,24.46531443325298,0.0,0.0,0.0,0.0,0.0,3847.333813396854 
 07/21  08:50:00,36.19403277431963,1141.0218175359441,-25.802465599425886,131.7002436551793,-1278.3382883789814,4.451321342408425,43.93125,1179.3397570990678,-43.69143675082705,135.00554595770814,-1305.9400532922857,8.388763762528896,26.358756,2015.9683703160626,0.0,14.247717760537455,-2055.6481073740783,0.7384412891658119,0.0,625.3305459311439,-19.978632763825033,105.36301716367507,0.0,60.14368413504046,0.0,0.0,0.0,0.0,0.0,0.0,0.0,0.0,0.0,0.0,0.0,0.0,0.0,0.0,23.42830196656242,23.544146482003526,23.023654793966173,24.46531443325298,25.285916664365693,25.285916664365693,25.285916664365693,25.285916664365693,25.285916664365693,25.285916664365693,25.285916664365693,25.285916664365693,21.12450048536055,21.12861048451944,21.134184347308086,21.152478511947955,21.171192919911928,21.171192925351388,23.42830196656188,21.149043363815213,21.164274804771264,21.164274810434144,23.544146482002965,21.14258073008077,21.151107265191477,21.151107265191524,23.023654793965285,23.52464048852399,23.639216112965713,23.15633972488452,23.425417524551502,23.42541766619661,23.425417666200325,23.42541766620406,25.285916664365693,23.85108551186103,24.559665938436886,21.124500482304715,21.124500482304715,0.0,0.02195173566702054,0.0,0.0,0.04524549644509993,0.0,0.03287451301839719,0.0,0.0,0.0,0.10600368929606045,0.011431201747840089,0.0,0.2770740661403983,2.2341808872088698,2.234315376952429,2.2341808872088693,2.234180886788735,2.2341808872105595,2.1921909612153776,0.041989925994614444,2.2341808872088698,2.2341808872088698,2.2341808872088698,2.2341808872088698,0.5462824581352781,0.682239282607383,0.7178519135470225,0.6822392826073795,0.0,0.5627308031734113,0.5462824569629238,0.5462824569629244,0.016448346210485736,0.5256013703372847,0.6435463189082089,0.6791475501398655,0.0,0.5419384193643081,0.5256013716085908,0.5256013716085901,0.016337047755716615,0.6435463189082031,0.7901545065419104,0.8371814235219873,0.7901545065419272,0.0,1.0875217386765448,1.0675446656555505,0.019977073020987945,1.0675446656555552,1.0675446656502994,79020.14619310749,0.0,0.0,0.0,0.0,0.0,81003.3275746249,0.0,0.0,0.0,0.0,0.0,8548.630656322473,0.0,0.0,0.0,0.0,0.0,63217.81029820507,0.0,0.0,0.0,649.370159620672,389622.0957724032,23.448405151160113,0.0,767057.446103984,23.582051036481328,0.0,783619.1922255268,23.025870698378352,0.0,1233485.5448044261,24.725117383825044,0.0,0.0,0.0,0.0,0.0,3969.791569190721 
 07/21  09:00:00,35.91085562066129,1141.6952584563712,-25.149105977032832,154.3237715192172,-1301.6970122499563,4.824188064794885,43.93125,1189.5362735953934,-44.942704870786656,158.6618201075969,-1338.2285589731202,8.70580219187333,26.358756,2040.888335506614,0.0,15.72855031196056,-2082.004586402622,0.7923370948464964,0.0,692.6353077474752,-22.876722300045117,118.77356663613318,0.0,62.407800515207406,0.0,0.0,0.0,0.0,0.0,0.0,0.0,0.0,0.0,0.0,0.0,0.0,0.0,0.0,23.448407526608033,23.58205332124682,23.025875334586217,24.725117383825044,25.624749997699027,25.624749997699027,25.624749997699027,25.624749997699027,25.624749997699027,25.624749997699027,25.624749997699027,25.624749997699027,21.100323687055514,21.104808232001798,21.110889948894727,21.130842768166502,21.151253021093915,21.151253026983287,23.448407526607504,21.12709597230726,21.143707516334654,21.143707522466162,23.58205332124627,21.120048796364774,21.12934940840055,21.1293494084006,23.025875334585326,23.561576105798977,23.69385892025958,23.178509214149706,23.463121660587753,23.46312183252334,23.46312183252699,23.463121832530636,25.624749997699027,23.9577080661752,24.66632636329289,21.100323683746087,21.100323683746087,0.0,0.02194587394881756,0.0,0.0,0.04522004256236525,0.0,0.03286694633601747,0.0,0.0,0.0,0.10594307844991492,0.011311366359652983,0.0,0.27653239500821525,2.23418088720887,2.2342992483864617,2.2341808872088733,2.234180886756011,2.234180887210477,2.1922042297559634,0.04197665745397075,2.2341808872088698,2.2341808872088698,2.234180887208869,2.2341808872088698,0.5462910084932444,0.6822503830856971,0.717856132142054,0.6822503830856903,0.0,0.562731587073655,0.5462910071352808,0.546291007135281,0.016440579938372734,0.5256080760638565,0.6435517492804552,0.6791486437059803,0.0,0.5419374120807128,0.525608077155214,0.5256080771552131,0.01632933492549802,0.6435517492804448,0.7901612178055039,0.8371761113608464,0.7901612178055357,0.0,1.0875352306005424,1.0675664806096508,0.019968749990883404,1.0675664806096574,1.0675664806134384,92594.26291153037,0.0,0.0,0.0,0.0,0.0,95197.0920645582,0.0,0.0,0.0,0.0,0.0,9437.130187176337,0.0,0.0,0.0,0.0,0.0,71264.13998167949,0.0,0.0,0.0,724.9885537625427,434993.1322575256,23.470196654154726,0.0,781071.0283701185,23.621396054409306,0.0,802990.9318588311,23.028253354417565,0.0,1249296.2045405488,24.994946738547316,0.0,0.0,0.0,0.0,0.0,4094.3923527212874 
 07/21  09:10:00,35.72156141891035,1148.467077100148,-24.56305946655266,174.19518718631366,-1328.1482437758707,5.307922070790729,43.93125,1202.055223880079,-45.84127774580975,179.5588401202874,-1371.5794487890055,8.398040588443125,26.358756,2070.002637875197,0.0,16.917029769391775,-2112.2661486907164,0.8404802563472035,0.0,764.7830209264874,-25.822451939478583,123.86240026588348,0.0,63.93501500775698,0.0,0.0,0.0,0.0,0.0,0.0,0.0,0.0,0.0,0.0,0.0,0.0,0.0,0.0,23.47019902705577,23.62139833664729,23.02825798523656,24.99494673854732,25.92791666436569,25.92791666436569,25.92791666436569,25.92791666436569,25.92791666436569,25.92791666436569,25.92791666436569,25.92791666436569,21.072606345955098,21.077485016515286,21.0841011295762,21.10579870247154,21.12799277415226,21.127992780901945,23.470199027055234,21.10172407121279,21.11978730804813,21.119787315075726,23.621398336646738,21.094062109361804,21.104177057045796,21.104177057045842,23.028257985235665,23.59838862653404,23.748041742939662,23.198870581636733,23.500025273961636,23.500025477671095,23.50002547767474,23.500025477678378,25.92791666436569,24.055559001051567,24.764213393850227,21.072606342160746,21.072606342160746,0.0,0.021938785546753284,0.0,0.0,0.04519448582106633,0.0,0.03285691465856564,0.0,0.0,0.0,0.10588758909196043,0.011207533765217537,0.0,0.27607090912298526,2.2341808872088698,2.2343743708563455,2.2341808872088698,2.234180886762188,2.2341808872103694,2.1922168152439276,0.04196407196596597,2.23418088720887,2.234180887208869,2.2341808872088698,2.2341808872088698,0.5462990373949365,0.6822591764937315,0.7178592800292308,0.6822591764937198,0.0,0.5627324503076205,0.5462990358136505,0.5462990358136506,0.016433414493968346,0.5256142255242604,0.6435554696887585,0.6791491802629535,0.0,0.5419364525052767,0.5256142262769827,0.5256142262769816,0.016322226228293258,0.6435554696887407,0.7901682314001774,0.8371724269167079,0.7901682314002358,0.0,1.087547912430021,1.0675869069432964,0.0199610054867139,1.0675869069433055,1.0675869069482709,104517.11231178827,0.0,0.0,0.0,0.0,0.0,107735.3040721724,0.0,0.0,0.0,0.0,0.0,10150.217861635061,0.0,0.0,0.0,0.0,0.0,74317.44015952965,0.0,0.0,0.0,798.2787087875147,478967.2252725088,23.494175383784707,0.0,796939.9659694482,23.65935533776776,0.0,822999.8659138291,23.03078082748933,0.0,1267449.4599180594,25.271637603412632,0.0,0.0,0.0,0.0,0.0,4212.923002436157 
 07/21  09:20:00,35.41350631560085,1153.038160535724,-23.78820777246483,194.0735491365565,-1353.8158735118075,5.140125685126547,43.93125,1216.288695757496,-46.65782878886603,200.34708288585648,-1405.0116782433786,8.567879441337858,26.358756,2098.7013532609294,0.0,17.969653128521742,-2141.9982725447967,0.8757490773357368,0.0,840.7324160094888,-28.801841109645693,127.36828459972912,0.0,65.73604368239742,0.0,0.0,0.0,0.0,0.0,0.0,0.0,0.0,0.0,0.0,0.0,0.0,0.0,0.0,23.494177753996006,23.659357617339708,23.03078545262829,25.271637603412632,26.23108333103236,26.23108333103236,26.23108333103236,26.23108333103236,26.23108333103236,26.23108333103236,26.23108333103236,26.23108333103236,21.045417026844007,21.050700323984294,21.05786506006402,21.081353132158874,21.105377693448318,21.105377700070033,23.49417775399547,21.076942046644117,21.096494939233395,21.096494946127727,23.65935761733916,21.06864930061022,21.079600010282647,21.079600010282697,23.030785452627395,23.63730881545099,23.800956439397947,23.219399619434437,23.537321068573988,23.53732130494607,23.537321304949597,23.537321304953135,26.23108333103236,24.153716459917376,24.862405015636245,21.045417023121683,21.045417023121683,0.0,0.021930840594628843,0.0,0.0,0.04516820775681965,0.0,0.03284598077051649,0.0,0.0,0.0,0.10583139381912271,0.011104527108774034,0.0,0.2756151669773336,2.2341808872088693,2.2342565533198617,2.234180887208867,2.2341808872181863,2.2341808872088733,2.192229768593809,0.041951118615059506,2.2341808872088698,2.2341808872088698,2.23418088720887,2.2341808872088698,0.5463071491944228,0.6822669674690462,0.7178618820675928,0.6822669674690464,0.0,0.562733271780143,0.5463071491944258,0.5463071491944258,0.016426122585717188,0.5256207563079581,0.6435597163768539,0.6791502442150227,0.0,0.5419357375998425,0.5256207563080769,0.525620756308077,0.016314981291765514,0.6435597163768539,0.7901749842730198,0.8371687609262543,0.7901749842730197,0.0,1.087560759213825,1.0676076634196652,0.01995309579415954,1.0676076634196652,1.0676076634048324,116444.1294819339,0.0,0.0,0.0,0.0,0.0,120208.249731514,0.0,0.0,0.0,0.0,0.0,10781.791877113044,0.0,0.0,0.0,0.0,0.0,76420.97075983736,0.0,0.0,0.0,872.4746802273746,523484.80813642475,23.51739808435787,0.0,812338.3741317437,23.6980876457324,0.0,843057.2553327667,23.033414406062025,0.0,1285284.3882112305,25.556396054435062,0.0,0.0,0.0,0.0,0.0,4330.645214965085 
 07/21  09:30:00,35.09995938297618,1159.2874218707473,-22.914188575226945,213.8816898932082,-1379.9428613725586,5.215147531254045,43.93125,1231.5638266053106,-47.56038642760632,220.9556606426529,-1439.618562847061,8.937770796766632,26.358756,2128.239945319046,0.0,18.887572681757064,-2172.4286432386207,0.9075942880503736,0.0,919.2141610705594,-31.818182868747385,129.21717623345376,0.0,67.62299788524757,0.0,0.0,0.0,0.0,0.0,0.0,0.0,0.0,0.0,0.0,0.0,0.0,0.0,0.0,23.51740045189936,23.698089922654457,23.033419025547804,25.556396054435062,26.534249997699025,26.534249997699025,26.534249997699025,26.534249997699025,26.534249997699025,26.534249997699025,26.534249997699025,26.534249997699025,21.017607149627683,21.02330824133621,21.03103944655821,21.056375708262735,21.08228966403963,21.08228967081234,23.517400451898826,21.051617323830964,21.072707810253622,21.072707817305268,23.698089922653903,21.042673549749324,21.054487009967918,21.054487009967975,23.033419025546916,23.67555530889037,23.854644580305607,23.240064514981107,23.57472952084542,23.574729790970995,23.574729790974388,23.57472979097779,26.534249997699025,24.251964671652015,24.960685302474264,21.01760714582015,21.01760714582015,0.0,0.021922274441988476,0.0,0.0,0.04514090473957696,0.0,0.03283383007143495,0.0,0.0,0.0,0.10577437138731695,0.011002394614912026,0.0,0.2751660653595021,2.2341808872088693,2.2342834772980553,2.234180887208867,2.2341808867764645,2.2341808872101936,2.1922423898450707,0.041938497364903245,2.2341808872088698,2.23418088720887,2.23418088720887,2.2341808872088698,0.5463151118812629,0.6822747831873021,0.7178646070906257,0.6822747831872895,0.0,0.5627340970456798,0.5463151129506233,0.5463151129506207,0.016418984095055024,0.5256269606959566,0.643563645609474,0.6791512691553417,0.0,0.5419348536318388,0.525626958375951,0.5256269583759499,0.01630789525588687,0.6435636456094591,0.7901813602628496,0.8371650109629539,0.7901813602629358,0.0,1.0875734391664655,1.0676280759231958,0.019945363243258123,1.0676280759232062,1.0676280759283614,128329.01393592494,0.0,0.0,0.0,0.0,0.0,132573.39638559186,0.0,0.0,0.0,0.0,0.0,11332.543609054248,0.0,0.0,0.0,0.0,0.0,77530.3057400721,0.0,0.0,0.0,947.9160261614145,568749.6156968487,23.540961769931066,0.0,828012.3649579654,23.738497889978547,0.0,863819.3931905597,23.036143797476797,0.0,1303538.3247316873,25.849617865087506,0.0,0.0,0.0,0.0,0.0,4448.719058136508 
 07/21  09:40:00,34.781483448083456,1168.558889731266,-20.70866540831412,234.04166218917203,-1411.9350738639955,5.120746633976953,43.93125,1249.5952984727473,-46.64284466659342,241.93830202864626,-1480.1037978214918,9.675300837645462,26.358756,2162.4659302765576,0.0,19.753284480473305,-2210.916603341174,-2.458112330029986,0.0,1010.4389357630585,-34.642858312519394,134.42665573721206,0.0,78.16341380750308,0.0,0.0,0.0,0.0,0.0,0.0,0.0,0.0,0.0,0.0,0.0,0.0,0.0,0.0,23.54757266650963,23.751785358932622,23.033210974333855,25.9560884587057,26.837416664365694,26.837416664365694,26.837416664365694,26.837416664365694,26.837416664365694,26.837416664365694,26.837416664365694,26.837416664365694,20.971879622536356,20.978180892815878,20.98672579716187,21.014715214987266,21.043340951884932,21.04334095422505,23.5475726721047,21.00945823370207,21.032755602539147,21.032755604885857,23.751785368841507,20.999580172994428,21.012632288589707,21.012632288589767,23.033210974879303,23.720891759943758,23.92297528469267,23.258532733276663,23.618517906433453,23.61851822514351,23.61851822672578,23.618518228308048,26.837416664365694,24.364064730312805,25.07284432060372,20.971879621545128,20.971879621545128,0.0,0.021910299736503068,0.0,0.0,0.045109279024724835,0.0,0.03281666835718709,0.0,0.0,0.0,0.10571616387832464,0.010909761816392478,0.0,0.2747741383829804,2.2341808872088698,2.2342883823846957,2.23418088720887,2.2341808872139386,2.2341808872088693,2.19226340631685,0.04191748089202038,2.23418088720887,2.23418088720887,2.23418088720887,2.2341808872088698,0.5463283060111055,0.6822802575393544,0.7178662032397386,0.6822802575393545,0.0,0.5627369763644062,0.5463283060113217,0.5463283060113217,0.016408670353084645,0.5256376889819361,0.6435606028951157,0.6791485367167535,0.0,0.5419353558790663,0.5256376889817251,0.5256376889817251,0.01629766689734108,0.6435606028951157,0.7901947887040328,0.8371661472523778,0.7901947887040327,0.0,1.087591074073377,1.0676573660518869,0.019933708021489995,1.0676573660518869,1.0676573660521322,140424.99731350323,0.0,0.0,0.0,0.0,0.0,145162.98121718777,0.0,0.0,0.0,0.0,0.0,11851.970688283982,0.0,0.0,0.0,0.0,0.0,80655.99344232718,0.0,0.0,0.0,1041.0021931581946,624601.3158949168,23.55914025903831,0.0,847200.9723910475,23.773658719605606,0.0,888103.728976381,23.029511444720647,0.0,1326619.8575919373,26.125699911735865,0.0,0.0,0.0,0.0,0.0,4584.981333471322 
 07/21  09:50:00,34.458711884489865,1176.8794024601991,-18.864368464600375,253.58428746908055,-1440.950847139481,5.668411884558576,43.93125,1266.2230749675107,-46.12466336960006,262.2449897222948,-1517.674041098012,9.22164664778645,26.358756,2195.4231056989233,0.0,20.48463134250892,-2242.305305278611,0.3126450601128871,0.0,1102.3753645930772,-37.43467869700612,139.18480509558594,0.0,63.119061914296694,0.0,0.0,0.0,0.0,0.0,0.0,0.0,0.0,0.0,0.0,0.0,0.0,0.0,0.0,23.570251634837636,23.79176634938823,23.02967852131705,26.38851922614775,27.14058333103236,27.14058333103236,27.14058333103236,27.14058333103236,27.14058333103236,27.14058333103236,27.14058333103236,27.14058333103236,20.939329296880963,20.94625777482729,20.95565308958004,20.986415178659513,21.017875577944103,21.01787558032972,23.57025164132991,20.98063716554585,21.006241353427306,21.006241355909356,23.791766360082896,20.969782737457024,20.984129500267645,20.984129500267713,23.02967852272903,23.759291315830396,23.978522003303443,23.274019775495166,23.655263771035955,23.655264143763404,23.65526414542337,23.655264147083333,27.14058333103236,24.462265131699944,25.17108741966516,20.939329295546642,20.939329295546642,0.0,0.02189664151259435,0.0,0.0,0.04507214477968793,0.0,0.032792955128692514,0.0,0.0,0.0,0.10565649091850787,0.010817306118691387,0.0,0.27440537797915654,2.2341808872088693,2.2343095509048956,2.2341808872088684,2.2341808872167173,2.23418088720887,2.192276274186801,0.04190461302206913,2.2341808872088698,2.2341808872088698,2.2341808872088693,2.2341808872088698,0.5463360568368705,0.6822856907588778,0.7178663653305659,0.6822856907588778,0.0,0.5627376919118348,0.5463360568470985,0.5463360568470985,0.016401635064736277,0.5256424671691935,0.6435631343652481,0.6791481209385645,0.0,0.5419331974700531,0.525642467168264,0.525642467168264,0.016290730301789076,0.6435631343652484,0.7902064449211913,0.8371664009397395,0.7902064449211912,0.0,1.0876053848049128,1.0676794050834504,0.019925979721462254,1.0676794050834504,1.0676794050774119,152150.5724814483,0.0,0.0,0.0,0.0,0.0,157346.99383337685,0.0,0.0,0.0,0.0,0.0,12290.778805505353,0.0,0.0,0.0,0.0,0.0,83510.88305735144,0.0,0.0,0.0,1138.261913750193,682957.1482501158,23.58553792667137,0.0,864585.6398350355,23.816911900848684,0.0,910620.6243776183,23.029765277551963,0.0,1345406.9295922085,26.404070470213878,0.0,0.0,0.0,0.0,0.0,4702.593393905657 
 07/21  10:00:00,34.13234232883535,1186.3523872180087,-17.97488984672077,273.08715766718626,-1469.5947843758868,5.835571312886245,43.93125,1284.3700024539562,-46.93215096166955,282.5850853211366,-1554.3274366096173,9.414251587437258,26.358756,2227.0731293819654,0.0,21.00068374775889,-2273.7969350694884,0.5443879347256243,0.0,1192.8185557216277,-40.43084114406234,138.50542222893773,0.0,72.57009420333765,0.0,0.0,0.0,0.0,0.0,0.0,0.0,0.0,0.0,0.0,0.0,0.0,0.0,0.0,23.596238660539967,23.83418103052835,23.03044389862645,26.691009707411787,27.443749997699026,27.443749997699026,27.443749997699026,27.443749997699026,27.443749997699026,27.443749997699026,27.443749997699026,27.443749997699026,20.909064367775592,20.91644388883742,20.926450712931846,20.959205830406148,20.992703356978655,20.992703359064507,23.596238667213008,20.953053274882464,20.98031527353048,20.980315275700264,23.83418104130139,20.941497103453827,20.956774429951928,20.956774429952,23.03044390034565,23.80025499093363,24.035792341915567,23.293010894579844,23.694106262188452,23.694106670918252,23.694106672639258,23.694106674360256,27.443749997699026,24.56198346077698,25.270838071510077,20.909064366610348,20.909064366610348,0.0,0.021886570360485233,0.0,0.0,0.04504284256381973,0.0,0.03277837901114559,0.0,0.0,0.0,0.10559787117570114,0.010715590326491477,0.0,0.2739681416151253,2.23418088720887,2.2343939965163164,2.234180887208871,2.234180887207364,2.234180887208871,2.1922894545912843,0.04189143261758538,2.2341808872088698,2.2341808872088698,2.2341808872088693,2.2341808872088698,0.5463442250649246,0.6822925917704236,0.71786865650238,0.6822925917704235,0.0,0.5627385351531928,0.5463442250937611,0.546344225093761,0.016394310059431802,0.5256487631562801,0.643566437494304,0.6791490393012158,0.0,0.5419322256391301,0.5256487631749707,0.5256487631749707,0.016283462464159584,0.6435664374943042,0.790213293765115,0.837163191405274,0.7902132937651147,0.0,1.0876186937989611,1.0677006962388575,0.019917997560103845,1.0677006962388575,1.067700696238383,163852.29460031178,0.0,0.0,0.0,0.0,0.0,169551.051192682,0.0,0.0,0.0,0.0,0.0,12600.410248655335,0.0,0.0,0.0,0.0,0.0,83103.25333736252,0.0,0.0,0.0,1216.4380107110492,729862.8064266297,23.611513017313193,0.0,881766.9498925102,23.858991306606583,0.0,932607.1009971793,23.03122231587688,0.0,1364295.4280453692,26.7102149295597,0.0,0.0,0.0,0.0,0.0,4820.002070465317 
 07/21  10:10:00,33.892231489475904,1199.965659523944,-17.230105641627233,289.82700138257337,-1499.7436431380384,6.602939457492369,43.93125,1303.248811867926,-47.49612462298933,300.12248560135197,-1590.651950425622,9.21239938541491,26.358756,2258.1989070846653,0.0,21.36775058024252,-2305.242199530347,0.6349277378292172,0.0,1276.8525851053741,-43.52108695178393,129.30314546208,0.0,71.53828802222337,0.0,0.0,0.0,0.0,0.0,0.0,0.0,0.0,0.0,0.0,0.0,0.0,0.0,0.0,23.623473176195205,23.87633212962252,23.03205960259895,27.00666387289601,27.711249997699024,27.711249997699024,27.711249997699024,27.711249997699024,27.711249997699024,27.711249997699024,27.711249997699024,27.711249997699024,20.879126087892374,20.886975231403646,20.89761875486945,20.932448551058336,20.968066662928635,20.96806666517551,23.623473183502355,20.925906093612817,20.9548938104142,20.95489381275171,23.87633214026362,20.91361951423273,20.929865598959537,20.929865598959612,23.032059604494933,23.840698145007252,24.0910123572041,23.310859940481834,23.731798889341018,23.73179933602536,23.731799337815865,23.73179933960636,27.711249997699024,24.652693628779403,25.361571581269892,20.87912608663641,20.87912608663641,0.0,0.021874941224816515,0.0,0.0,0.04501304890887918,0.0,0.03276096874252463,0.0,0.0,0.0,0.10554409701195616,0.010631880953601992,0.0,0.2736146212183743,2.2341808872088698,2.2340903015663063,2.2341808872088698,2.2341808872063944,2.23418088720887,2.1923007666157006,0.04188012059317138,2.2341808872088698,2.2341808872088698,2.23418088720887,2.2341808872088698,0.5463509808509188,0.6822962639578822,0.7178695558369672,0.6822962639578822,0.0,0.5627390700899169,0.5463509809308942,0.5463509809308941,0.01638808915902283,0.525653839996328,0.6435681429887516,0.6791497887596945,0.0,0.5419311321243085,0.5256538400613321,0.525653840061332,0.016277292062976602,0.6435681429887518,0.7902196949516871,0.8371615426122082,0.7902196949516871,0.0,1.0876305644014725,1.0677193803404577,0.01991118406101529,1.0677193803404572,1.0677193803472613,173896.20082954405,0.0,0.0,0.0,0.0,0.0,180073.4913608111,0.0,0.0,0.0,0.0,0.0,12820.650348145511,0.0,0.0,0.0,0.0,0.0,77581.88727724807,0.0,0.0,0.0,1292.342247498842,775405.3484993053,23.640682483761893,0.0,899855.5315877631,23.90094056553506,0.0,954401.057345531,23.033064230746017,0.0,1383160.9773271899,27.024541487469214,0.0,0.0,0.0,0.0,0.0,4929.797726566004 
 07/21  10:20:00,33.65270555557718,1210.8402221679285,-16.33373540625712,306.6376524576515,-1528.9470467852998,5.984931378954153,43.93125,1322.7750424482929,-48.0652263653576,317.6197864486761,-1626.88381507734,9.324170218778889,26.358756,2289.1873159761053,0.0,21.625502984993567,-2336.4958958709585,0.6489297967516701,0.0,1365.698084052294,-46.52696184594801,120.65062952803373,0.0,71.69539983738444,0.0,0.0,0.0,0.0,0.0,0.0,0.0,0.0,0.0,0.0,0.0,0.0,0.0,0.0,23.652272914552885,23.918253919242915,23.033946456970735,27.319263112735626,27.978749997699026,27.978749997699026,27.978749997699026,27.978749997699026,27.978749997699026,27.978749997699026,27.978749997699026,27.978749997699026,20.849496323495984,20.857811844471783,20.86908765977612,20.905977309910156,20.943700781210246,20.943700783588227,23.65227292172331,20.899047736318437,20.929748784402257,20.92974878687631,23.918253930043793,20.88603602477413,20.90324398511486,20.903243985114933,23.03394645899248,23.882613881341523,24.146008980883344,23.328953599517988,23.769978711056282,23.769979195213544,23.769979197020014,23.769979198826476,27.978749997699026,24.743476702157018,25.452374498786092,20.849496322166186,20.849496322166186,0.0,0.021862987172646453,0.0,0.0,0.044982747834795715,0.0,0.032742974644122624,0.0,0.0,0.0,0.10548969236920412,0.010548358540457634,0.0,0.27326236089549827,2.234180887208869,2.2343889471982608,2.2341808872088693,2.2341808872366036,2.2341808872088604,2.1923116862533707,0.04186920095549217,2.2341808872088698,2.23418088720887,2.2341808872088706,2.2341808872088698,0.5463575002034218,0.6822997970367488,0.7178705541496888,0.6822997970367488,0.0,0.5627395315827635,0.5463575000628382,0.5463575000628382,0.01638203151992528,0.5256586093621453,0.6435696305089587,0.6791506163135095,0.0,0.5419298958444978,0.5256586090794477,0.5256586090794476,0.0162712867650503,0.6435696305089588,0.7902255138374277,0.8371597167456715,0.7902255138374275,0.0,1.087642258826116,1.0677376941789283,0.019904564647187907,1.067737694178928,1.0677376941823193,183982.59147459094,0.0,0.0,0.0,0.0,0.0,190571.87186920564,0.0,0.0,0.0,0.0,0.0,12975.301790996145,0.0,0.0,0.0,0.0,0.0,72390.37771682051,0.0,0.0,0.0,1367.7418084237104,820645.0850542262,23.668424631334183,0.0,917376.7798622355,23.942981489828888,0.0,976139.3703803233,23.0350059237343,0.0,1401911.80198259,27.336095755202717,0.0,0.0,0.0,0.0,0.0,5040.5041378789265 
 07/21  10:30:00,33.4142546496434,1222.7586201653985,-15.38219378136887,323.4197724284563,-1557.9036326530781,6.202416067363629,43.93125,1342.473597596167,-48.68882462135957,335.030697716158,-1663.2618313861449,9.465196480964567,26.358756,2319.8853064571836,0.0,21.775459805546106,-2367.3359055807246,0.6588192543892988,0.0,1453.787748867158,-49.52066544165781,111.29666504368515,0.0,72.32046421198079,0.0,0.0,0.0,0.0,0.0,0.0,0.0,0.0,0.0,0.0,0.0,0.0,0.0,0.0,23.679846179683246,23.96058683882261,23.035900251913947,27.63318241863196,28.246249997699024,28.246249997699024,28.246249997699024,28.246249997699024,28.246249997699024,28.246249997699024,28.246249997699024,28.246249997699024,20.820268113914146,20.8290525022475,20.840963977735175,20.879924022081426,20.919763559468425,20.9197635619811,23.67984618691534,20.872605355761635,20.905028456774446,20.90502845938878,23.960586849850678,20.858864851280813,20.87703964817817,20.87703964817825,23.035900254047245,23.92337945698543,24.201405650798954,23.34711773762548,23.807948961113276,23.807949482954193,23.80794948479875,23.80794948664331,28.246249997699024,24.834222460546698,25.543137708135482,20.820268112508472,20.820268112508472,0.0,0.02185069869376774,0.0,0.0,0.044951834375953424,0.0,0.03272426327314909,0.0,0.0,0.0,0.10543464272632261,0.010465231940210446,0.0,0.2729130801089783,2.2341808872088698,2.2342990261244307,2.234180887208871,2.234180887200434,2.2341808872088684,2.1923222921706085,0.04185859503826199,2.2341808872088698,2.2341808872088698,2.2341808872088698,2.2341808872088698,0.5463638684588077,0.6823034175143846,0.7178717315603701,0.6823034175143847,0.0,0.5627399774306459,0.5463638684887901,0.5463638684887904,0.016376108941855448,0.525663081217235,0.643570839487091,0.679151416097838,0.0,0.5419285023055925,0.5256630812668801,0.5256630812668802,0.016265421038712265,0.643570839487091,0.7902309047237348,0.8371577395506613,0.790230904723735,0.0,1.0876538124343695,1.067755707688248,0.019898104746121435,1.067755707688248,1.0677557076863264,194051.8634570738,0.0,0.0,0.0,0.0,0.0,201018.41862969485,0.0,0.0,0.0,0.0,0.0,13065.275883327664,0.0,0.0,0.0,0.0,0.0,66777.99902621082,0.0,0.0,0.0,1443.3380514720911,866002.8308832546,23.696146891495786,0.0,934750.0722595213,23.985709914978578,0.0,997965.4795150624,23.036979550049473,0.0,1420414.825317999,27.651308793586608,0.0,0.0,0.0,0.0,0.0,5150.974649142393 
 07/21  10:40:00,33.177406360867586,1234.8765265834568,-14.480763746549428,340.0890281057416,-1587.2281783986714,6.422345547757352,43.93125,1362.2242263543178,-49.29326379950385,352.36941346120716,-1699.642114466829,9.572396227095195,26.358756,2350.153357657756,0.0,21.817101464862922,-2397.6460505051873,0.662827639332465,0.0,1541.7590104670794,-52.46389026707752,101.92268196613895,0.0,72.17188860654129,0.0,0.0,0.0,0.0,0.0,0.0,0.0,0.0,0.0,0.0,0.0,0.0,0.0,0.0,23.708084416388587,24.0035343135685,23.037882390319236,27.949151872554292,28.513749997699023,28.513749997699023,28.513749997699023,28.513749997699023,28.513749997699023,28.513749997699023,28.513749997699023,28.513749997699023,20.791527675084048,20.80078424689342,20.81333587129214,20.85438052676105,20.89635059741802,20.896350600066107,23.7080844239359,20.846670092003322,20.88082701884173,20.880827021597106,24.003534324819373,20.832195839329305,20.851344142541954,20.85134414254204,23.037882392563375,23.96478861728326,24.25739734571817,23.365318908189252,23.84633285062162,23.84633341037136,23.84633341227699,23.846333414182617,28.513749997699023,24.9254164028374,25.634347149872106,20.791527673602097,20.791527673602097,0.0,0.021837878594445463,0.0,0.0,0.04492024736771935,0.0,0.032704758407875796,0.0,0.0,0.0,0.10537894723902044,0.010382407882629806,0.0,0.2725669745301528,2.2341808872088693,2.234292026395586,2.2341808872088715,2.234180887187949,2.2341808872088684,2.1923326211922776,0.041848266016593055,2.2341808872088698,2.2341808872088698,2.23418088720887,2.2341808872088698,0.5463699720016288,0.6823065226500473,0.7178727224198,0.6823065226500473,0.0,0.5627402837599331,0.5463699720372586,0.5463699720372586,0.01637031172267467,0.5256673213831616,0.6435719223202597,0.6791523325547937,0.0,0.5419270005770445,0.5256673214417269,0.5256673214417269,0.016259679135317735,0.6435719223202596,0.7902361182113584,0.8371558322342758,0.7902361182113586,0.0,1.087665336855299,1.0677735511488056,0.019891785706493366,1.0677735511488056,1.067773551147291,204053.416863445,0.0,0.0,0.0,0.0,0.0,211421.64807672432,0.0,0.0,0.0,0.0,0.0,13090.260878917754,0.0,0.0,0.0,0.0,0.0,61153.60917968318,0.0,0.0,0.0,1519.1382734970234,911482.964098214,23.725042663146613,0.0,952344.2705479872,24.028954924004474,0.0,1019793.1005831785,23.038971591338246,0.0,1438600.0115672105,27.96668172701561,0.0,0.0,0.0,0.0,0.0,5261.296287731597 
 07/21  10:50:00,32.94272223637318,1247.2310124414132,-13.618186791415383,356.6769027578264,-1616.6263074226454,6.580281233063059,43.93125,1381.915733718085,-49.906752988215885,369.64497211780906,-1735.9153040533242,9.65525294383354,26.358756,2379.8727154695334,0.0,21.746746123830576,-2427.2964397497853,0.6623468222168661,0.0,1629.3703912412589,-55.34981287611569,92.62609415977113,0.0,72.02593710504213,0.0,0.0,0.0,0.0,0.0,0.0,0.0,0.0,0.0,0.0,0.0,0.0,0.0,0.0,23.73727887244179,24.046949672381707,23.039874371625537,28.264188138307478,28.781249997699025,28.781249997699025,28.781249997699025,28.781249997699025,28.781249997699025,28.781249997699025,28.781249997699025,28.781249997699025,20.763402542014347,20.773130286043205,20.786320681149796,20.82944508338928,20.873540651091538,20.873540653874407,23.73727888027356,20.82134379221896,20.85723044741655,20.85723045031231,24.046949683818504,20.80613754534641,20.826257107847134,20.826257107847226,23.03987437397763,24.00710291302977,24.313831554644125,23.38352668004865,23.885142998907945,23.885143596382463,23.885143598342914,23.885143600303365,28.781249997699025,25.01690352802285,25.72584803190852,20.763402540456465,20.763402540456465,0.0,0.02182467428158328,0.0,0.0,0.0448881913017837,0.0,0.03268469548643821,0.0,0.0,0.0,0.10532267420595456,0.010299502666526055,0.0,0.27222212172341215,2.23418088720887,2.2342018395350323,2.2341808872088684,2.234180887212589,2.234180887208872,2.192342685637005,0.0418382015718622,2.2341808872088698,2.2341808872088698,2.2341808872088693,2.2341808872088698,0.546375834864406,0.6823092649500817,0.7178736077070444,0.6823092649500815,0.0,0.5627404629193868,0.5463758349052386,0.5463758349052386,0.016364628014148265,0.52567134798243,0.6435729409768713,0.6791533727512835,0.0,0.541925397503876,0.5256713480492945,0.5256713480492946,0.016254049454581296,0.6435729409768713,0.7902411004569603,0.8371539067505418,0.79024110045696,0.0,1.087676825213745,1.0677912282294268,0.019885596984318233,1.0677912282294266,1.067791228233177,214006.14165469585,0.0,0.0,0.0,0.0,0.0,221786.98327068548,0.0,0.0,0.0,0.0,0.0,13048.047674298345,0.0,0.0,0.0,0.0,0.0,55575.65649586258,0.0,0.0,0.0,1594.6952381818376,956817.1429091025,23.754666466446842,0.0,969982.6574169507,24.072600302626803,0.0,1041556.5011664055,23.040963555274136,0.0,1456389.4322643478,28.28171250365685,0.0,0.0,0.0,0.0,0.0,5371.301626905901 
 07/21  11:00:00,32.71079454601571,1259.7304941979864,-12.797975381605056,373.182560521117,-1646.055341865887,6.745892820644487,43.93125,1401.4286551934906,-50.523388683407575,386.8657587336876,-1771.9743536922247,9.715826286218444,26.358756,2408.931095467385,0.0,21.562661070349485,-2456.174113281717,0.6602380804883081,0.0,1716.094814381161,-58.169642077994155,83.56750045313811,0.0,71.62323897706837,0.0,0.0,0.0,0.0,0.0,0.0,0.0,0.0,0.0,0.0,0.0,0.0,0.0,0.0,23.7672091505784,24.09072326873983,23.041863762435778,28.578219760701785,29.048749997699023,29.048749997699023,29.048749997699023,29.048749997699023,29.048749997699023,29.048749997699023,29.048749997699023,29.048749997699023,20.73599207557703,20.746189667121484,20.760017030241684,20.805214958574346,20.851429604374466,20.851429607292225,23.767209158666645,20.796723979282245,20.834335141321425,20.834335144357677,24.09072328034098,20.780787964022657,20.80187590194297,20.801875901943067,23.041863764895076,24.050113103257083,24.370604165635136,23.401728797355872,23.92427569819119,23.92427633321044,23.924276335221265,23.924276337232094,29.048749997699023,25.10861366522588,25.817570286370184,20.73599207394314,20.73599207394314,0.0,0.02181111006660154,0.0,0.0,0.044855683789169806,0.0,0.03266409259535199,0.0,0.0,0.0,0.10526580870135183,0.01021647715613907,0.0,0.2718783816340443,2.2341808872088693,2.2343620231662182,2.234180887208872,2.23418088720084,2.2341808872088675,2.1923524769582006,0.04182841025067001,2.2341808872088693,2.2341808872088698,2.2341808872088698,2.2341808872088698,0.5463814616034117,0.6823117173821679,0.7178744250093799,0.6823117173821678,0.0,0.5627405220073034,0.5463814615984373,0.5463814615984373,0.016359060408866137,0.525675153333397,0.6435739108680918,0.679154534258074,0.0,0.5419236883200178,0.5256751533252095,0.5256751533252095,0.016248534994808238,0.6435739108680918,0.7902458290092604,0.8371519279414157,0.7902458290092604,0.0,1.0876882666308783,1.0678087242233243,0.01987954240755411,1.0678087242233243,1.0678087242151717,223909.53631267024,0.0,0.0,0.0,0.0,0.0,232119.45524021256,0.0,0.0,0.0,0.0,0.0,12937.596642209692,0.0,0.0,0.0,0.0,0.0,50140.50027188258,0.0,0.0,0.0,1669.9990700339958,1001999.4420203975,23.785038105941045,0.0,987639.5906298081,24.116544140661247,0.0,1063191.4165483739,23.04294980614104,0.0,1473715.2334789392,28.59557405546504,0.0,0.0,0.0,0.0,0.0,5480.836323184398 
 07/21  11:10:00,32.61569699052947,1274.913488883221,-11.980880468544228,383.66186960075174,-1673.3355153223933,5.991581208573384,43.93125,1422.1396519449777,-50.81374292529699,397.5777274237614,-1804.6969447870754,8.341228161399304,26.358756,2436.3849495178333,0.0,21.45522893183442,-2483.5334506952477,0.6462461387410794,0.0,1804.7974055387967,-61.07847010105084,58.86130010713623,0.0,69.13656321583403,0.0,0.0,0.0,0.0,0.0,0.0,0.0,0.0,0.0,0.0,0.0,0.0,0.0,0.0,23.796676330579317,24.132881842773315,23.04383128647286,28.88479538849584,29.227083331032357,29.227083331032357,29.227083331032357,29.227083331032357,29.227083331032357,29.227083331032357,29.227083331032357,29.227083331032357,20.709997017558457,20.72065319601559,20.73510226634493,20.782323662619003,20.83060628966537,20.830606292714478,23.796676338253157,20.77345238892913,20.812746466978965,20.812746470152035,24.132881853408197,20.75680432874521,20.778837372032854,20.77883737203296,23.04383128903789,24.088241128443244,24.421153152678148,23.41488683795678,23.95805131799651,23.95805199027486,23.95805199218101,23.958051994087157,29.227083331032357,25.17490776696387,25.883875002739853,20.709997015850554,20.709997015850554,0.0,0.021798326438199074,0.0,0.0,0.04482815206415454,0.0,0.032643575071276076,0.0,0.0,0.0,0.10522569706193044,0.010171578993123707,0.0,0.271704110200207,2.2341808872088693,2.234366465547552,2.2341808872088675,2.2341808872209477,2.234180887208872,2.1923600381533275,0.04182084905554159,2.2341808872088698,2.2341808872088698,2.2341808872088698,2.2341808872088698,0.5463856547774282,0.682310610555438,0.7178734697532716,0.682310610555438,0.0,0.5627407706490799,0.5463856547722797,0.5463856547722796,0.016355115876800077,0.5256777704955133,0.6435721071576392,0.6791543726926395,0.0,0.5419224097102988,0.5256777704860369,0.5256777704860368,0.01624463922426199,0.6435721071576391,0.7902511020171454,0.8371530447629587,0.7902511020171455,0.0,1.0876968577939494,1.0678217259078022,0.01987513188614737,1.0678217259078022,1.0678217259129168,230197.121760451,0.0,0.0,0.0,0.0,0.0,238546.63645425695,0.0,0.0,0.0,0.0,0.0,12873.137359100654,0.0,0.0,0.0,0.0,0.0,35316.78006428169,0.0,0.0,0.0,1734.0446040994361,1040426.7624596616,23.812868450851774,0.0,1004007.2276617688,24.15561470409544,0.0,1082824.4704880249,23.044896015208337,0.0,1490130.046467302,28.90105206216238,0.0,0.0,0.0,0.0,0.0,5564.710209384568 
 07/21  11:20:00,32.52605483369783,1288.7567826913642,-11.012499888564435,394.2845833746883,-1698.941708026665,5.6098039969957405,43.93125,1443.4197989516356,-51.0551186008413,408.38838522322396,-1836.219534302918,8.3580135118302,26.358756,2462.923736717441,0.0,21.295831387444622,-2509.931537684569,0.6308250008206752,0.0,1893.9170973011828,-63.89298316586573,35.3529609780594,0.0,68.13721320469654,0.0,0.0,0.0,0.0,0.0,0.0,0.0,0.0,0.0,0.0,0.0,0.0,0.0,0.0,23.823535586767626,24.171141331140724,23.045759152668232,29.18432705649915,29.405416664365692,29.405416664365692,29.405416664365692,29.405416664365692,29.405416664365692,29.405416664365692,29.405416664365692,29.405416664365692,20.6849066016474,20.696011260884266,20.711068331813337,20.76026828418411,20.81057294170973,20.810572944888534,23.823535594036255,20.75102515906212,20.791964763407655,20.791964766715815,24.171141341481935,20.733680894613254,20.75663809326801,20.756638093268116,23.045759155332142,24.123871485695076,24.46799466980515,23.42797944505493,23.989853527231404,23.989854236077136,23.989854237933883,23.989854239790624,29.405416664365692,25.239990260182523,25.948966728809,20.68490659986641,20.68490659986641,0.0,0.021785842149000836,0.0,0.0,0.044801061872809966,0.0,0.03262353402389229,0.0,0.0,0.0,0.10518545801315912,0.01012609700080843,0.0,0.27152609663067073,2.23418088720887,2.2343403200459875,2.2341808872088684,2.2341808872095323,2.234180887208871,2.1923673604253753,0.04181352678349497,2.2341808872088698,2.2341808872088698,2.2341808872088693,2.2341808872088698,0.5463897938792464,0.682310144008864,0.7178728837038981,0.682310144008864,0.0,0.5627410470865379,0.5463897938737441,0.5463897938737442,0.01635125321279369,0.5256803277253931,0.6435708005235904,0.6791544537604278,0.0,0.5419211527391065,0.5256803277154418,0.5256803277154417,0.016240825023664765,0.6435708005235904,0.7902556778312144,0.8371535497445441,0.7902556778312145,0.0,1.0877051605997305,1.0678343296853692,0.019870830914361436,1.0678343296853692,1.0678343296820065,236570.750024813,0.0,0.0,0.0,0.0,0.0,245033.0311339344,0.0,0.0,0.0,0.0,0.0,12777.49883246677,0.0,0.0,0.0,0.0,0.0,21211.77658683555,0.0,0.0,0.0,1797.263716756515,1078358.2300539091,23.838499319579014,0.0,1019370.5561632003,24.193263261453914,0.0,1101737.6105273324,23.04679940575971,0.0,1505968.297415282,29.200438413059466,0.0,0.0,0.0,0.0,0.0,5646.737916908642 
 07/21  11:30:00,32.44203519186733,1302.623318497007,-10.080334541554066,404.88792028541604,-1724.115012928184,5.719249163687712,43.93125,1464.0150008061878,-51.37074674966152,419.165864713838,-1867.4005911896818,8.358908777489056,26.358756,2488.4835497850395,0.0,21.08660778529986,-2535.2920447869524,0.6209209273751036,0.0,1980.490123348403,-66.63371278415522,12.684005339723626,0.0,66.96772533415583,0.0,0.0,0.0,0.0,0.0,0.0,0.0,0.0,0.0,0.0,0.0,0.0,0.0,0.0,23.849156920520173,24.208945818115332,23.04764727977804,29.47961815929049,29.58374999769903,29.58374999769903,29.58374999769903,29.58374999769903,29.58374999769903,29.58374999769903,29.58374999769903,29.58374999769903,20.66077579363518,20.672322532458303,20.687978921128547,20.739128902992988,20.791426393881114,20.79142639718716,23.849156927867682,20.72951929360203,20.772080672438072,20.772080675878776,24.20894582857722,20.711488885658216,20.73535693401633,20.735356934016444,23.047647282540332,24.15831468704609,24.514391791419825,23.44101834955352,24.021105336944647,24.02110608185435,24.02110608374041,24.02110608562647,29.58374999769903,25.305090602465008,26.014075131921658,20.66077579178248,20.66077579178248,0.0,0.0217733568487233,0.0,0.0,0.044773920267685015,0.0,0.03260344080724768,0.0,0.0,0.0,0.10514501906371539,0.01008022635004175,0.0,0.2713465580357488,2.2341808872088693,2.2342938131176693,2.2341808872088698,2.2341808872212234,2.234180887208869,2.192374432274248,0.04180645493462275,2.2341808872088693,2.2341808872088693,2.23418088720887,2.2341808872088698,0.5463937746910887,0.6823097216990781,0.7178724014390263,0.6823097216990781,0.0,0.5627412621795607,0.5463937746853411,0.5463937746853411,0.016347487494219583,0.5256826705320702,0.6435693364886976,0.67915450579661,0.0,0.5419197799082793,0.5256826705217973,0.5256826705217974,0.016237109386482127,0.6435693364886977,0.7902600666550363,0.8371539799732334,0.7902600666550366,0.0,1.0877133901864064,1.0678467425419567,0.019866647644449974,1.0678467425419567,1.0678467425397522,242932.75217124954,0.0,0.0,0.0,0.0,0.0,251499.51882830268,0.0,0.0,0.0,0.0,0.0,12651.964671179918,0.0,0.0,0.0,0.0,0.0,7610.403203834072,0.0,0.0,0.0,1859.853699506492,1115912.219703895,23.86424066364313,0.0,1034474.2088427079,24.23117229499602,0.0,1120445.8914732982,23.048669580646525,0.0,1521184.0942638963,29.49557659479541,0.0,0.0,0.0,0.0,0.0,5727.642646506729 
 07/21  11:40:00,32.36382244394985,1316.1885402984688,-9.213277947392271,415.4500842933048,-1748.9896603575696,5.7925992972712,43.93125,1483.9760690333278,-51.67321470458796,429.9547767303791,-1897.89837078425,8.289080090360727,26.358756,2512.9830610254285,0.0,20.8269082744196,-2559.5435206437555,0.6106599885311832,0.0,2065.8528011323774,-69.29819113038185,-9.100467655091506,0.0,65.93389326507126,0.0,0.0,0.0,0.0,0.0,0.0,0.0,0.0,0.0,0.0,0.0,0.0,0.0,0.0,23.87508442570499,24.246731503261998,23.049504262145568,29.770690676154,29.762083331032358,29.762083331032358,29.762083331032358,29.762083331032358,29.762083331032358,29.762083331032358,29.762083331032358,29.762083331032358,20.637673647542172,20.649655927532798,20.665902765505056,20.7189736768095,20.77323422167195,20.773234225102918,23.875084433251367,20.709003050572463,20.753161969828227,20.753161973399056,24.246731513786074,20.690296762608057,20.715062081299834,20.715062081299948,23.049504265004757,24.193031903036946,24.560755242728394,23.454011443619248,24.052401309455668,24.052402089847646,24.05240209176914,24.052402093690624,29.762083331032358,25.37025822920226,26.07924977447273,20.63767364561906,20.63767364561906,0.0,0.021760790798477144,0.0,0.0,0.044746754914022135,0.0,0.032583315475053096,0.0,0.0,0.0,0.10510437304778844,0.01003393440506788,0.0,0.2711654733298666,2.2341808872088698,2.234376958215534,2.2341808872088698,2.234180887203758,2.23418088720887,2.1923812531180813,0.04179963409078731,2.2341808872088698,2.2341808872088698,2.23418088720887,2.2341808872088698,0.546397533287694,0.6823090862935599,0.7178718507967704,0.6823090862935599,0.0,0.5627413542387398,0.5463975333435279,0.546397533343528,0.016343820895211848,0.5256848534725953,0.6435679390568498,0.6791546773240944,0.0,0.5419183439656898,0.5256848535709591,0.5256848535709591,0.016233490394730765,0.6435679390568498,0.7902643005744124,0.8371543590880047,0.7902643005744125,0.0,1.0877215549136527,1.0678589728215058,0.019862582092146988,1.0678589728215058,1.0678589728250212,249270.05057598278,0.0,0.0,0.0,0.0,0.0,257972.86603822745,0.0,0.0,0.0,0.0,0.0,12496.144964651758,0.0,0.0,0.0,0.0,0.0,780.3832197393865,6240.663812794145,0.0,0.0,1921.726366364539,1153035.8198187235,23.890400014869897,0.0,1049398.6833337508,24.268776566413557,0.0,1138744.221394143,23.050509795521393,0.0,1535734.4793907297,29.786232068804367,0.0,0.0,0.0,0.0,0.0,5807.665319377626 
 07/21  11:50:00,32.29161667510402,1329.4326546596467,-8.408502355057408,425.98288097148986,-1773.4380557020281,5.846725362030748,43.93125,1503.1897601429737,-51.9839786121604,440.7556095027842,-1927.6761444251906,8.217508552569456,26.358756,2536.3478673338986,0.0,20.51432508541128,-2582.607749057626,0.5987099482519004,0.0,2148.4742964874786,-71.8730854904158,-29.766369720605326,0.0,64.47028157467598,0.0,0.0,0.0,0.0,0.0,0.0,0.0,0.0,0.0,0.0,0.0,0.0,0.0,0.0,23.901342412476765,24.284209815094446,23.0513280143971,30.056106080484795,29.940416664365692,29.940416664365692,29.940416664365692,29.940416664365692,29.940416664365692,29.940416664365692,29.940416664365692,29.940416664365692,20.61567922969315,20.62808833643823,20.644913805582142,20.69986697476908,20.75605101438348,20.756051017936556,23.901342420185152,20.689542598816764,20.73526686617356,20.735266869871587,24.284209825633248,20.670174057288385,20.695818592496632,20.695818592496753,23.05132801735145,24.22803891436847,24.60680558340771,23.466950242803414,24.08365201555445,24.083652830662558,24.08365283261193,24.083652834561295,29.940416664365692,25.435347410402805,26.144344967095662,20.615679227701214,20.615679227701214,0.0,0.021748219132164417,0.0,0.0,0.04471967037455822,0.0,0.03256327639517872,0.0,0.0,0.0,0.10506354237401373,0.009987048083193409,0.0,0.2709819481825578,2.23418088720887,2.2340081164469536,2.2341808872088667,2.2341808872203854,2.234180887208872,2.1923878216816934,0.04179306552717806,2.2341808872088698,2.23418088720887,2.2341808872088698,2.2341808872088698,0.5464010839230744,0.6823083448788003,0.7178712873519926,0.6823083448788001,0.0,0.5627413343645913,0.54640108397327,0.54640108397327,0.01634025039132122,0.5256868874028282,0.6435666692532555,0.6791549863464962,0.0,0.5419168526358287,0.5256868874906637,0.5256868874906636,0.01622996514516506,0.6435666692532553,0.7902683186152728,0.8371546135103807,0.7902683186152728,0.0,1.0877296346812715,1.0678710018346114,0.019858632846660448,1.0678710018346114,1.0678710018351087,255589.72858289396,0.0,0.0,0.0,0.0,0.0,264453.3657016705,0.0,0.0,0.0,0.0,0.0,12308.595051246768,0.0,0.0,0.0,0.0,0.0,0.0,17859.821832363203,0.0,0.0,1982.6757002355544,1189605.4201413328,23.9168044678855,0.0,1064067.3976412995,24.306066110974307,0.0,1156610.536222498,23.052313796467004,0.0,1549572.5124701005,30.071194858817165,0.0,0.0,0.0,0.0,0.0,5886.683393384456 
 07/21  12:00:00,32.22563336118041,1342.2124310865913,-7.668196365066251,436.4924848937285,-1797.3802065589439,5.874055722723197,43.93125,1521.5444062423376,-52.30325602153107,451.5774446171057,-1956.6405857732907,8.114631367492184,26.358756,2558.5054109098874,0.0,20.146732285521864,-2604.4130263456805,0.5841988068613863,0.0,2228.5601179091736,-74.34653882865429,-49.10050609083601,0.0,62.85501313127964,0.0,0.0,0.0,0.0,0.0,0.0,0.0,0.0,0.0,0.0,0.0,0.0,0.0,0.0,23.92781341702659,24.32132761946945,23.053112901912854,30.334784692332857,30.11874999769903,30.11874999769903,30.11874999769903,30.11874999769903,30.11874999769903,30.11874999769903,30.11874999769903,30.11874999769903,20.594862389899163,20.607687938044577,20.62507795534699,20.6818673693407,20.739927844530524,20.73992784820296,23.92781342486548,20.671197891799345,20.718449212494924,20.718449216317286,24.321327630004,20.65118330047646,20.677685565131462,20.677685565131583,23.053112904959583,24.2632192124492,24.652487307519653,23.479824476054688,24.114794370238968,24.114795219157934,24.11479522113038,24.114795223102824,30.11874999769903,25.50032462795497,26.20932721428622,20.594862387839946,20.594862387839946,0.0,0.02173568299748902,0.0,0.0,0.04469271573210468,0.0,0.03254338144515606,0.0,0.0,0.0,0.10502253786092224,0.009939434704739736,0.0,0.27079539839695843,2.2341808872088698,2.234177613568071,2.2341808872088693,2.234180887222069,2.2341808872088684,2.1923941331661707,0.04178675404269913,2.2341808872088693,2.23418088720887,2.23418088720887,2.2341808872088698,0.5464044294124388,0.6823075447012027,0.7178707408305438,0.6823075447012028,0.0,0.5627412051205074,0.5464044293974832,0.5464044293974832,0.016336775723024177,0.5256887659161116,0.6435655218604783,0.6791554244226921,0.0,0.5419152995991566,0.5256887658897853,0.5256887658897853,0.016226533709371466,0.6435655218604783,0.7902721059739345,0.8371547219556339,0.7902721059739345,0.0,1.0877376284465066,1.0678828277265846,0.019854800719921475,1.067882827726585,1.067882827723355,261895.49093623707,0.0,0.0,0.0,0.0,0.0,270946.4667702633,0.0,0.0,0.0,0.0,0.0,12088.039371313116,0.0,0.0,0.0,0.0,0.0,0.0,29460.303654501462,0.0,0.0,2042.544777567061,1225526.8665402364,23.94336241634899,0.0,1078432.3602512458,24.342921786106537,0.0,1173988.8443240318,23.054075223712914,0.0,1562655.1700325392,30.349361323675623,0.0,0.0,0.0,0.0,0.0,5964.611674971995 
 07/21  12:10:00,32.30431596430008,1349.7740009222778,-10.038386712282772,444.1022077719249,-1808.2545427341051,6.975639288569731,43.93125,1537.1341114962322,-56.88658437832146,459.1887564071426,-1972.9879424324354,9.34012946247326,26.358756,2572.696788309383,0.0,19.61120548602399,-2609.2758886075703,5.386180222400994,0.0,2292.369530675366,-76.98498241953203,-78.74951941626932,0.0,67.14427504983117,0.0,0.0,0.0,0.0,0.0,0.0,0.0,0.0,0.0,0.0,0.0,0.0,0.0,0.0,23.947908283988234,24.349260035517286,23.054249772261567,30.40673770634808,30.261416664365694,30.261416664365694,30.261416664365694,30.261416664365694,30.261416664365694,30.261416664365694,30.261416664365694,30.261416664365694,20.60608616460425,20.61899832198378,20.636505711268008,20.693676312943612,20.75212599057067,20.75212598776458,23.947908283987708,20.682935189262764,20.7305032373256,20.73050323439904,24.349260035516753,20.662786493255293,20.689466735514355,20.68946673551448,23.05424977226069,24.28962011049961,24.686638422884563,23.489177940726233,24.137394014953067,24.137394870617857,24.137394870621552,24.13739487062524,30.261416664365694,25.53932756919789,26.24833328417152,20.60608616619981,20.60608616619981,0.0,0.02173215203218697,0.0,0.0,0.04468157093736958,0.0,0.03253934950276941,0.0,0.0,0.0,0.10499344009108079,0.009881943356203342,0.0,0.27055667704500674,2.2341808872088698,2.234029851785525,2.234180887208869,2.2341808872235998,2.234180887208871,2.192399839295854,0.04178104791301369,2.2341808872088698,2.2341808872088693,2.2341808872088698,2.2341808872088698,0.5464077849377055,0.6823122678526014,0.7178726459347553,0.6823122678526014,0.0,0.5627412014179309,0.5464077849223449,0.5464077849223449,0.01633341649558607,0.5256916557698744,0.643569698444279,0.6791572954329256,0.0,0.5419148427579302,0.5256916557430032,0.5256916557430032,0.016223187014927077,0.643569698444279,0.7902734313143899,0.837150945841189,0.79027343131439,0.0,1.0877437951199946,1.067892599855438,0.01985119526455657,1.0678925998554385,1.0678925998614512,266461.324663155,0.0,0.0,0.0,0.0,0.0,275513.2538442855,0.0,0.0,0.0,0.0,0.0,11766.723291614397,0.0,0.0,0.0,0.0,0.0,0.0,47249.71164976144,0.0,0.0,2065.579592082635,1239347.7552495808,23.974928606421305,0.0,1084952.880804709,24.385245798587,0.0,1183793.1589200904,23.070275949006486,0.0,1565564.9228851756,30.64519285555718,0.0,0.0,0.0,0.0,0.0,5998.487843955092 
 07/21  12:20:00,32.389122145566446,1360.204763554427,-8.80381257133513,451.9847268868041,-1830.3098799891125,6.351895212667827,43.93125,1552.6623996093551,-56.65479998363344,467.1436464339199,-1999.7305147339875,8.473532225028066,26.358756,2586.9001876447896,0.0,19.26614654520786,-2632.931507833071,3.0987209666836155,0.0,2358.957218013341,-79.41973343692635,-105.53870682774959,0.0,63.75302509207064,0.0,0.0,0.0,0.0,0.0,0.0,0.0,0.0,0.0,0.0,0.0,0.0,0.0,0.0,23.974930934108844,24.385248035692193,23.070280482859882,30.64519285555718,30.404083331032357,30.404083331032357,30.404083331032357,30.404083331032357,30.404083331032357,30.404083331032357,30.404083331032357,30.404083331032357,20.591572053993975,20.60483437462354,20.62281650678231,20.68153167444927,20.74155998846027,20.741559992007172,23.97493093410832,20.670500302775764,20.719353093170188,20.71935309686173,24.38524803569166,20.649808098632164,20.677209851523713,20.67720985152384,23.070280482859,24.323376112688003,24.729202381723606,23.513290837369226,24.171149422443342,24.171150306062373,24.17115030606412,24.17115030606587,30.404083331032357,25.598004448613853,26.307010075842953,20.5915720520057,20.5915720520057,0.0,0.021719859753943884,0.0,0.0,0.04465633872740324,0.0,0.03251923524899749,0.0,0.0,0.0,0.10495774711846673,0.009850435211905359,0.0,0.2704257980478517,2.2341808872088693,2.234043820353901,2.2341808872088724,2.2341808872163083,2.2341808872088684,2.192399531835871,0.041781355372996896,2.2341808872088698,2.2341808872088698,2.23418088720887,2.2341808872088698,0.5464073304782118,0.6823109120870271,0.7178727589874173,0.6823109120870268,0.0,0.5627402038825987,0.5464073304625353,0.5464073304625352,0.016332873420063544,0.5256898193020543,0.6435685133652459,0.679158692431249,0.0,0.5419124956747311,0.5256898192747443,0.5256898192747443,0.016222676399986837,0.6435685133652459,0.7902716686905567,0.8371494357902032,0.7902716686905568,0.0,1.087746832278543,1.0678960355759608,0.01985079670258184,1.067896035575961,1.067896035587623,271190.8361320824,0.0,0.0,0.0,0.0,0.0,280286.1878603518,0.0,0.0,0.0,0.0,0.0,11559.68792712472,0.0,0.0,0.0,0.0,0.0,0.0,63323.2240966497,0.0,0.0,2114.3000488049956,1268580.0292829974,24.003675009484628,0.0,1098186.2874068222,24.423647856377226,0.0,1199838.8256352071,23.07959667489237,0.0,1579759.5570579695,30.926342911527772,0.0,0.0,0.0,0.0,0.0,6064.790314657482 
 07/21  12:30:00,32.479808158932855,1370.156696610653,-7.707065676194816,459.87995909135816,-1848.3148379296738,6.3156372141479995,43.93125,1567.0764736826081,-56.31200328428622,475.224164926987,-2021.8235367106392,8.109199517566047,26.358756,2602.154110499593,0.0,18.92413715600224,-2645.558857662823,2.0162711315561253,0.0,2428.4555683625767,-81.6185041057148,-126.34409955450883,0.0,56.707094394209406,0.0,0.0,0.0,0.0,0.0,0.0,0.0,0.0,0.0,0.0,0.0,0.0,0.0,0.0,24.00367733642965,24.423650092688685,23.07960120687977,30.926342911527772,30.546749997699024,30.546749997699024,30.546749997699024,30.546749997699024,30.546749997699024,30.546749997699024,30.546749997699024,30.546749997699024,20.583531689305126,20.597197655852064,20.615726996309228,20.676221414586816,20.73806795390962,20.738067955884727,24.003677336429128,20.664855652107846,20.715188131642567,20.715188133696685,24.42365009268815,20.643537563602546,20.671770547848727,20.671770547848855,23.07960120687889,24.358965107881893,24.77424901451752,23.531277029189443,24.20415226062749,24.204153178134863,24.20415317813679,24.204153178138718,30.546749997699024,25.6561133708111,26.365119102233137,20.583531688203678,20.583531688203678,0.0,0.021706757436383426,0.0,0.0,0.044629962400692134,0.0,0.03249780235133581,0.0,0.0,0.0,0.10492220766556738,0.00982189413935327,0.0,0.27031407106468114,2.2341808872088698,2.2343837483394933,2.2341808872088698,2.2341808872152895,2.234180887208869,2.1924037065211737,0.04177718068769595,2.2341808872088698,2.23418088720887,2.2341808872088698,2.2341808872088698,0.5464095332186614,0.682308266579041,0.7178718439537284,0.6823082665790409,0.0,0.5627401112490843,0.5464095332185415,0.5464095332185416,0.01633057803054268,0.5256905904540066,0.6435660653874439,0.6791591684389847,0.0,0.5419110127059955,0.5256905904539504,0.5256905904539505,0.01622042225204498,0.6435660653874438,0.7902729567998986,0.8371498748161569,0.7902729567998985,0.0,1.0877525825660945,1.0679043247566864,0.01984825780940782,1.0679043247566866,1.0679043247539026,275927.9754548148,0.0,0.0,0.0,0.0,0.0,285134.4989561921,0.0,0.0,0.0,0.0,0.0,11354.48229360134,0.0,0.0,0.0,0.0,0.0,0.0,75806.4597327054,0.0,0.0,2168.4621834550085,1301077.310073005,24.032260072005855,0.0,1108989.1033326504,24.46040329835637,0.0,1213094.397516283,23.085661595478605,0.0,1587336.1609721156,31.176626362200693,0.0,0.0,0.0,0.0,0.0,6124.177725685338 
 07/21  12:40:00,32.576145087350206,1380.0678968917682,-6.997735111158818,467.8773448392792,-1867.8713738456725,5.946249281351952,43.93125,1580.9997505664257,-56.281116662667955,483.48830156513236,-2044.9218391604518,7.554653794128961,26.358756,2617.2893079313053,0.0,18.531395613437255,-2660.89056798228,1.4213104851205716,0.0,2500.5908118770185,-83.65954578409537,-144.52655103400957,0.0,53.61236873813643,0.0,0.0,0.0,0.0,0.0,0.0,0.0,0.0,0.0,0.0,0.0,0.0,0.0,0.0,24.03226239828821,24.460405533959733,23.085666125808782,31.176626362200697,30.689416664365694,30.689416664365694,30.689416664365694,30.689416664365694,30.689416664365694,30.689416664365694,30.689416664365694,30.689416664365694,20.57147575675387,20.585507560669406,20.604532858047737,20.66664001856527,20.730134640814573,20.730134643764828,24.03226239828768,20.654971166312503,20.706644878603,20.706644881672965,24.460405533959193,20.63308569698844,20.662072064530967,20.662072064531095,23.08566612580791,24.394259663409628,24.817597943903,23.546064899928602,24.235215274186885,24.235216221632665,24.235216221634783,24.235216221636904,30.689416664365694,25.712726614514757,26.42173241396347,20.571475755102334,20.571475755102334,0.0,0.021694472953818083,0.0,0.0,0.04460500122117856,0.0,0.032478008017639184,0.0,0.0,0.0,0.10488729718223844,0.0097885684816325,0.0,0.2701859856567522,2.2341808872088698,2.234370942511919,2.2341808872088724,2.2341808872154747,2.2341808872088698,2.192406851666738,0.04177403554212967,2.2341808872088698,2.23418088720887,2.2341808872088693,2.2341808872088698,0.5464108131319354,0.6823055865949876,0.7178707757170762,0.6823055865949879,0.0,0.5627394643149274,0.5464108131318423,0.5464108131318423,0.01632865118308518,0.5256906083933147,0.6435638615293898,0.6791595943466031,0.0,0.5419091382518108,0.525690608393198,0.5256906083931981,0.01621852985861268,0.6435638615293899,0.7902751144470846,0.8371505171451903,0.7902751144470848,0.0,1.087758249100002,1.067912078583407,0.019846170516594805,1.0679120785834069,1.0679120785772018,280726.40690356755,0.0,0.0,0.0,0.0,0.0,290092.98093907937,0.0,0.0,0.0,0.0,0.0,11118.83736806235,0.0,0.0,0.0,0.0,0.0,0.0,86715.93062040539,0.0,0.0,2218.963635005186,1331378.1810031116,24.059175695501082,0.0,1120723.413200862,24.49464917060129,0.0,1226953.7778460234,23.089936943448894,0.0,1596535.8697661904,31.413435008506635,0.0,0.0,0.0,0.0,0.0,6186.339684482108 
 07/21  12:50:00,32.67792106260964,1389.9802023853447,-6.409208991760806,475.9672463628601,-1886.7505987724655,5.615913749712933,43.93125,1594.3968036369006,-56.32348935147047,491.906105066849,-2067.02193324762,7.089304813968457,26.358756,2631.9487270470836,0.0,18.089265901133935,-2675.369389759906,1.0968339116297625,0.0,2566.9064412677485,-85.62085541560919,-161.47638090630062,0.0,52.14331766328106,0.0,0.0,0.0,0.0,0.0,0.0,0.0,0.0,0.0,0.0,0.0,0.0,0.0,0.0,24.05917802087232,24.494651405260853,23.089941471651937,31.413435008506635,30.83208333103236,30.83208333103236,30.83208333103236,30.83208333103236,30.83208333103236,30.83208333103236,30.83208333103236,30.83208333103236,20.559340279161145,20.57371991292614,20.59321674382919,20.65685701867806,20.72191827251512,20.72191827548478,24.0591780208718,20.64490003572808,20.697848689022987,20.697848692113165,24.49465140526031,20.622475221171143,20.652177769906793,20.652177769906928,23.089941471651066,24.42791198387707,24.8585160065589,23.559109915674945,24.264307432627568,24.26430840844143,24.264308408443735,24.264308408446034,30.83208333103236,25.767820536711028,26.476826595377943,20.559340277498713,20.559340277498713,0.0,0.02168283576940735,0.0,0.0,0.04458114778929973,0.0,0.03245946718941886,0.0,0.0,0.0,0.10485275301086794,0.009753123239682655,0.0,0.27004910758847495,2.2341808872088698,2.2343243558319323,2.234180887208869,2.2341808872102824,2.234180887208871,2.192410776461193,0.04177011074767483,2.2341808872088698,2.2341808872088698,2.2341808872088698,2.2341808872088698,0.546412574672616,0.6823033266434292,0.7178698280408965,0.6823033266434292,0.0,0.5627389524619639,0.5464125746725053,0.5464125746725051,0.01632637778945876,0.5256912152928372,0.6435621670783997,0.6791601344784788,0.0,0.5419075039255589,0.5256912152927822,0.5256912152927822,0.016216288632776663,0.6435621670783997,0.7902774450652492,0.8371509246894947,0.7902774450652493,0.0,1.0877643200736722,1.067920639004053,0.01984368106961927,1.067920639004053,1.0679206390112157,285580.3478177162,0.0,0.0,0.0,0.0,0.0,295143.6630401093,0.0,0.0,0.0,0.0,0.0,10853.559540680368,0.0,0.0,0.0,0.0,0.0,0.0,96885.82854378014,0.0,0.0,2267.8008654239125,1360680.5192543475,24.084598235629848,0.0,1132051.024021798,24.526789049991795,0.0,1240213.9281060924,23.093236292533835,0.0,1605223.1874612314,31.64392910062157,0.0,0.0,0.0,0.0,0.0,6247.367608386882 
 07/21  13:00:00,32.7849419835331,1399.7062017421702,-5.8839508976757315,484.0954375986014,-1905.2473880871758,5.467514208250435,43.93125,1607.0836119152527,-56.375049336480515,500.42209850784593,-2088.369916618595,6.787000135589146,26.358756,2646.1296074331863,0.0,17.607442637924976,-2689.210864799836,0.9213545321040797,0.0,2628.698802107774,-87.47149137200148,-176.59388553596364,0.0,49.975831943999765,0.0,0.0,0.0,0.0,0.0,0.0,0.0,0.0,0.0,0.0,0.0,0.0,0.0,0.0,24.084600560081192,24.526791283700906,23.09324081860163,31.64392910062157,30.974749997699025,30.974749997699025,30.974749997699025,30.974749997699025,30.974749997699025,30.974749997699025,30.974749997699025,30.974749997699025,20.547315307388487,20.5620341482088,20.581990819486006,20.647126077074063,20.713714965719547,20.713714968662472,24.08460056008067,20.63488812751261,20.68907998400189,20.68907998706421,24.526791283700373,20.611937390757035,20.642338306192197,20.642338306192336,23.093240818600755,24.460122400811905,24.897417909295463,23.57120914865297,24.29194810581717,24.291949109335402,24.29194910933783,24.291949109340255,30.974749997699025,25.821795000111667,26.53080134323551,20.547315305741193,20.547315305741193,0.0,0.021671489866483266,0.0,0.0,0.04455781402667168,0.0,0.032441491982121484,0.0,0.0,0.0,0.10481825698695184,0.00971656836166167,0.0,0.2699080867685504,2.2341808872088698,2.2342896341985874,2.2341808872088693,2.234180887185124,2.2341808872088715,2.1924147434150574,0.04176614379381271,2.2341808872088698,2.2341808872088698,2.2341808872088693,2.2341808872088698,0.5464143548924814,0.6823014075270313,0.7178689907410893,0.6823014075270314,0.0,0.5627384276458032,0.5464143548924367,0.5464143548924366,0.01632407275336655,0.5256919077259313,0.6435609314762817,0.6791608316882729,0.0,0.5419059212740227,0.5256919077258837,0.5256919077258835,0.016214013548139266,0.6435609314762818,0.7902797183453084,0.8371510647795076,0.7902797183453085,0.0,1.087770394495231,1.0679292342125637,0.019841160282667372,1.067929234212564,1.0679292342145672,290457.26255916076,0.0,0.0,0.0,0.0,0.0,300253.25910470745,0.0,0.0,0.0,0.0,0.0,10564.465582754987,0.0,0.0,0.0,0.0,0.0,0.0,105956.33132157824,0.0,0.0,2315.921198131725,1389552.718879035,24.10935105176872,0.0,1143148.8031014348,24.557561591406063,0.0,1253022.420235865,23.096007814165,0.0,1613527.5089380345,31.865002304094588,0.0,0.0,0.0,0.0,0.0,6307.426320423043 
 07/21  13:10:00,33.02631169768638,1404.9313327117438,-4.983560412885254,489.0689362069004,-1919.5129745769966,3.837458054338812,43.93125,1619.9127931128048,-56.25529247503255,505.16684942104825,-2107.473282623499,5.910124817073436,26.358756,2659.510462047449,0.0,17.381091528556986,-2702.459059723193,0.817063696157749,0.0,2689.57664943547,-89.36738272388004,-199.13199858571625,0.0,46.49770881160597,0.0,0.0,0.0,0.0,0.0,0.0,0.0,0.0,0.0,0.0,0.0,0.0,0.0,0.0,24.109353375304597,24.557563824171844,23.096012338115965,31.865002304094588,31.063916664365692,31.063916664365692,31.063916664365692,31.063916664365692,31.063916664365692,31.063916664365692,31.063916664365692,31.063916664365692,20.53559720559475,20.550641966648428,20.571040472733294,20.637612022078894,20.70566864636692,20.70566864923543,24.10935337530407,20.625104127317158,20.68049043502295,20.680490438007734,24.5575638241713,20.6016481785318,20.632720116403316,20.63272011640346,23.096012338115088,24.489010554280355,24.93218618613393,23.57977932797766,24.315915929313125,24.315916959750812,24.315916959753825,24.31591695975684,31.063916664365692,25.860692297451344,26.569698806115852,20.535597203989497,20.535597203989497,0.0,0.02166127824508304,0.0,0.0,0.04453834171058571,0.0,0.03242466554432893,0.0,0.0,0.0,0.10479513551154208,0.00970257353821537,0.0,0.26986400667709504,2.2341808872088693,2.234262875003389,2.2341808872088698,2.2341808872159157,2.234180887208871,2.192417582172798,0.04176330503606965,2.23418088720887,2.2341808872088698,2.2341808872088698,2.2341808872088698,0.5464154171945848,0.682297290849826,0.7178669884957504,0.6822972908498259,0.0,0.5627380611221525,0.5464154171944247,0.5464154171944247,0.016322643927727913,0.525692023233849,0.6435576002279498,0.6791603340854667,0.0,0.541904635909504,0.5256920232337051,0.5256920232337051,0.016212612675798852,0.6435576002279498,0.7902830568347791,0.8371535646276526,0.7902830568347791,0.0,1.0877748851411437,1.0679353706972667,0.01983951444387645,1.0679353706972672,1.0679353706938959,293441.36172414024,0.0,0.0,0.0,0.0,0.0,303100.10965262906,0.0,0.0,0.0,0.0,0.0,10428.654917134194,0.0,0.0,0.0,0.0,0.0,0.0,119479.19915142978,0.0,0.0,2356.7105657060274,1414026.3394236164,24.126725209346457,0.0,1151708.531960382,24.58436075811328,0.0,1264484.822708427,23.098465639785864,0.0,1621476.9915720026,32.07082849613569,0.0,0.0,0.0,0.0,0.0,6352.410573619918 
 07/21  13:20:00,33.27004671459393,1415.6354344253195,-4.2596129238127105,494.00881295895783,-1934.129669885721,3.9149450180546483,43.93125,1632.7692993052972,-56.18655849438801,510.0952892451228,-2125.3897457418325,5.372575996088086,26.358756,2672.8693438933196,0.0,17.122959951811694,-2715.637570174901,0.7397238942945007,0.0,2748.3273835901155,-91.11470062315593,-219.15100058569897,0.0,43.5347490359628,0.0,0.0,0.0,0.0,0.0,0.0,0.0,0.0,0.0,0.0,0.0,0.0,0.0,0.0,24.12672753195537,24.584362989927442,23.098470161615328,32.07082849613569,31.153083331032363,31.153083331032363,31.153083331032363,31.153083331032363,31.153083331032363,31.153083331032363,31.153083331032363,31.153083331032363,20.523844328032585,20.539193972751868,20.560005791246834,20.627920798365228,20.697350256418428,20.697350259295458,24.12672753195485,20.615160438846793,20.67166400174809,20.671664004741753,24.584362989926905,20.591231927706275,20.622931537308048,20.622931537308194,23.098470161614454,24.510840482614142,24.96313220205258,23.587987491001545,24.336266342613417,24.336267398382894,24.336267398386294,24.336267398389687,31.153083331032363,25.896799521930976,26.605806364416924,20.523844326422562,20.523844326422562,0.0,0.02165224064383384,0.0,0.0,0.044520250312692994,0.0,0.032409393082250056,0.0,0.0,0.0,0.10477232863500432,0.009686811372053511,0.0,0.2698098456275177,2.2341808872088698,2.234246817843748,2.234180887208871,2.2341808872148037,2.2341808872088698,2.1924205006439887,0.04176038656487817,2.2341808872088698,2.2341808872088693,2.23418088720887,2.2341808872088698,0.5464169155952786,0.6822954153167252,0.7178661790038414,0.6822954153167252,0.0,0.5627380514364869,0.5464169155951952,0.5464169155951952,0.016321135841291634,0.5256922874591962,0.6435549042157437,0.679159863021847,0.0,0.5419034298765737,0.5256922874590978,0.5256922874590978,0.01621114241747579,0.6435549042157437,0.7902853795639558,0.8371548451831813,0.790285379563956,0.0,1.0877790193309314,1.0679412098804475,0.019837809450483614,1.0679412098804477,1.067941209878929,296405.2877753746,0.0,0.0,0.0,0.0,0.0,306057.1735470737,0.0,0.0,0.0,0.0,0.0,10273.775971087021,0.0,0.0,0.0,0.0,0.0,0.0,131490.6003514192,0.0,0.0,2395.797494596467,1437478.4967578803,24.144451249539156,0.0,1160478.8936765173,24.608724432955114,0.0,1275235.0597554257,23.10069083508095,0.0,1629384.6086112396,32.26366065737255,0.0,0.0,0.0,0.0,0.0,6395.439032825552 
 07/21  13:30:00,33.515534672704995,1425.7989772832902,-3.8083122345760785,498.8359974929126,-1949.8474244688598,4.243949232576241,43.93125,1645.181635212305,-56.13250553632815,515.1028028481585,-2142.9645982446987,5.134738999306551,26.358756,2686.5101033729484,0.0,16.83733804187265,-2729.045370632549,0.6805827420465627,0.0,2802.9045659460367,-92.73392629612263,-237.04237341570115,0.0,41.03464365781886,0.0,0.0,0.0,0.0,0.0,0.0,0.0,0.0,0.0,0.0,0.0,0.0,0.0,0.0,24.144453571180875,24.60872666378323,23.10069535472952,32.26366065737255,31.24224999769903,31.24224999769903,31.24224999769903,31.24224999769903,31.24224999769903,31.24224999769903,31.24224999769903,31.24224999769903,20.51181787862825,20.52745479883118,20.548656055619748,20.61783686297018,20.688559770042325,20.688559772985865,24.144453571180353,20.604838615133435,20.662394808938682,20.662394812001626,24.60872666378269,20.580464870284352,20.612755857290043,20.612755857290193,23.100695354728636,24.532943615947758,24.9917183429925,23.595919829842334,24.355828669007806,24.35582974844266,24.35582974844613,24.35582974844962,31.24224999769903,25.932297762978386,26.641305093630997,20.511817876980746,20.511817876980746,0.0,0.02164354262480933,0.0,0.0,0.04450299060123102,0.0,0.03239505368044768,0.0,0.0,0.0,0.10474973896572233,0.009669446195849288,0.0,0.2697481841725573,2.2341808872088693,2.2342340782685395,2.2341808872088693,2.234180887197573,2.2341808872088693,2.1924234873748363,0.0417573998340352,2.2341808872088698,2.2341808872088698,2.23418088720887,2.2341808872088698,0.5464183597551694,0.6822934243276868,0.7178652393127055,0.6822934243276866,0.0,0.5627379378447085,0.5464183597551526,0.5464183597551526,0.016319578089555937,0.5256927706034502,0.6435529678566949,0.6791597971228401,0.0,0.5419023839056321,0.52569277060333,0.5256927706033301,0.01620961330230213,0.6435529678566948,0.790287532767288,0.8371558507733237,0.790287532767288,0.0,1.0877831656244938,1.0679471129552045,0.019836052669289467,1.0679471129552045,1.0679471129440683,299301.59849574754,0.0,0.0,0.0,0.0,0.0,309061.6817088949,0.0,0.0,0.0,0.0,0.0,10102.402825123589,0.0,0.0,0.0,0.0,0.0,0.0,142225.42404942043,0.0,0.0,2433.154371717329,1459892.6230303973,24.163668195686437,0.0,1169909.6875373423,24.632011383653875,0.0,1285780.1292051715,23.102738139838728,0.0,1637429.4673678894,32.44552714282393,0.0,0.0,0.0,0.0,0.0,6438.213349654073 
 07/21  13:40:00,33.76219548981101,1435.886639094163,-3.4535440539120827,503.67167759807467,-1965.8169057263017,4.196629094837697,43.93125,1657.0931665154817,-56.05259209299447,520.1837278816747,-2160.34404132151,4.913603910627308,26.358756,2700.6836899799864,0.0,16.52593635116672,-2742.949520658133,0.634080715952583,0.0,2853.0313660899365,-94.2214223114496,-252.7064496213552,0.0,38.4223165906308,0.0,0.0,0.0,0.0,0.0,0.0,0.0,0.0,0.0,0.0,0.0,0.0,0.0,0.0,24.163670516298613,24.63201361343963,23.102742657201404,32.44552714282393,31.331416664365694,31.331416664365694,31.331416664365694,31.331416664365694,31.331416664365694,31.331416664365694,31.331416664365694,31.331416664365694,20.499292585962635,20.515202294020238,20.536773345453398,20.607156063798495,20.679107106896353,20.679107109961084,24.163670516298087,20.593931916661315,20.652487568963465,20.652487572152644,24.632013613439092,20.569135418380533,20.60198791598922,20.60198791598937,23.102742657200533,24.556408082298233,25.019236821202348,23.603636734778856,24.3753734436217,24.375374545227018,24.37537454523051,24.37537454523399,31.331416664365694,25.967782151574767,26.676790029797772,20.499292584246792,20.499292584246792,0.0,0.02163502231524052,0.0,0.0,0.044486297257676624,0.0,0.032381360561005455,0.0,0.0,0.0,0.1047273086805058,0.009650715840599481,0.0,0.26968047923076915,2.23418088720887,2.2338163877946142,2.234180887208869,2.2341808872000217,2.2341808872088738,2.192426572704378,0.041754314504492344,2.2341808872088698,2.2341808872088698,2.2341808872088693,2.2341808872088698,0.5464197294403851,0.6822910219947009,0.7178640443440119,0.682291021994701,0.0,0.5627376941090173,0.5464197294408965,0.5464197294408966,0.016317964668120785,0.5256934287614113,0.6435514800569087,0.679160018356719,0.0,0.5419014490277112,0.5256934287621795,0.5256934287621794,0.016208020265531885,0.6435514800569084,0.7902897153349934,0.8371568245081389,0.7902897153349936,0.0,1.0877874295676486,1.0679531976323948,0.01983423193525411,1.0679531976323948,1.0679531976455743,302203.0065588448,0.0,0.0,0.0,0.0,0.0,312110.2367290049,0.0,0.0,0.0,0.0,0.0,9915.561810700032,0.0,0.0,0.0,0.0,0.0,0.0,151623.86977281337,0.0,0.0,2468.9941030577243,1481396.4618346347,24.182672089681354,0.0,1179491.41933756,24.654297118426648,0.0,1296207.8480915523,23.104645571480145,0.0,1645772.0001847497,32.615910700107875,0.0,0.0,0.0,0.0,0.0,6481.378331523337 
 07/21  13:50:00,34.009484718461486,1446.2815089582118,-3.1389893404802933,508.55626250622095,-1981.8142552246707,4.021569598127121,43.93125,1668.642857505119,-55.95647913631683,525.3568300251961,-2177.489930782058,4.63776660911331,26.358756,2715.596226752612,0.0,16.186308622378085,-2757.5622928657504,0.5934403556301439,0.0,2898.9111593911216,-95.56580648354125,-265.9331408252783,0.0,35.56837222179603,0.0,0.0,0.0,0.0,0.0,0.0,0.0,0.0,0.0,0.0,0.0,0.0,0.0,0.0,24.18267440917941,24.654299347091815,23.104650086407784,32.615910700107875,31.420583331032354,31.420583331032354,31.420583331032354,31.420583331032354,31.420583331032354,31.420583331032354,31.420583331032354,31.420583331032354,20.486095618307942,20.50226311165924,20.524183615701695,20.595702083887296,20.668813625991525,20.668813629219397,24.182674409178883,20.582264468159295,20.6417645309909,20.641764534350038,24.654299347091275,20.5570684875802,20.59045157366371,20.590451573663863,23.104650086406906,24.57961756578248,25.045756245099366,23.611171540534304,24.394414425610883,24.394415547887437,24.394415547890976,24.394415547894514,31.420583331032354,26.002878435453418,26.711886872718654,20.48609561650009,20.48609561650009,0.0,0.021626866327321605,0.0,0.0,0.04447025085551856,0.0,0.0323684116830997,0.0,0.0,0.0,0.10470504312584186,0.009630603032179651,0.0,0.2696062167338775,2.23418088720887,2.233897966269754,2.2341808872088724,2.2341808871782685,2.2341808872088693,2.1924297971889657,0.041751090019901696,2.23418088720887,2.2341808872088698,2.2341808872088698,2.2341808872088698,0.5464211713508039,0.6822887592067352,0.717862923183586,0.6822887592067352,0.0,0.5627374447019673,0.546421171351449,0.546421171351449,0.0163162733505182,0.5256942466861162,0.6435502983107452,0.6791603851230054,0.0,0.5419005933725147,0.5256942466869348,0.5256942466869348,0.016206346685579888,0.6435502983107451,0.7902917438594108,0.8371575789022782,0.7902917438594106,0.0,1.0877917591144863,1.0679594319395254,0.019832327174961025,1.0679594319395254,1.0679594319460817,305133.75750373246,0.0,0.0,0.0,0.0,0.0,315214.09801511763,0.0,0.0,0.0,0.0,0.0,9711.785173426852,0.0,0.0,0.0,0.0,0.0,0.0,159559.884495167,0.0,0.0,2503.3253108979625,1501995.1865387775,24.200884367365806,0.0,1189089.8668444494,24.67533327725551,0.0,1306495.4226039194,23.106430760511934,0.0,1654539.7272344083,32.77371988331633,0.0,0.0,0.0,0.0,0.0,6524.8696227034925 
 07/21  14:00:00,34.25689795862989,1457.0162083069313,-2.887995082894122,513.4761433936728,-1998.0252549532984,3.887071568076864,43.93125,1679.916242134939,-55.855043089756236,530.6287832809646,-2194.4311498562,4.341794795315092,26.358756,2731.4071846329243,0.0,15.81571863861933,-2773.0424073115687,0.5542241425577703,0.0,2940.0523620695167,-96.75327018640081,-276.4749457695352,0.0,32.42935787156828,0.0,0.0,0.0,0.0,0.0,0.0,0.0,0.0,0.0,0.0,0.0,0.0,0.0,0.0,24.200886685646633,24.675335504704123,23.10643527282006,32.77371988331633,31.509749997699025,31.509749997699025,31.509749997699025,31.509749997699025,31.509749997699025,31.509749997699025,31.509749997699025,31.509749997699025,20.472095215878323,20.488504113571043,20.510751859236915,20.583333849588264,20.65753205234299,20.65753205576598,24.20088668564611,20.56969633902959,20.630080720631884,20.630080724194283,24.675335504703593,20.544126278914597,20.57800619725475,20.578006197254904,23.10643527281919,24.602018806593343,25.07103673594457,23.61853584462686,24.41270129611875,24.41270243745237,24.41270243745599,24.412702437459608,31.509749997699025,26.037393446867082,26.74640245688676,20.472095213960404,20.472095213960404,0.0,0.021619161909361917,0.0,0.0,0.0444549458248831,0.0,0.03235631418464545,0.0,0.0,0.0,0.10468295537505196,0.009609001693497422,0.0,0.26952470796289074,2.2341808872088698,2.233966963367623,2.234180887208872,2.2341808872045466,2.2341808872088693,2.192433195783136,0.04174769142573355,2.23418088720887,2.2341808872088698,2.23418088720887,2.2341808872088698,0.5464227428893795,0.6822868183084194,0.7178619779923211,0.6822868183084195,0.0,0.5627372292984095,0.5464227428898961,0.546422742889896,0.016314486408513403,0.5256952529735589,0.6435494573461188,0.6791608945624165,0.0,0.5418998288448208,0.5256952529743064,0.5256952529743064,0.016204575870514416,0.643549457346119,0.7902935256061195,0.8371580146541323,0.7902935256061193,0.0,1.0877961376399061,1.0679658175793478,0.019830320060558307,1.0679658175793476,1.0679658175809805,308085.6860362037,0.0,0.0,0.0,0.0,0.0,318377.26996857894,0.0,0.0,0.0,0.0,0.0,9489.431183171599,0.0,0.0,0.0,0.0,0.0,0.0,165884.9674617213,0.0,0.0,2536.0379430990874,1521622.7658594525,24.218488595459544,0.0,1198816.5446680756,24.695028261129686,0.0,1316660.233967113,23.108097988919436,0.0,1663827.9383508612,32.91766966126761,0.0,0.0,0.0,0.0,0.0,6568.687995329959 
 07/21  14:10:00,34.58495312157713,1461.048074095288,-1.9843606481886127,513.156583706748,-2007.8303858928418,1.1801443660956918,43.93125,1692.407246109279,-55.473027897118754,529.602369581743,-2208.4999487510136,2.989717728418153,26.358756,2747.3635793200797,0.0,15.992481569607548,-2789.212391444812,0.513577288769469,0.0,2982.6920396813916,-98.16236878158549,-301.1064402191423,0.0,28.66559496602629,0.0,0.0,0.0,0.0,0.0,0.0,0.0,0.0,0.0,0.0,0.0,0.0,0.0,0.0,24.218490912414133,24.695030487260897,23.10810249840583,32.91766966126761,31.509749997699025,31.509749997699025,31.509749997699025,31.509749997699025,31.509749997699025,31.509749997699025,31.509749997699025,31.509749997699025,20.457447160778745,20.474079044817437,20.496629078272562,20.57019335094373,20.645395361340565,20.645395364920848,24.21849091241361,20.55637119641349,20.61757245755987,20.617572461286134,24.69503048726036,20.53045574628645,20.564794679161132,20.564794679161288,23.10810249840496,24.619370260405375,25.090318443287075,23.62074368229153,24.425569060692148,24.425570219930297,24.425570219934908,24.42557021993952,31.509749997699025,26.047322626025302,26.756332290360238,20.457447158772105,20.457447158772105,0.0,0.021613513813573192,0.0,0.0,0.04444625031602018,0.0,0.03234637946484311,0.0,0.0,0.0,0.10468047392232542,0.009625707233597729,0.0,0.2696053561084421,2.23418088720887,2.234029928048694,2.2341808872088733,2.234180887203769,2.234180887208869,2.1924348990170532,0.04174598819181514,2.2341808872088698,2.2341808872088698,2.2341808872088693,2.2341808872088698,0.5464233032274882,0.6822811296247318,0.7178590473207738,0.6822811296247319,0.0,0.5627373901399514,0.5464233032280682,0.5464233032280682,0.016314086911883265,0.5256954544304037,0.6435448439963211,0.6791592294336944,0.0,0.5418996447962001,0.5256954544311537,0.5256954544311537,0.01620419036504634,0.6435448439963211,0.7902972305729699,0.8371626104544017,0.7902972305729697,0.0,1.0877978640809032,1.0679681782076205,0.01982968587328253,1.0679681782076207,1.0679681782101829,307893.95022404875,0.0,0.0,0.0,0.0,0.0,317761.4217490457,0.0,0.0,0.0,0.0,0.0,9595.48894176453,0.0,0.0,0.0,0.0,0.0,0.0,180663.86413148502,0.0,0.0,2556.831476615822,1534098.885969493,24.223833470447342,0.0,1204701.651469448,24.708590658093332,0.0,1325103.626767065,23.109642951373093,0.0,1673533.221438423,33.04496552312014,0.0,0.0,0.0,0.0,0.0,6588.887491730447 
 07/21  14:20:00,34.90901497343399,1475.505028233029,-1.3447862006692048,512.7243892582387,-2019.1072502488526,1.504529387074725,43.93125,1705.6908532554626,-55.119326156667285,528.8410635016505,-2221.2962068736247,2.2246236130086334,26.358756,2764.3267544148384,0.0,16.14058148006449,-2806.369805003759,0.4667207121865414,0.0,3022.7513266764095,-99.42002980354718,-323.06168871487625,0.0,25.530551145938325,0.0,0.0,0.0,0.0,0.0,0.0,0.0,0.0,0.0,0.0,0.0,0.0,0.0,0.0,24.223835785958357,24.708592882796356,23.109647457822692,33.04496552312014,31.509749997699025,31.509749997699025,31.509749997699025,31.509749997699025,31.509749997699025,31.509749997699025,31.509749997699025,31.509749997699025,20.441893187633333,20.458726065732364,20.48154856737747,20.555998115841838,20.63210476052951,20.63210476432979,24.223835785957835,20.542009607834373,20.603947103262975,20.603947107218428,24.70859288279583,20.515782879740605,20.55053554641946,20.550535546419617,23.109647457821815,24.625032554950078,25.103730713514544,23.622762094390076,24.432776351111304,24.432777526754634,24.43277752675991,24.432777526765193,31.509749997699025,26.052887373771465,26.76189860472144,20.44189318550258,20.44189318550258,0.0,0.021609603337907953,0.0,0.0,0.044439473715706945,0.0,0.032338589803739416,0.0,0.0,0.0,0.10467843549383536,0.009640531100018914,0.0,0.26967388276206883,2.2341808872088698,2.234059383675664,2.234180887208868,2.2341808872224185,2.2341808872088693,2.1924369600137115,0.041743927195159625,2.2341808872088698,2.2341808872088698,2.2341808872088698,2.2341808872088698,0.546424776971597,0.6822791675233102,0.7178580857291459,0.6822791675233102,0.0,0.5627382548374743,0.5464247769721822,0.5464247769721821,0.016313477865292098,0.5256960389614523,0.6435411825431192,0.6791575475793695,0.0,0.5418996527145802,0.5256960389622336,0.5256960389622337,0.01620361375234659,0.6435411825431193,0.7902992942212896,0.837165253900354,0.7902992942212899,0.0,1.0877990524616556,1.0679701966125623,0.019828855849093517,1.067970196612562,1.0679701966126252,307634.63355494326,0.0,0.0,0.0,0.0,0.0,317304.6381009903,0.0,0.0,0.0,0.0,0.0,9684.348888038692,0.0,0.0,0.0,0.0,0.0,0.0,193837.01322892573,0.0,0.0,2576.084149978922,1545650.4899873533,24.230647645639596,0.0,1211469.8675401884,24.718682670341583,0.0,1332783.6173815331,23.11104696573885,0.0,1683830.9194672562,33.158381565649684,0.0,0.0,0.0,0.0,0.0,6606.752757287605 
 07/21  14:30:00,35.22840019860552,1489.104493559352,-1.1193208955182854,512.0771898161827,-2032.688587591963,2.1557234656942885,43.93125,1718.7300027461697,-54.744100805380185,528.1686209252659,-2234.06837804387,1.9655337208728183,26.358756,2782.3490756681617,0.0,16.26894997683094,-2824.5566292711706,0.42251902034486827,0.0,3058.4343513938843,-100.54505423828903,-342.7085627630331,0.0,22.83267007181214,0.0,0.0,0.0,0.0,0.0,0.0,0.0,0.0,0.0,0.0,0.0,0.0,0.0,0.0,24.230649959576308,24.71868489349582,23.11105146891567,33.158381565649684,31.509749997699025,31.509749997699025,31.509749997699025,31.509749997699025,31.509749997699025,31.509749997699025,31.509749997699025,31.509749997699025,20.425380607500994,20.442396412237322,20.465466884382653,20.540722103843024,20.617652007145125,20.617652011178187,24.230649959575782,20.526582160930875,20.58918961932688,20.58918962352484,24.718684893495276,20.50007218087901,20.535201364856846,20.53520136485701,23.111051468914795,24.63202073230663,25.113800309130337,23.624586012236932,24.439260411335404,24.439261601589127,24.43926160159452,24.439261601599924,31.509749997699025,26.057893416410568,26.76690713362707,20.425380605238903,20.425380605238903,0.0,0.021606005009337858,0.0,0.0,0.04443372569557937,0.0,0.032331941257956305,0.0,0.0,0.0,0.10467672758178272,0.009653548864896206,0.0,0.26973404504368026,2.2341808872088693,2.234081702553411,2.234180887208868,2.234180887230123,2.2341808872088724,2.1924392945171434,0.041741592691725324,2.2341808872088698,2.2341808872088698,2.23418088720887,2.2341808872088698,0.5464262402178601,0.682276744968046,0.7178567316929563,0.6822767449680459,0.0,0.5627389757708027,0.5464262402184497,0.5464262402184497,0.016312735552352922,0.5256970875053185,0.6435387049498338,0.6791565140969418,0.0,0.5418999755621917,0.5256970875061479,0.5256970875061479,0.01620288805604381,0.6435387049498338,0.7903012742023429,0.8371676414189714,0.7903012742023431,0.0,1.0878003431841499,1.0679724712244023,0.019827871959747462,1.0679724712244023,1.0679724712289824,307246.31388970977,0.0,0.0,0.0,0.0,0.0,316901.17255515954,0.0,0.0,0.0,0.0,0.0,9761.369986098565,0.0,0.0,0.0,0.0,0.0,0.0,205625.13765781967,0.0,0.0,2593.540939144485,1556124.563486691,24.240411476599675,0.0,1219620.2294148938,24.727599593872185,0.0,1340448.6239104038,23.112318016739625,0.0,1694745.285270374,33.25984628091233,0.0,0.0,0.0,0.0,0.0,6624.809366687024 
 07/21  14:40:00,35.542492382531535,1502.7602574940775,-1.0110770816486365,511.4339449679835,-2046.8289183356612,2.125302525730599,43.93125,1731.2557227752384,-54.30614092351607,527.5800135575248,-2246.842000376159,1.7212399037077113,26.358756,2801.4226462945335,0.0,16.380522350540858,-2843.776079142166,0.3827132309354448,0.0,3089.4840326721824,-101.53513150723893,-359.9743957391829,0.0,20.055051384983873,0.0,0.0,0.0,0.0,0.0,0.0,0.0,0.0,0.0,0.0,0.0,0.0,0.0,0.0,24.24041378883179,24.727601815356692,23.11232251640726,33.25984628091233,31.509749997699025,31.509749997699025,31.509749997699025,31.509749997699025,31.509749997699025,31.509749997699025,31.509749997699025,31.509749997699025,20.40790359284587,20.425086959019428,20.448384567499254,20.52437776910311,20.602061734719562,20.602061738986816,24.240413788831262,20.51009907643339,20.57332014486063,20.57332014930257,24.72760181535617,20.483329666519637,20.51880371226401,20.51880371226417,23.112322516406387,24.64174588535282,25.12270336128943,23.626231625545255,24.446145547122722,24.446146750301356,24.446146750306735,24.446146750312106,31.509749997699025,26.06320950820693,26.772226369161395,20.40790359045164,20.40790359045164,0.0,0.02160253306913199,0.0,0.0,0.04442864285613009,0.0,0.03232605080327824,0.0,0.0,0.0,0.10467529427044055,0.009664986258097506,0.0,0.26978742984887494,2.2341808872088706,2.2341060815325364,2.2341808872088684,2.2341808872142996,2.2341808872088706,2.192441895381595,0.04173899182727235,2.2341808872088698,2.23418088720887,2.2341808872088698,2.2341808872088698,0.5464276457678816,0.6822735047433034,0.7178548597204619,0.6822735047433035,0.0,0.5627395156546311,0.5464276457684883,0.5464276457684883,0.016311869886142652,0.5256984747523875,0.6435368444453965,0.6791558862975526,0.0,0.5419005007668785,0.5256984747532172,0.525698474753217,0.016202026013661323,0.6435368444453966,0.79030347523379,0.8371701411908553,0.7903034752337901,0.0,1.087801878960088,1.0679751389438832,0.019826740016204856,1.067975138943883,1.0679751389570464,306860.36698079004,0.0,0.0,0.0,0.0,0.0,316548.00813451497,0.0,0.0,0.0,0.0,0.0,9828.313410324517,0.0,0.0,0.0,0.0,0.0,0.0,215984.63744350977,0.0,0.0,2609.326945077448,1565596.1670464687,24.250037843097406,0.0,1228105.5708466368,24.735408455017982,0.0,1348114.0546438596,23.113469326802424,0.0,1706278.5878389163,33.34899368858771,0.0,0.0,0.0,0.0,0.0,6643.716019798109 
 07/21  14:50:00,35.85074881219016,1516.9989341139528,-0.933660625041739,510.855125568896,-2061.0238540729333,1.9052330948626002,43.93125,1743.3559107915216,-53.825378295438895,527.107333884278,-2259.367412501664,1.3844628513560389,26.358756,2821.5021018484945,0.0,16.473889696163404,-2863.9847524363695,0.34463286597971526,0.0,3116.22141396992,-102.38289008755189,-374.723476942454,0.0,17.122361721886165,0.0,0.0,0.0,0.0,0.0,0.0,0.0,0.0,0.0,0.0,0.0,0.0,0.0,0.0,24.250040153497856,24.735410674713908,23.113473822729397,33.34899368858771,31.509749997699025,31.509749997699025,31.509749997699025,31.509749997699025,31.509749997699025,31.509749997699025,31.509749997699025,31.509749997699025,20.38951090076821,20.406845859170833,20.430348951075228,20.50700976582945,20.58537585741144,20.585375861901063,24.250040153497334,20.492605541289485,20.55638166833653,20.556381673010115,24.735410674713382,20.465601451823574,20.501387466584685,20.501387466584852,23.11347382272853,24.651282576743686,25.130501333030264,23.62770972338869,24.452517060628598,24.45251827512118,24.45251827512665,24.452518275132118,31.509749997699025,26.068131155573642,26.777151627344146,20.389510898248524,20.389510898248524,0.0,0.021599497892801238,0.0,0.0,0.04442433734344097,0.0,0.032321055093819974,0.0,0.0,0.0,0.10467414309970406,0.009674893054925242,0.0,0.26983351518805937,2.2341808872088698,2.234619154584264,2.2341808872088684,2.234180887211379,2.2341808872088684,2.192444756150342,0.04173613105852951,2.2341808872088698,2.2341808872088698,2.2341808872088698,2.2341808872088698,0.5464292014070737,0.6822704168980478,0.7178530468444182,0.6822704168980476,0.0,0.5627400761033611,0.5464292014026499,0.5464292014026501,0.016310874700711086,0.5257001206724754,0.643535347416199,0.6791554118794522,0.0,0.5419011519478631,0.5257001206659988,0.5257001206659989,0.016201031281864346,0.643535347416199,0.7903055766613577,0.8371724284849992,0.7903055766613576,0.0,1.0878035280991158,1.0679780645525596,0.01982546354655615,1.0679780645525596,1.067978064546259,306513.0753413377,0.0,0.0,0.0,0.0,0.0,316264.40033056657,0.0,0.0,0.0,0.0,0.0,9884.333817698045,0.0,0.0,0.0,0.0,0.0,0.0,224834.08616547234,0.0,0.0,2623.5051194558273,1574103.0716734964,24.258667683520084,0.0,1236623.4509148563,24.741689576085516,0.0,1355630.2989833187,23.11450608505203,0.0,1718405.1465105368,33.42512385390351,0.0,0.0,0.0,0.0,0.0,6663.037105317591 
 07/21  15:00:00,36.03908357404572,1531.6789668303393,-1.0376445634674383,510.22621130106086,-2074.660056704982,2.0427455317787917,43.93125,1754.7309455515056,-53.434413413041966,526.6812808548334,-2270.6544462907304,1.2431084428621455,26.358756,2839.573755072139,0.0,16.54816096511344,-2882.174065308589,0.30365410805520376,0.0,3138.5425289078808,-103.08848892778715,-386.9796648902702,0.0,14.220430412387822,0.0,0.0,0.0,0.0,0.0,0.0,0.0,0.0,0.0,0.0,0.0,0.0,0.0,0.0,24.25866999211679,24.74169179402344,23.114510577312018,33.425123853903514,31.509749997699025,31.509749997699025,31.509749997699025,31.509749997699025,31.509749997699025,31.509749997699025,31.509749997699025,31.509749997699025,20.37297063086934,20.390436497120774,20.414117026949008,20.491354254907385,20.570309243855462,20.570309247895405,24.258669992116275,20.476841635004224,20.54109694579979,20.541096950004906,24.74169179402291,20.44963494982029,20.485690317713132,20.485690317713296,23.114510577311147,24.65981388994028,25.1367946448142,23.629022040200752,24.457990191339732,24.45799141549199,24.457991415497574,24.45799141550316,31.509749997699025,26.072361104865344,26.78138555666097,20.372970628603408,20.372970628603408,0.0,0.02159699329788139,0.0,0.0,0.044420898963094715,0.0,0.03231705372214626,0.0,0.0,0.0,0.10467328255631911,0.009683238222147056,0.0,0.2698718559796628,2.2341808872088698,2.2344326129614003,2.2341808872088698,2.234180887214997,2.234180887208869,2.1924478645762693,0.04173302263260058,2.2341808872088698,2.2341808872088698,2.23418088720887,2.2341808872088698,0.5464309471696345,0.6822677253224209,0.717851426802291,0.6822677253224209,0.0,0.5627406989837674,0.5464309471651788,0.5464309471651788,0.016309751818588656,0.5257020257596192,0.6435342670733325,0.6791550906890101,0.0,0.5419019327428101,0.5257020257531945,0.5257020257531944,0.01619990698961568,0.6435342670733324,0.7903074467766966,0.8371743697175685,0.7903074467766967,0.0,1.0878052328496917,1.0679811848411573,0.019824048008534323,1.0679811848411573,1.067981184831225,306135.7267806367,0.0,0.0,0.0,0.0,0.0,316008.7685129001,0.0,0.0,0.0,0.0,0.0,9928.896579068061,0.0,0.0,0.0,0.0,0.0,0.0,232187.79893416254,0.0,0.0,2635.690924756645,1581414.554853987,24.267920689719826,0.0,1244805.493495335,24.74732950348981,0.0,1362402.874898598,23.115419570810438,0.0,1729319.0830196822,33.48836442037499,0.0,0.0,0.0,0.0,0.0,6679.987909900199 
 07/21  15:10:00,36.33041553342146,1527.3852914437107,0.5185660189749797,503.98412353927733,-2076.034161976738,-3.321084958680072,43.93125,1767.4008601660064,-52.63678087280141,518.711241029356,-2279.1555405120944,-0.42677447546435826,26.358756,2859.4919625428097,0.0,17.2637987666565,-2902.8337857840556,0.2658793304119521,0.0,3160.9306892715636,-104.08032183245365,-416.0383654152902,0.0,9.536889748243407,0.0,0.0,0.0,0.0,0.0,0.0,0.0,0.0,0.0,0.0,0.0,0.0,0.0,0.0,24.26792299645863,24.747331719621684,23.115424059308392,33.48836442037499,31.402749997699026,31.402749997699026,31.402749997699026,31.402749997699026,31.402749997699026,31.402749997699026,31.402749997699026,31.402749997699026,20.35413981070184,20.371721384747527,20.395558772840293,20.473305520971532,20.55278131212921,20.5527813167253,24.267922996458115,20.458697054671628,20.523376115246997,20.5233761200315,24.747331719621155,20.431311422024198,20.467605051973976,20.46760505197414,23.115424059307525,24.66358159285514,25.136818486862857,23.62417955631482,24.457684813761585,24.457686046602632,24.457686046609304,24.45768604661597,31.402749997699026,26.047645302513942,26.756673892695414,20.35413980812209,20.35413980812209,0.0,0.021596525386540843,0.0,0.0,0.04442479236006888,0.0,0.03231495248943161,0.0,0.0,0.0,0.10469555975491322,0.009737526554320362,0.0,0.2701074196424826,2.2341808872088698,2.2342622817351465,2.2341808872088698,2.2341808871947726,2.2341808872088675,2.1924484385879377,0.04173244862093285,2.2341808872088698,2.2341808872088693,2.2341808872088693,2.2341808872088698,0.5464310659150464,0.6822601157661777,0.7178472079381947,0.6822601157661776,0.0,0.5627415735708956,0.5464310659105198,0.5464310659105197,0.01631050766037572,0.5257025672990446,0.6435285152362995,0.6791521667638805,0.0,0.5419032248608633,0.5257025672925281,0.5257025672925281,0.01620065756833502,0.6435285152362997,0.7903117851297506,0.8371815125067948,0.7903117851297505,0.0,1.0878036401561784,1.0679791130764789,0.019824527079699006,1.067979113076479,1.0679791130882224,302390.47412356635,0.0,0.0,0.0,0.0,0.0,311226.74461761356,0.0,0.0,0.0,0.0,0.0,10358.279259993902,0.0,0.0,0.0,0.0,0.0,0.0,249623.01924917428,0.0,0.0,2634.2095002802434,1580525.700168146,24.252877942390427,0.0,1245632.9387736965,24.745393256938435,0.0,1367506.680502879,23.116219421635638,0.0,1741719.8734994717,33.53078242293033,0.0,0.0,0.0,0.0,0.0,6670.547862895039 
 07/21  15:20:00,36.623752930176,1550.8157120895,1.0936585105623635,497.06241310084806,-2083.3041503010427,-1.2491012236598253,43.93125,1780.984771401,-52.025603666222196,511.0907994272043,-2285.710793269368,-1.456128287845956,26.358756,2880.3457192213336,0.0,17.90932988892955,-2924.389947666948,0.2138335782710604,0.0,3181.6048178901624,-104.87670309283882,-441.73985081975206,0.0,5.600784758155188,0.0,0.0,0.0,0.0,0.0,0.0,0.0,0.0,0.0,0.0,0.0,0.0,0.0,0.0,24.252880247063104,24.74539547106323,23.116223905975087,33.53078242293033,31.295749997699026,31.295749997699026,31.295749997699026,31.295749997699026,31.295749997699026,31.295749997699026,31.295749997699026,31.295749997699026,20.33450579437848,20.352175087465177,20.376131381136993,20.45426412135899,20.534134408800323,20.534134413591485,24.2528802470626,20.439583187933348,20.50458338459723,20.50458338958495,24.745395471062693,20.412062007669185,20.448536286292722,20.448536286292885,23.11622390597422,24.644241369194585,25.12958905834175,23.619135844888476,24.447624986266224,24.447626226287383,24.447626226295103,24.447626226302802,31.295749997699026,26.0154105763499,26.72444460250559,20.33450579168866,20.33450579168866,0.0,0.021599097256467588,0.0,0.0,0.04443136860971795,0.0,0.032315866133901,0.0,0.0,0.0,0.10471826069987673,0.00978948042220539,0.0,0.2703265461545731,2.23418088720887,2.233894315636361,2.234180887208868,2.2341808872892086,2.2341808872088667,2.1924497484500125,0.04173113875885704,2.2341808872088698,2.2341808872088698,2.2341808872088698,2.2341808872088698,0.5464331275606074,0.6822600419531265,0.7178471414439744,0.6822600419531263,0.0,0.5627439863228849,0.5464331275958147,0.5464331275958146,0.016310858727070256,0.5257035598722265,0.6435233159506585,0.6791485324736288,0.0,0.5419046150970241,0.5257035599226824,0.5257035599226825,0.016201055174341835,0.6435233159506586,0.7903131444057178,0.8371852132912662,0.7903131444057179,0.0,1.0878011470301037,1.0679765250364281,0.019824621993675223,1.0679765250364284,1.0679765250353839,298237.4478605087,0.0,0.0,0.0,0.0,0.0,306654.47965632245,0.0,0.0,0.0,0.0,0.0,10745.59793335773,0.0,0.0,0.0,0.0,0.0,0.0,265043.91049185104,0.0,0.0,2631.106201567694,1578663.7209406164,24.24722027726032,0.0,1249997.9806563223,24.73878703890661,0.0,1371443.0732583473,23.116862704593824,0.0,1754658.450158935,33.55569553920535,0.0,0.0,0.0,0.0,0.0,6656.595686406018 
 07/21  15:30:00,36.91564811811055,1571.2710802411814,0.605941725550565,489.45954234199917,-2096.3377330204776,0.8371872621951009,43.93125,1794.0336357879223,-51.22322784703147,503.5703676127871,-2291.9502440600877,-1.7598068559344147,26.358756,2901.8713819705436,0.0,18.50601394604434,-2946.55567814754,0.16107399890637378,0.0,3197.333575231895,-105.51801807934879,-464.925217569963,0.0,2.663055396208954,0.0,0.0,0.0,0.0,0.0,0.0,0.0,0.0,0.0,0.0,0.0,0.0,0.0,0.0,24.24722257975359,24.738789250924647,23.116867184583985,33.55569553920535,31.188749997699023,31.188749997699023,31.188749997699023,31.188749997699023,31.188749997699023,31.188749997699023,31.188749997699023,31.188749997699023,20.31430669035943,20.3320398864501,20.356082795125957,20.434496714455268,20.51465436847504,20.51465437340346,24.247222579753082,20.419762881253625,20.484996886735384,20.484996891866103,24.73878925092412,20.392143081799976,20.428748961295533,20.428748961295696,23.116867184583118,24.633705289867795,25.117866719192676,23.613865954389023,24.43885656344972,24.43885780808668,24.43885780809423,24.4388578081018,31.188749997699023,25.98416729415073,26.693208053508645,20.314306687592147,20.314306687592147,0.0,0.021601221305783912,0.0,0.0,0.04443887260208048,0.0,0.03231776856916355,0.0,0.0,0.0,0.10474115657907462,0.009838921570523124,0.0,0.2705363892876929,2.2341808872088706,2.234064217379449,2.2341808872088706,2.2341808872666675,2.2341808872088658,2.1924513430868924,0.04172954412197959,2.2341808872088698,2.2341808872088698,2.2341808872088693,2.2341808872088698,0.5464346121271855,0.6822570064455973,0.7178451856384486,0.6822570064455973,0.0,0.5627456991982625,0.5464346121623495,0.5464346121623495,0.01631108703591281,0.5257052824085688,0.6435202839901173,0.6791463985662998,0.0,0.5419065682807065,0.5257052824589606,0.5257052824589606,0.016201285821745813,0.6435202839901173,0.7903150496459019,0.8371893030041216,0.7903150496459019,0.0,1.0877990756079212,1.0679745251771446,0.019824550430776716,1.0679745251771446,1.0679745251896562,293675.72540519945,0.0,0.0,0.0,0.0,0.0,302142.22056767216,0.0,0.0,0.0,0.0,0.0,11103.608367626604,0.0,0.0,0.0,0.0,0.0,0.0,278955.13054197753,0.0,0.0,2625.363423897884,1575218.0543387304,24.25101227907212,0.0,1257820.2657808205,24.730803280331212,0.0,1375189.0212599682,23.117347270847848,0.0,1767961.0169551838,33.56754167422354,0.0,0.0,0.0,0.0,0.0,6643.37496316002 
 07/21  15:40:00,37.20549094150365,1591.448330315889,-0.0860987922460481,481.809897916047,-2110.0024950020843,0.9472008750346473,43.93125,1806.0574159345947,-50.227603511181314,496.1259168747597,-2297.9416609040527,-1.9943743674911687,26.358756,2923.893701556397,0.0,19.061164292357198,-2969.170004973549,0.11513805260530298,0.0,3207.3363181849063,-106.00843673070025,-485.593648009517,0.0,-0.27050137204129304,0.0,0.0,0.0,0.0,0.0,0.0,0.0,0.0,0.0,0.0,0.0,0.0,0.0,0.0,24.251014579301895,24.730805490168915,23.11735174635014,33.56754167422354,31.081749997699024,31.081749997699024,31.081749997699024,31.081749997699024,31.081749997699024,31.081749997699024,31.081749997699024,31.081749997699024,20.293672888658655,20.311452221758955,20.335557657774824,20.41417458825897,20.494539714591244,20.49453971962528,24.25101457930138,20.399402444493678,20.46480512849411,20.46480513373485,24.730805490168386,20.371711556114725,20.408412442865124,20.40841244286529,23.11735174634927,24.632055111532484,25.104780985934077,23.608387882100846,24.43237939679969,24.432380643956634,24.432380643963942,24.432380643971243,31.081749997699024,25.954691653196633,26.66373999015953,20.29367288583178,20.29367288583178,0.0,0.021602773807344773,0.0,0.0,0.04444676967832089,0.0,0.03232009531424119,0.0,0.0,0.0,0.10476415048301674,0.009886401242117378,0.0,0.2707398802179975,2.2341808872088698,2.2337821721207254,2.2341808872088706,2.2341808872407976,2.2341808872088675,2.1924531456820118,0.041727741526860165,2.2341808872088698,2.2341808872088693,2.2341808872088693,2.2341808872088698,0.5464355468192247,0.6822511133067667,0.7178415175151907,0.6822511133067668,0.0,0.5627467782779879,0.5464355468544966,0.5464355468544966,0.016311231423491317,0.5257074596425778,0.6435184457017789,0.6791452515220914,0.0,0.5419088584560482,0.5257074596929279,0.5257074596929276,0.016201398763120586,0.643518445701779,0.7903177527715802,0.8371941181715881,0.7903177527715803,0.0,1.0877975089479732,1.0679731530723895,0.019824355875583927,1.0679731530723893,1.0679731530767593,289085.93874962826,0.0,0.0,0.0,0.0,0.0,297675.55012485565,0.0,0.0,0.0,0.0,0.0,11436.69857541432,0.0,0.0,0.0,0.0,0.0,0.0,291356.1888057102,0.0,0.0,2617.470195475873,1570482.1172855238,24.255302652724012,0.0,1266020.4819205687,24.72175561131302,0.0,1378785.3050515398,23.117693647042877,0.0,1781531.506073055,33.566338399332054,0.0,0.0,0.0,0.0,0.0,6631.425110882064 
 07/21  15:50:00,37.49280652585829,1612.6661395848491,-0.7858925207956418,474.24105061224395,-2123.1989288220643,0.6589214737931468,43.93125,1817.1550328398657,-49.16401887909706,488.802484959778,-2303.2761729316926,-2.360234607039568,26.358756,2946.238220630077,0.0,19.573582589080438,-2992.066559455053,0.0726973805689335,0.0,3212.252847569926,-106.33296280832542,-503.45272271490376,0.0,-3.5431761535890187,0.0,0.0,0.0,0.0,0.0,0.0,0.0,0.0,0.0,0.0,0.0,0.0,0.0,0.0,24.25530495062611,24.72175781891259,23.11769811795176,33.566338399332054,30.974749997699025,30.974749997699025,30.974749997699025,30.974749997699025,30.974749997699025,30.974749997699025,30.974749997699025,30.974749997699025,20.27276795022694,20.290575435240342,20.3147190143387,20.39345974746099,20.473951385469675,20.473951390569624,24.25530495062559,20.37866416785392,20.444169629855597,20.44416963516499,24.72175781891207,20.350930044208617,20.38768890736205,20.38768890736222,23.117698117950894,24.63081417808433,25.090628015111452,23.602721042872584,24.425579636012174,24.42558088395191,24.42558088395923,24.425580883966553,30.974749997699025,25.924969367678393,26.634025786497876,20.272767947362865,20.272767947362865,0.0,0.02160464425473887,0.0,0.0,0.04445534749845292,0.0,0.03232319782553325,0.0,0.0,0.0,0.10478727782722537,0.009932140980754213,0.0,0.2709359960218415,2.2341808872088706,2.234250238611822,2.2341808872088675,2.2341808872155,2.2341808872088693,2.192455122040215,0.041725765168656254,2.2341808872088698,2.2341808872088698,2.234180887208869,2.2341808872088698,0.5464365252979967,0.6822451859457093,0.7178378078146243,0.6822451859457093,0.0,0.5627478072708494,0.5464365252934775,0.5464365252934774,0.016311281977371986,0.5257098392101655,0.6435170344787751,0.6791443310831059,0.0,0.54191125211521,0.5257098392037126,0.5257098392037125,0.016201412911497362,0.6435170344787751,0.79032037608771,0.8371987483111396,0.7903203760877101,0.0,1.087796062654154,1.0679720053697968,0.01982405728435764,1.0679720053697965,1.067972005366628,284544.6303673465,0.0,0.0,0.0,0.0,0.0,293281.49097586673,0.0,0.0,0.0,0.0,0.0,11744.14955344826,0.0,0.0,0.0,0.0,0.0,0.0,302071.6336289417,0.0,0.0,2607.7593887088965,1564655.6332253378,24.25828729246268,0.0,1273939.2460702565,24.71104854626979,0.0,1381986.9285587396,23.11791234725236,0.0,1795270.7501206729,33.550578027284104,0.0,0.0,0.0,0.0,0.0,6619.42116952789 
 07/21  16:00:00,37.77728602461244,1634.5981340889318,-1.622973508348423,466.65619054450644,-2136.59557751854,0.6719216128761559,43.93125,1827.350466749543,-48.06460569251976,481.61274672312334,-2307.7689632151832,-2.762436185666662,26.358756,2968.6975096009983,0.0,20.042849301837656,-3015.0386863150034,0.029398793700865646,0.0,3212.5856090338575,-106.48821043639398,-518.4869025845819,0.0,-6.8305870704674225,0.0,0.0,0.0,0.0,0.0,0.0,0.0,0.0,0.0,0.0,0.0,0.0,0.0,0.0,24.258289587991626,24.711050751591355,23.117916813499882,33.55057802728411,30.867749997699025,30.867749997699025,30.867749997699025,30.867749997699025,30.867749997699025,30.867749997699025,30.867749997699025,30.867749997699025,20.251793627114463,20.269608859353717,20.293762917503166,20.372537577711576,20.45306386650003,20.453063871616905,24.25828958799111,20.35773545454432,20.423268937043776,20.423268942370786,24.711050751590836,20.32998969555044,20.36676452815711,20.366764528157276,23.117916813499015,24.62826708339322,25.0748386066927,23.596868682339483,24.417730785440888,24.417732032318984,24.417732032326402,24.4177320323338,30.867749997699025,25.89443864031413,26.603503462767733,20.25179362424083,20.25179362424083,0.0,0.021607044276614827,0.0,0.0,0.04446478443532789,0.0,0.03232727829799123,0.0,0.0,0.0,0.10481057724602585,0.0099760717965435,0.0,0.27112377834952334,2.2341808872088698,2.234276272269595,2.2341808872088693,2.23418088720487,2.2341808872088706,2.1924572385163223,0.04172364869254613,2.2341808872088698,2.2341808872088698,2.2341808872088693,2.2341808872088698,0.5464376334233867,0.682239758346287,0.7178343579231464,0.6822397583462871,0.0,0.5627488789975448,0.5464376334189305,0.5464376334189305,0.01631124557861442,0.525712398384708,0.6435160780187196,0.6791435870026372,0.0,0.5419137371498078,0.5257123983783548,0.5257123983783548,0.01620133877145308,0.6435160780187195,0.7903226732904988,0.8372029422830863,0.7903226732904987,0.0,1.0877946223689707,1.0679709524853664,0.01982366988360405,1.0679709524853662,1.067970952483654,279993.7143267039,0.0,0.0,0.0,0.0,0.0,288967.648033874,0.0,0.0,0.0,0.0,0.0,12025.709581102597,0.0,0.0,0.0,0.0,0.0,0.0,311092.14155074896,0.0,0.0,2596.088484197327,1557653.090518396,24.261330854821402,0.0,1281977.866569389,24.698517419332703,0.0,1384683.196985763,23.118000789761993,0.0,1809054.9908096364,33.52019791254104,0.0,0.0,0.0,0.0,0.0,6606.8795392026 
 07/21  16:10:00,37.943346538354156,1657.0935259370324,-2.59991952090877,456.7165104375206,-2149.081041402807,0.3275652455368773,43.93125,1837.1365712144107,-46.812951136009815,471.97178818294515,-2310.2691974064883,-3.55481742882064,26.358756,2990.7133820064187,0.0,20.62988322089847,-3037.6832244488955,-0.01487476756438931,0.0,3209.6148251341747,-106.6166437922264,-537.2749304355602,0.0,-10.575398980418607,0.0,0.0,0.0,0.0,0.0,0.0,0.0,0.0,0.0,0.0,0.0,0.0,0.0,0.0,24.261333147960833,24.69851962236507,23.11800525133557,33.52019791254105,30.725083331032362,30.725083331032362,30.725083331032362,30.725083331032362,30.725083331032362,30.725083331032362,30.725083331032362,30.725083331032362,20.23111296735599,20.24891494579121,20.27305101918284,20.351767099639684,20.43223357682419,20.432233581869838,24.26133314796032,20.3369758011882,20.402460412511676,20.402460417764477,24.698519622364554,20.309250984305844,20.345998605169868,20.34599860517004,23.1180052513347,24.623940240570647,25.05538867951195,23.58883327457702,24.40732264913106,24.407323893300507,24.407323893308245,24.407323893315976,30.725083331032362,25.85377017126636,26.562843620551394,20.231112964522538,20.231112964522538,0.0,0.02161023544484743,0.0,0.0,0.04447704759676473,0.0,0.032332396547800596,0.0,0.0,0.0,0.10484128247814328,0.010033726881535416,0.0,0.2713717029363453,2.23418088720887,2.234299182265594,2.2341808872088684,2.2341808871997415,2.234180887208873,2.192458692313782,0.041722194895085565,2.2341808872088698,2.2341808872088693,2.2341808872088698,2.2341808872088698,0.5464382710989372,0.6822327862640267,0.7178300851919954,0.6822327862640267,0.0,0.5627500133041733,0.5464382710945,0.5464382710945,0.01631174220967326,0.5257147096491905,0.6435141328512852,0.679142313282304,0.0,0.5419165018265034,0.5257147096428189,0.5257147096428189,0.016201792183684647,0.6435141328512852,0.7903254593307087,0.83720848873457,0.7903254593307089,0.0,1.0877921771831074,1.0679683673046076,0.01982380987849944,1.067968367304608,1.0679683673163298,274029.9062625122,0.0,0.0,0.0,0.0,0.0,283183.0729097673,0.0,0.0,0.0,0.0,0.0,12377.929932539084,0.0,0.0,0.0,0.0,0.0,0.0,322364.95826133614,0.0,0.0,2578.3206958486057,1546992.4175091635,24.262814617750212,0.0,1289470.3161425185,24.682392684301625,0.0,1386184.4512430164,23.117956040827266,0.0,1822643.614733765,33.473169293050766,0.0,0.0,0.0,0.0,0.0,6584.294169199847 
 07/21  16:20:00,37.772360493882296,1678.4662843640206,-3.6323445853404337,446.8298029370685,-2159.355940952171,0.10998028572919992,43.93125,1845.8801879322214,-45.60296328396271,462.42293996664193,-2310.426066682571,-3.850988432887604,26.358756,3009.2211571214557,0.0,21.156036264689874,-3056.7733776648315,-0.06618139604169468,0.0,3202.3726865809194,-106.56647987318695,-553.2214262304942,0.0,-13.886650715218817,0.0,0.0,0.0,0.0,0.0,0.0,0.0,0.0,0.0,0.0,0.0,0.0,0.0,0.0,24.262816908664984,24.682394885208947,23.11796049807561,33.47316929305077,30.58241666436569,30.58241666436569,30.58241666436569,30.58241666436569,30.58241666436569,30.58241666436569,30.58241666436569,30.58241666436569,20.21369980186377,20.23146067359518,20.25554100090967,20.334075766718673,20.41435698787758,20.414356992129957,24.262816908664476,20.31931834645208,20.384651983285316,20.384651987711685,24.682394885208428,20.291657646977605,20.328320699267735,20.328320699267902,23.11796049807475,24.618056449491576,25.032466675653335,23.580597453540214,24.395214823920764,24.39521606334044,24.395216063348272,24.3952160633561,30.58241666436569,25.811789969436752,26.52087248550109,20.213699799477947,20.213699799477947,0.0,0.02161397840009686,0.0,0.0,0.0444903978787286,0.0,0.03233872027627862,0.0,0.0,0.0,0.10487212372662408,0.010089303847261437,0.0,0.2716100998760387,2.2341808872088693,2.2343832728655033,2.23418088720887,2.2341808872097477,2.2341808872088724,2.192460239634067,0.04172064757480282,2.2341808872088698,2.2341808872088693,2.234180887208869,2.2341808872088698,0.5464389731429456,0.6822262951600581,0.7178259997502516,0.6822262951600581,0.0,0.5627511404514476,0.5464389731384377,0.5464389731384378,0.01631216731300993,0.5257172892632728,0.6435132008436798,0.6791415160006277,0.0,0.541919456562149,0.5257172892569822,0.5257172892569821,0.016202167305166614,0.6435132008436798,0.7903277242018808,0.8372133714579909,0.7903277242018809,0.0,1.0877896426204698,1.0679657615205964,0.01982388109987363,1.0679657615205964,1.0679657615171563,268097.88176224113,0.0,0.0,0.0,0.0,0.0,277453.76397998526,0.0,0.0,0.0,0.0,0.0,12693.621758813922,0.0,0.0,0.0,0.0,0.0,0.0,331932.8557382968,0.0,0.0,2557.9777978651828,1534786.6787191096,24.263312794229567,0.0,1295635.5954547068,24.66492549757126,0.0,1386278.8404918131,23.117756941779998,0.0,1834098.0772092254,33.41142792697286,0.0,0.0,0.0,0.0,0.0,6557.670835810028 
 07/21  16:30:00,38.005295915849764,1703.1274803615784,-4.868070912990788,436.8712118742135,-2172.587296124735,0.288894732380631,43.93125,1853.7735039890986,-44.22361858993327,453.0857664845473,-2311.434254016484,-4.4812322722292,26.358756,3032.472841364607,0.0,21.629286083411998,-3080.529650671896,-0.10917694828697899,0.0,3190.211853884319,-106.34217828133845,-566.3973490343169,0.0,-17.109764822464463,0.0,0.0,0.0,0.0,0.0,0.0,0.0,0.0,0.0,0.0,0.0,0.0,0.0,0.0,24.263315082835703,24.664927696276493,23.117761394561374,33.41142792697286,30.439749997699025,30.439749997699025,30.439749997699025,30.439749997699025,30.439749997699025,30.439749997699025,30.439749997699025,30.439749997699025,20.191993508994706,20.209698026657723,20.233701944008814,20.311988450229578,20.392016040313244,20.392016045608077,24.263315082835188,20.297277498322334,20.362404523451232,20.362404528963587,24.66492769627597,20.269704411718145,20.306251584011726,20.306251584011893,23.117761394560517,24.61116892810509,25.008206995417996,23.57215023007481,24.3822346471997,24.382235879978957,24.382235879986805,24.38223587999463,30.439749997699025,25.769136121462555,26.47822778270523,20.191993506020616,20.191993506020616,0.0,0.021618097458548185,0.0,0.0,0.04450437222011329,0.0,0.03234574844602032,0.0,0.0,0.0,0.10490299192924674,0.010142999703695539,0.0,0.27184097535018203,2.2341808872088693,2.234511047678177,2.2341808872088698,2.234180887224163,2.2341808872088675,2.192461283244302,0.04171960396456781,2.2341808872088698,2.2341808872088698,2.2341808872088698,2.2341808872088698,0.5464393474449453,0.682220180169219,0.7178221183089964,0.6822201801692188,0.0,0.5627521178496212,0.5464393474403723,0.5464393474403723,0.016312770409249,0.5257195815232077,0.6435126485054694,0.6791408854649561,0.0,0.541922299959086,0.5257195815168917,0.5257195815168917,0.016202718442194376,0.6435126485054694,0.7903296932379965,0.8372178834349172,0.7903296932379964,0.0,1.0877868654355947,1.067962688265165,0.019824177170429502,1.067962688265165,1.067962688268474,262122.72712452803,0.0,0.0,0.0,0.0,0.0,271851.45989072823,0.0,0.0,0.0,0.0,0.0,12977.571650047199,0.0,0.0,0.0,0.0,0.0,0.0,339838.40942059027,0.0,0.0,2536.1572443467367,1521694.346608042,24.264621406198575,0.0,1303575.2374269746,24.644601013632727,0.0,1386884.4829055136,23.117428495158432,0.0,1848353.2728463826,33.33537503401086,0.0,0.0,0.0,0.0,0.0,6534.718620153496 
 07/21  16:40:00,38.2485918077587,1727.59127342816,-6.172445237481043,426.94326180674784,-2186.6109202812136,0.14190303549293146,43.93125,1861.0038939248293,-42.5863015070081,443.9841256518562,-2311.842136870559,-5.179538361668355,26.358756,3057.818465818227,0.0,22.04405764854168,-3106.3311735824054,-0.1514583350413924,0.0,3173.3778826983626,-105.94321385498807,-576.8002385208383,0.0,-20.338590668978327,0.0,0.0,0.0,0.0,0.0,0.0,0.0,0.0,0.0,0.0,0.0,0.0,0.0,0.0,24.264623692129696,24.644603209787707,23.117432942773057,33.33537503401086,30.297083331032354,30.297083331032354,30.297083331032354,30.297083331032354,30.297083331032354,30.297083331032354,30.297083331032354,30.297083331032354,20.168403698620043,20.18603455196548,20.20993858269692,20.287900515270117,20.36759642745386,20.367596433206103,24.264623692129184,20.273250341343278,20.33810720210739,20.338107208096247,24.644603209787185,20.245791733099335,20.28218734387071,20.282187343870874,23.117432942772197,24.604979958421865,24.9811819217079,23.56351677513361,24.368505923223683,24.368507147510197,24.368507147518024,24.36850714752587,30.297083331032354,25.725904788354107,26.435005888308172,20.16840369538782,20.16840369538782,0.0,0.02162257679606129,0.0,0.0,0.04451936056850071,0.0,0.03235391179861442,0.0,0.0,0.0,0.10493406578866109,0.010194990806689628,0.0,0.2720633713817461,2.234180887208869,2.2341275059301364,2.2341808872088675,2.2341808872146687,2.2341808872088706,2.192463168719865,0.04171771848900451,2.2341808872088698,2.23418088720887,2.23418088720887,2.2341808872088698,0.5464401591208521,0.6822138401141634,0.7178180418741865,0.6822138401141635,0.0,0.562753165206972,0.5464401591213929,0.5464401591213929,0.016313006085579132,0.5257226706669862,0.6435130520529275,0.6791407910652699,0.0,0.5419255619593297,0.5257226706685644,0.5257226706685643,0.01620289129076536,0.6435130520529275,0.7903314280758942,0.8372220542694133,0.7903314280758944,0.0,1.0877844415535638,1.0679603985376371,0.019824043015926624,1.067960398537637,1.067960398539292,256165.95708404868,0.0,0.0,0.0,0.0,0.0,266390.47539111366,0.0,0.0,0.0,0.0,0.0,13226.434589125007,0.0,0.0,0.0,0.0,0.0,0.0,346080.14311250276,0.0,0.0,2512.57954808285,1507547.72884971,24.265264189979717,0.0,1311990.5454417437,24.621111183756508,0.0,1387130.222742487,23.116972849242828,0.0,1863836.1844205502,33.24499651406466,0.0,0.0,0.0,0.0,0.0,6513.133564931727 
 07/21  16:50:00,38.50331160835528,1751.9304281770494,-7.4530460534851954,417.1131884017923,-2200.509206181328,-0.21157243935641717,43.93125,1867.3640036956995,-40.785833716389334,435.0772084654436,-2311.5558942080957,-5.761243314971882,26.358756,3084.4947278100053,0.0,22.40457995713068,-3133.406472547068,-0.1932332696368188,0.0,3152.000570460174,-105.36987604931403,-584.4707151101729,0.0,-23.518412602655857,0.0,0.0,0.0,0.0,0.0,0.0,0.0,0.0,0.0,0.0,0.0,0.0,0.0,0.0,24.265266473041077,24.6211133771782,23.11697729132832,33.24499651406466,30.154416664365694,30.154416664365694,30.154416664365694,30.154416664365694,30.154416664365694,30.154416664365694,30.154416664365694,30.154416664365694,20.14364223825983,20.16118096413235,20.184960073563374,20.2625160875197,20.34179716121794,20.341797167254768,24.265266473040562,20.24794196160572,20.31246096006379,20.312460966349093,24.621113377177682,20.220626450037376,20.256832473169656,20.25683247316982,23.116977291327462,24.598091879322816,24.951100920184476,23.55469908509982,24.353494568313963,24.353495782326608,24.35349578233447,24.35349578234233,30.154416664365694,25.68168470565444,26.390795660894625,20.143642234866995,20.143642234866995,0.0,0.021627520448257373,0.0,0.0,0.044535372919845925,0.0,0.032363214777316664,0.0,0.0,0.0,0.10496533423663676,0.010245248264125463,0.0,0.27227735496032285,2.2341808872088693,2.2341131978420155,2.2341808872088684,2.234180887211564,2.2341808872088706,2.1924654736778653,0.04171541353100543,2.2341808872088698,2.2341808872088698,2.2341808872088706,2.2341808872088698,0.5464412101941704,0.6822077091776222,0.7178140038845789,0.6822077091776224,0.0,0.5627542535388899,0.5464412101947778,0.5464412101947776,0.016313043344112103,0.5257262486130074,0.6435143920786291,0.6791411594927176,0.0,0.5419291065329559,0.5257262486151264,0.5257262486151265,0.016202857917829525,0.6435143920786293,0.7903327927847048,0.8372257238315729,0.7903327927847048,0.0,1.0877821136060184,1.067958429049943,0.0198236845560756,1.0679584290499426,1.0679584290511888,250267.91304107543,0.0,0.0,0.0,0.0,0.0,261046.32507926613,0.0,0.0,0.0,0.0,0.0,13442.74797427841,0.0,0.0,0.0,0.0,0.0,0.0,350682.4290661037,0.0,0.0,2487.2390168684624,1492343.4101210774,24.264305822697764,0.0,1320330.612220929,24.594985481596808,0.0,1386959.442129197,23.116391527560655,0.0,1880083.209543719,33.1405232766806,0.0,0.0,0.0,0.0,0.0,6491.927611891997 
 07/21  17:00:00,38.77082838611104,1775.9618412507582,-8.710085276712562,407.376289314657,-2214.066362304374,-0.5481476251373778,43.93125,1872.6670701199605,-38.882094586972926,426.338890833463,-2310.507572944357,-6.2687751625511705,26.358756,3111.9888789727997,0.0,22.713324263033584,-3161.248517472567,-0.23482012132287253,0.0,3126.107392656634,-104.62487768884392,-589.4761538747634,0.0,-26.619096589849843,0.0,0.0,0.0,0.0,0.0,0.0,0.0,0.0,0.0,0.0,0.0,0.0,0.0,0.0,24.264308102760133,24.59498767216473,23.116395963882844,33.1405232766806,30.011749997699024,30.011749997699024,30.011749997699024,30.011749997699024,30.011749997699024,30.011749997699024,30.011749997699024,30.011749997699024,20.11817475817424,20.135602551561117,20.159231243036302,20.236298486144364,20.315080027748166,20.315080033956516,24.26430810275963,20.22181597736727,20.285928185330025,20.285928191793985,24.594987672164216,20.19467269861753,20.230650409546367,20.23065040954653,23.11639596388199,24.589620499359253,24.918465076119915,23.545699739763815,24.337071490994244,24.337072693000902,24.3370726930088,24.33707269301669,30.011749997699024,25.636376066142525,26.34549726118072,20.1181747546846,20.1181747546846,0.0,0.02163301590203818,0.0,0.0,0.04455236988883688,0.0,0.0323736214532611,0.0,0.0,0.0,0.10499680020575759,0.01029381563750301,0.0,0.27248307766530183,2.2341808872088693,2.2341001435932077,2.23418088720887,2.2341808871895528,2.234180887208871,2.192468074428681,0.041712812780188346,2.2341808872088698,2.2341808872088693,2.2341808872088706,2.2341808872088698,0.5464424931431845,0.6822021109349314,0.7178102096688806,0.6822021109349315,0.0,0.5627554237088827,0.5464424931437366,0.5464424931437366,0.01631293056514596,0.5257301729892091,0.6435164437334329,0.6791418296693247,0.0,0.5419328441381525,0.5257301729916853,0.5257301729916853,0.016202671146467083,0.643516443733433,0.7903337413595324,0.8372288478706641,0.7903337413595323,0.0,1.0877798065816462,1.0679566440562402,0.01982316252540574,1.0679566440562405,1.0679566440602388,244425.7735887943,0.0,0.0,0.0,0.0,0.0,255803.33450007773,0.0,0.0,0.0,0.0,0.0,13627.994557820153,0.0,0.0,0.0,0.0,0.0,0.0,353685.6923248582,0.0,0.0,2460.1329790149757,1476079.7874089854,24.261822873188635,0.0,1328465.801737594,24.566560901431014,0.0,1386331.20699957,23.11568509600153,0.0,1896789.9061296012,33.022321625386574,0.0,0.0,0.0,0.0,0.0,6470.604290906122 
 07/21  17:10:00,38.98255481860988,942.09115244191,-0.1967922376423161,0.0,0.0,955.6783304129408,43.93125,968.469312761155,-7.1992528002906315,0.0,0.0,979.1961725725055,26.358756,1686.119313702101,2.6758207785700057,0.0,0.0,1669.9116718732735,0.0,1051.6636252668584,0.0,0.0,0.0,1036.4658944228593,0.0,0.0,0.0,0.0,0.0,0.0,0.0,0.0,0.0,0.0,0.0,0.0,0.0,0.0,26.563287785364455,26.93253009354423,25.78023220535647,35.83585040132044,29.833416664365693,29.833416664365693,29.833416664365693,29.833416664365693,29.833416664365693,29.833416664365693,29.833416664365693,29.833416664365693,20.11817475484843,20.135444995236764,20.15886004978331,20.235243916487175,20.31332681744794,20.3133268178802,24.261824013507148,20.220890292827875,20.284434430189638,20.284434430572432,24.56656200944951,20.193985721815476,20.22964284808904,20.22964284808921,23.115687312885452,24.577909834710177,24.881783768038975,23.53456345347909,24.317543134956484,24.317544323902357,24.31754432657634,24.317544329250325,29.833416664365693,25.636331656058676,26.345452868538985,20.11817475484843,20.11817475484843,0.0,0.027880176210958046,0.017631909850820637,0.005460651290851352,0.059359650006847495,0.0,0.049279619406379746,0.0,0.000977263739160448,0.0,0.06537187899506934,0.0027628728587572654,0.0,0.23788629108533255,0.0,0.0,0.0,0.0,0.0,0.0,0.0,0.0,0.0,0.0,0.0,0.0,0.0,0.0,0.0,0.0,0.0,0.0,0.0,0.0,0.0,0.0,0.0,0.0,0.0,0.0,0.0,0.0,0.0,0.0,0.0,0.0,0.0,0.0,0.0,0.0,0.0,0.0,0.0,0.0,0.0,0.0,0.0,0.0,0.0,0.0,0.0,0.0,0.0,0.0,0.0,0.0,0.0,0.0,0.0,0.0,0.0,0.0,0.0,0.0,0.0,0.0,26.999703091822482,0.0,0.0,27.380229854658936,0.0,0.0,26.287370351869818,0.0,0.0,36.300043818490835,0.0,0.0,0.0,0.0,0.0,0.0 
 07/21  17:20:00,39.2178847800579,282.98678562444144,0.5650657742894665,0.0,0.0,334.5743483627536,43.93125,244.64409560827318,0.0,0.0,0.0,302.1676813381832,26.358756,501.08409063725713,0.0,0.0,0.0,548.7129769866733,0.0,192.63719323328763,0.0,0.0,0.0,198.54922938655577,0.0,0.0,0.0,0.0,0.0,0.0,0.0,0.0,0.0,0.0,0.0,0.0,0.0,0.0,29.50915988110633,29.853200149077676,29.14152537920859,38.246963659553536,29.655083331032365,29.655083331032365,29.655083331032365,29.655083331032365,29.655083331032365,29.655083331032365,29.655083331032365,29.655083331032365,20.11817475484843,20.135444995236764,20.15886004978331,20.235243916487175,20.31332681744794,20.3133268178802,24.261824013507148,20.220890292827875,20.284434430189638,20.284434430572432,24.56656200944951,20.193985721815476,20.22964284808904,20.22964284808921,23.115687312885452,24.577909834710177,24.881783768038975,23.53456345347909,24.317543134956484,24.317544323902357,24.31754432657634,24.317544329250325,29.655083331032365,25.636331656058676,26.345452868538985,20.11817475484843,20.11817475484843,0.0,0.027678433039148777,0.017544225899430235,0.006718025030177955,0.058250813466970114,0.0,0.04808995618681194,0.0,0.003074334800935339,0.0,0.0642282612563834,0.0047536145413098335,0.0,0.2418931913417239,0.0,0.0,0.0,0.0,0.0,0.0,0.0,0.0,0.0,0.0,0.0,0.0,0.0,0.0,0.0,0.0,0.0,0.0,0.0,0.0,0.0,0.0,0.0,0.0,0.0,0.0,0.0,0.0,0.0,0.0,0.0,0.0,0.0,0.0,0.0,0.0,0.0,0.0,0.0,0.0,0.0,0.0,0.0,0.0,0.0,0.0,0.0,0.0,0.0,0.0,0.0,0.0,0.0,0.0,0.0,0.0,0.0,0.0,0.0,0.0,0.0,0.0,29.57059661512133,0.0,0.0,29.906749022348677,0.0,0.0,29.209416302112672,0.0,0.0,38.241977004018594,0.0,0.0,0.0,0.0,0.0,0.0 
 07/21  17:30:00,39.48064683923984,133.9631906184751,0.549345581143044,0.0,0.0,210.5440162975923,43.931250000000034,94.51609774677243,0.0,0.0,0.0,176.05079585155434,26.358756000000017,277.75558563646297,0.0,0.0,0.0,365.06322710661686,0.0,57.596000087140595,0.0,0.0,0.0,90.68296007945087,0.0,0.0,0.0,0.0,0.0,0.0,0.0,0.0,0.0,0.0,0.0,0.0,0.0,0.0,30.08221750528861,30.347518366475832,29.7922714324895,38.49496183481808,29.476749997699052,29.476749997699052,29.476749997699052,29.476749997699052,29.476749997699052,29.476749997699052,29.476749997699052,29.476749997699052,20.11817475484844,20.13544499523678,20.15886004978333,20.23524391648719,20.313326817447958,20.31332681788022,24.261824013507166,20.220890292827885,20.284434430189652,20.28443443057245,24.566562009449527,20.19398572181549,20.229642848089057,20.229642848089224,23.115687312885466,24.577909834710198,24.88178376803899,23.53456345347911,24.317543134956498,24.317544323902382,24.31754432657636,24.317544329250342,29.476749997699052,25.636331656058687,26.345452868539,20.11817475484844,20.11817475484844,0.0,0.027622083521938866,0.017522420819156496,0.006996310475800726,0.05809150603137945,0.0,0.04791200483516888,0.0,0.0034546789602564265,0.0,0.06404728535170963,0.005127631078975783,0.0,0.24272226068263697,0.0,0.0,0.0,0.0,0.0,0.0,0.0,0.0,0.0,0.0,0.0,0.0,0.0,0.0,0.0,0.0,0.0,0.0,0.0,0.0,0.0,0.0,0.0,0.0,0.0,0.0,0.0,0.0,0.0,0.0,0.0,0.0,0.0,0.0,0.0,0.0,0.0,0.0,0.0,0.0,0.0,0.0,0.0,0.0,0.0,0.0,0.0,0.0,0.0,0.0,0.0,0.0,0.0,0.0,0.0,0.0,0.0,0.0,0.0,0.0,0.0,0.0,30.244316033541928,0.0,0.0,30.483169435335526,0.0,0.0,29.97949227010318,0.0,0.0,38.563276216659084,0.0,0.0,0.0,0.0,0.0,0.0 
 07/21  17:40:00,39.77549112074363,81.55431366855052,0.038041493798914416,0.0,0.0,132.26494422395277,43.93125,41.22252502561419,0.0,0.0,0.0,99.13512614309344,26.358756,190.18632358463276,0.0,0.0,0.0,232.22851790438398,0.0,2.423254260601322,0.0,0.0,0.0,22.185766647893196,0.0,0.0,0.0,0.0,0.0,0.0,0.0,0.0,0.0,0.0,0.0,0.0,0.0,0.0,30.41261023711836,30.613202627899476,30.17381262766823,38.60298339613112,29.298416664365693,29.298416664365693,29.298416664365693,29.298416664365693,29.298416664365693,29.298416664365693,29.298416664365693,29.298416664365693,20.11817475484842,20.135444995236767,20.158860049783314,20.235243916487175,20.31332681744794,20.313326817880203,24.261824013507145,20.22089029282787,20.284434430189634,20.284434430572436,24.566562009449505,20.193985721815476,20.229642848089043,20.229642848089206,23.11568731288545,24.577909834710177,24.881783768038968,23.53456345347909,24.317543134956477,24.31754432390236,24.31754432657634,24.317544329250325,29.298416664365693,25.63633165605867,26.345452868538977,20.11817475484842,20.11817475484842,0.0,0.027588388069481027,0.0175108268877476,0.007185350495700397,0.05800437193849414,0.0,0.047810388810945244,0.0,0.003697938032984457,0.0,0.06394501538736927,0.005376018715437475,0.0,0.24332284043223695,0.0,0.0,0.0,0.0,0.0,0.0,0.0,0.0,0.0,0.0,0.0,0.0,0.0,0.0,0.0,0.0,0.0,0.0,0.0,0.0,0.0,0.0,0.0,0.0,0.0,0.0,0.0,0.0,0.0,0.0,0.0,0.0,0.0,0.0,0.0,0.0,0.0,0.0,0.0,0.0,0.0,0.0,0.0,0.0,0.0,0.0,0.0,0.0,0.0,0.0,0.0,0.0,0.0,0.0,0.0,0.0,0.0,0.0,0.0,0.0,0.0,0.0,30.71866067123072,0.0,0.0,30.84268579677675,0.0,0.0,30.53185736937359,0.0,0.0,38.653146082977365,0.0,0.0,0.0,0.0,0.0,0.0 
 07/21  17:50:00,40.108039823061524,28.857492207019668,-0.4030462106359849,0.0,0.0,81.29804850591484,43.93125,-2.145677138867896,0.0,0.0,0.0,51.664874947791475,26.358756,106.17189013995934,0.0,0.0,0.0,152.956277934595,0.0,-24.076043815070307,0.0,0.0,0.0,-19.687983897608767,0.0,0.0,0.0,0.0,0.0,0.0,0.0,0.0,0.0,0.0,0.0,0.0,0.0,0.0,31.086530704998893,31.0875874859638,30.979169905549703,38.61004790947946,29.120083331032358,29.120083331032358,29.120083331032358,29.120083331032358,29.120083331032358,29.120083331032358,29.120083331032358,29.120083331032358,20.11817475484842,20.135444995236767,20.158860049783314,20.235243916487175,20.31332681744794,20.313326817880203,24.261824013507145,20.22089029282787,20.284434430189634,20.284434430572436,24.566562009449505,20.193985721815476,20.229642848089043,20.229642848089206,23.11568731288545,24.577909834710177,24.881783768038968,23.53456345347909,24.317543134956477,24.31754432390236,24.31754432657634,24.317544329250325,29.120083331032358,25.63633165605867,26.345452868538977,20.11817475484842,20.11817475484842,0.0,0.027518355731661587,0.01749016338883219,0.007460341738219495,0.05786670420817689,0.0,0.047655972072805496,0.0,0.0039899802552224185,0.0,0.06376394191169925,0.005756217023245486,0.0,0.24401949356795274,0.0,0.0,0.0,0.0,0.0,0.0,0.0,0.0,0.0,0.0,0.0,0.0,0.0,0.0,0.0,0.0,0.0,0.0,0.0,0.0,0.0,0.0,0.0,0.0,0.0,0.0,0.0,0.0,0.0,0.0,0.0,0.0,0.0,0.0,0.0,0.0,0.0,0.0,0.0,0.0,0.0,0.0,0.0,0.0,0.0,0.0,0.0,0.0,0.0,0.0,0.0,0.0,0.0,0.0,0.0,0.0,0.0,0.0,0.0,0.0,0.0,0.0,31.15437260473878,0.0,0.0,31.133104516898733,0.0,0.0,31.066219030770952,0.0,0.0,38.599683245807164,0.0,0.0,0.0,0.0,0.0,0.0 
 07/21  18:00:00,40.485000934478045,-1.4513990751420014,-0.5183919907665171,0.0,0.0,44.38338285963833,43.93125,-23.43791817822821,0.0,0.0,0.0,24.223669702228253,26.358756,57.290818547535835,0.0,0.0,0.0,93.29965942953211,0.0,-31.345684660194223,0.0,0.0,0.0,-30.976230047458465,0.0,0.0,0.0,0.0,0.0,0.0,0.0,0.0,0.0,0.0,0.0,0.0,0.0,0.0,31.39006777921063,31.271254429537,31.381751340946316,38.48557368461131,28.941749997699027,28.941749997699027,28.941749997699027,28.941749997699027,28.941749997699027,28.941749997699027,28.941749997699027,28.941749997699027,20.11817475484842,20.135444995236767,20.158860049783314,20.235243916487175,20.31332681744794,20.313326817880203,24.261824013507145,20.22089029282787,20.284434430189634,20.284434430572436,24.566562009449505,20.193985721815476,20.229642848089043,20.229642848089206,23.11568731288545,24.577909834710177,24.881783768038968,23.53456345347909,24.317543134956477,24.31754432390236,24.31754432657634,24.317544329250325,28.941749997699027,25.63633165605867,26.345452868538977,20.11817475484842,20.11817475484842,0.0,0.027487961906588476,0.01748559662643518,0.007609980600297526,0.05781157139454811,0.0,0.047588469277353454,0.0,0.004139618924790799,0.0,0.06368324251060081,0.005970256610983582,0.0,0.24446331654682757,0.0,0.0,0.0,0.0,0.0,0.0,0.0,0.0,0.0,0.0,0.0,0.0,0.0,0.0,0.0,0.0,0.0,0.0,0.0,0.0,0.0,0.0,0.0,0.0,0.0,0.0,0.0,0.0,0.0,0.0,0.0,0.0,0.0,0.0,0.0,0.0,0.0,0.0,0.0,0.0,0.0,0.0,0.0,0.0,0.0,0.0,0.0,0.0,0.0,0.0,0.0,0.0,0.0,0.0,0.0,0.0,0.0,0.0,0.0,0.0,0.0,0.0,31.396312953244195,0.0,0.0,31.270984641546256,0.0,0.0,31.393803861061148,0.0,0.0,38.46768756247948,0.0,0.0,0.0,0.0,0.0,0.0 
 07/21  18:10:00,40.878250014797636,24.829686045545806,-0.3808486864455958,-94.77089425163072,0.0,-14.176143429525252,43.93125,-4.301865499483412,0.0,-87.25660584759615,0.0,-31.659456973662568,26.358756,66.52782642125129,0.0,-98.46186076243029,0.0,15.242416626643118,0.0,45.405387549239094,0.0,-215.12584430960436,0.0,-137.40859515515842,18925.79276110775,0.0,17495.39715763015,0.0,19640.628272899045,0.0,129075.50658576266,0.0,37936.7437898707,0.0,34858.56635092755,0.0,39436.48818455913,0.0,31.412002010277508,31.213377493464087,31.500207935163623,38.05979966352622,28.674249997699025,28.674249997699025,28.674249997699025,28.674249997699025,28.674249997699025,28.674249997699025,28.674249997699025,28.674249997699025,20.11817475484842,20.135444995236767,20.158860049783314,20.235243916487175,20.31332681744794,20.313326817880203,24.261824013507145,20.22089029282787,20.284434430189634,20.284434430572436,24.566562009449505,20.193985721815476,20.229642848089043,20.229642848089206,23.11568731288545,24.577909834710177,24.881783768038968,23.53456345347909,24.317543134956477,24.31754432390236,24.31754432657634,24.317544329250325,28.674249997699025,25.63633165605867,26.345452868538977,20.11817475484842,20.11817475484842,0.0,0.02748376584765577,0.01749323302070482,0.007712408518560937,0.05780975131487499,0.0,0.04757324040887525,0.0,0.004237734069144359,0.0,0.06366655803558338,0.00611693877487447,0.0,0.2448615273567416,0.0,0.0,0.0,0.0,0.0,0.0,0.0,0.0,0.0,0.0,0.0,0.0,0.0,0.0,0.0,0.0,0.0,0.0,0.0,0.0,0.0,0.0,0.0,0.0,0.0,0.0,0.0,0.0,0.0,0.0,0.0,0.0,0.0,0.0,0.0,0.0,0.0,0.0,0.0,0.0,0.0,0.0,0.0,0.0,0.0,0.0,0.0,0.0,0.0,0.0,0.0,0.0,0.0,0.0,0.0,0.0,0.0,0.0,0.0,0.0,0.0,0.0,31.399719918629117,0.0,0.0,31.192982492242415,0.0,0.0,31.50303626946119,0.0,0.0,37.97881571902918,0.0,0.0,0.0,0.0,0.0,0.0 
 07/21  18:20:00,41.3339797471052,66.62911545307337,-0.6700973476375722,-102.79348530255638,0.0,-5.73427050328302,43.93125,35.959029948986384,0.0,-92.20937277785853,0.0,-23.031782015994864,26.358756,99.2001472776295,0.0,-109.21459830584817,0.0,8.122091097572394,0.0,144.21545176396177,0.0,-209.76687215939955,0.0,-94.2519006153986,20431.310206996553,0.0,18437.57985351472,0.0,21630.78866322577,0.0,125860.12329563976,0.0,41244.7809745373,0.0,36888.0438132004,0.0,43897.9703202831,0.0,31.354612071902103,31.077776430510056,31.523177584039708,37.529424521187465,28.406749997699023,28.406749997699023,28.406749997699023,28.406749997699023,28.406749997699023,28.406749997699023,28.406749997699023,28.406749997699023,20.11817475484842,20.135444995236767,20.158860049783314,20.235243916487175,20.31332681744794,20.313326817880203,24.261824013507145,20.22089029282787,20.284434430189634,20.284434430572436,24.566562009449505,20.193985721815476,20.229642848089043,20.229642848089206,23.11568731288545,24.577909834710177,24.881783768038968,23.53456345347909,24.317543134956477,24.31754432390236,24.31754432657634,24.317544329250325,28.406749997699023,25.63633165605867,26.345452868538977,20.11817475484842,20.11817475484842,0.0,0.027481676652187037,0.01749867291347928,0.00781148947009196,0.057813299745955116,0.0,0.0475643474331517,0.0,0.004330704359559881,0.0,0.06365923045663283,0.006244693432772612,0.0,0.2452321612468596,0.0,0.0,0.0,0.0,0.0,0.0,0.0,0.0,0.0,0.0,0.0,0.0,0.0,0.0,0.0,0.0,0.0,0.0,0.0,0.0,0.0,0.0,0.0,0.0,0.0,0.0,0.0,0.0,0.0,0.0,0.0,0.0,0.0,0.0,0.0,0.0,0.0,0.0,0.0,0.0,0.0,0.0,0.0,0.0,0.0,0.0,0.0,0.0,0.0,0.0,0.0,0.0,0.0,0.0,0.0,0.0,0.0,0.0,0.0,0.0,0.0,0.0,31.347197921841023,0.0,0.0,31.059296161858626,0.0,0.0,31.52040688061836,0.0,0.0,37.47090303866048,0.0,0.0,0.0,0.0,0.0,0.0 
 07/21  18:30:00,41.87600816021456,86.95761878972391,-1.0111302680512182,-114.3189126877499,0.0,11.759807905232172,43.93125,54.40996397472246,0.0,-100.74888832556522,0.0,-4.397923399235119,26.358756,117.89798929149069,0.0,-121.54886216497732,0.0,20.987786379061422,0.0,161.26968107595542,0.0,-210.10827038500628,0.0,-50.86213615045487,22577.183355919766,0.0,20053.988033290625,0.0,23898.92412817944,0.0,126064.96223100375,0.0,46014.16425673019,0.0,40395.34496204849,0.0,49030.39317080696,0.0,31.366949049886497,31.010789386058335,31.559691056790204,37.206127166887,28.139249997699025,28.139249997699025,28.139249997699025,28.139249997699025,28.139249997699025,28.139249997699025,28.139249997699025,28.139249997699025,20.11817475484842,20.135444995236767,20.158860049783314,20.235243916487175,20.31332681744794,20.313326817880203,24.261824013507145,20.22089029282787,20.284434430189634,20.284434430572436,24.566562009449505,20.193985721815476,20.229642848089043,20.229642848089206,23.11568731288545,24.577909834710177,24.881783768038968,23.53456345347909,24.317543134956477,24.31754432390236,24.31754432657634,24.317544329250325,28.139249997699025,25.63633165605867,26.345452868538977,20.11817475484842,20.11817475484842,0.0,0.027468670251983546,0.01749247663106482,0.007961190314070513,0.05778623850441897,0.0,0.04752286778096522,0.0,0.004495364255675994,0.0,0.06362589119844267,0.006408890467947235,0.0,0.24575665935571284,0.0,0.0,0.0,0.0,0.0,0.0,0.0,0.0,0.0,0.0,0.0,0.0,0.0,0.0,0.0,0.0,0.0,0.0,0.0,0.0,0.0,0.0,0.0,0.0,0.0,0.0,0.0,0.0,0.0,0.0,0.0,0.0,0.0,0.0,0.0,0.0,0.0,0.0,0.0,0.0,0.0,0.0,0.0,0.0,0.0,0.0,0.0,0.0,0.0,0.0,0.0,0.0,0.0,0.0,0.0,0.0,0.0,0.0,0.0,0.0,0.0,0.0,31.386677885230846,0.0,0.0,31.022642677928797,0.0,0.0,31.577372664867546,0.0,0.0,37.210118741014895,0.0,0.0,0.0,0.0,0.0,0.0 
 07/21  18:40:00,34.824390805233264,96.8454322665088,-1.176752961570969,-126.33294053931417,0.0,9.745612605325144,43.93125,61.26536513709459,0.0,-110.41090740721921,0.0,-2.6324203729169953,26.358756,123.20613116145594,0.0,-134.1824430143705,0.0,19.084739295570465,0.0,151.11657037811557,0.0,-211.35939973175198,0.0,-49.245795806017654,24766.523578488494,0.0,21842.97281976026,0.0,26185.56105706988,0.0,126815.63983905117,0.0,51033.24074509996,0.0,44403.57162457133,0.0,54323.9047515524,0.0,31.401248551105372,31.02006618443649,31.593786293385786,37.16106830689873,27.871749997699027,27.871749997699027,27.871749997699027,27.871749997699027,27.871749997699027,27.871749997699027,27.871749997699027,27.871749997699027,20.11817475484842,20.135444995236767,20.158860049783314,20.235243916487175,20.31332681744794,20.313326817880203,24.261824013507145,20.22089029282787,20.284434430189634,20.284434430572436,24.566562009449505,20.193985721815476,20.229642848089043,20.229642848089206,23.11568731288545,24.577909834710177,24.881783768038968,23.53456345347909,24.317543134956477,24.31754432390236,24.31754432657634,24.317544329250325,27.871749997699027,25.63633165605867,26.345452868538977,20.11817475484842,20.11817475484842,0.0,0.02746296212212048,0.01748958966083111,0.008098107661646751,0.05776155017656198,0.0,0.04748254520357401,0.0,0.004668727056011667,0.0,0.06360149814290446,0.006559985246907864,0.0,0.24633316176871514,0.0,0.0,0.0,0.0,0.0,0.0,0.0,0.0,0.0,0.0,0.0,0.0,0.0,0.0,0.0,0.0,0.0,0.0,0.0,0.0,0.0,0.0,0.0,0.0,0.0,0.0,0.0,0.0,0.0,0.0,0.0,0.0,0.0,0.0,0.0,0.0,0.0,0.0,0.0,0.0,0.0,0.0,0.0,0.0,0.0,0.0,0.0,0.0,0.0,0.0,0.0,0.0,0.0,0.0,0.0,0.0,0.0,0.0,0.0,0.0,0.0,0.0,31.43187380808469,0.0,0.0,31.010451587852017,0.0,0.0,31.63642436122004,0.0,0.0,36.98864712119806,0.0,0.0,0.0,0.0,0.0,0.0 
 07/21  18:50:00,39.1577858942281,107.22694993328956,-1.315098068106309,-138.2662589044529,0.0,8.364271364974057,43.93125,67.52322948929705,0.0,-119.8514359406878,0.0,-4.8169479461783355,26.358756,119.7532847243523,0.0,-145.86513581065293,0.0,8.931796011825263,0.0,144.12248381873047,0.0,-211.7353419152373,0.0,-57.72524777295705,26915.296166193395,0.0,23564.913436446375,0.0,28258.141321930987,0.0,127041.20514914232,0.0,56044.45917647838,0.0,48345.948127966294,0.0,59260.94016446071,0.0,31.43187380808469,31.010451587852017,31.63642436122004,36.98864712119806,27.604249997699025,27.604249997699025,27.604249997699025,27.604249997699025,27.604249997699025,27.604249997699025,27.604249997699025,27.604249997699025,20.11817475484842,20.135444995236767,20.158860049783314,20.235243916487175,20.31332681744794,20.313326817880203,24.261824013507145,20.22089029282787,20.284434430189634,20.284434430572436,24.566562009449505,20.193985721815476,20.229642848089043,20.229642848089206,23.11568731288545,24.577909834710177,24.881783768038968,23.53456345347909,24.317543134956477,24.31754432390236,24.31754432657634,24.317544329250325,27.604249997699025,25.63633165605867,26.345452868538977,20.11817475484842,20.11817475484842,0.0,0.027454537799085785,0.017485966470097716,0.008238084852094462,0.057736000853521575,0.0,0.04744196246419324,0.0,0.004836912230555284,0.0,0.06357335370157079,0.006716555605770675,0.0,0.24688346235803635,0.0,0.0,0.0,0.0,0.0,0.0,0.0,0.0,0.0,0.0,0.0,0.0,0.0,0.0,0.0,0.0,0.0,0.0,0.0,0.0,0.0,0.0,0.0,0.0,0.0,0.0,0.0,0.0,0.0,0.0,0.0,0.0,0.0,0.0,0.0,0.0,0.0,0.0,0.0,0.0,0.0,0.0,0.0,0.0,0.0,0.0,0.0,0.0,0.0,0.0,0.0,0.0,0.0,0.0,0.0,0.0,0.0,0.0,0.0,0.0,0.0,0.0,31.47066637617043,0.0,0.0,30.98814656796869,0.0,0.0,31.664062008627045,0.0,0.0,36.72926782608073,0.0,0.0,0.0,0.0,0.0,0.0 
 07/21  19:00:00,42.76683953278553,114.75309673080989,-1.4686841961814707,-150.13854370163915,0.0,6.775657454951611,43.93125,75.23343969849842,0.0,-128.87188649513138,0.0,-7.882808006104352,26.358756,118.90268248600577,0.0,-156.24705712302887,0.0,-3.7784353234593793,0.0,146.0102862414728,0.0,-211.5108062700025,0.0,-63.560823924028675,29016.701975821466,0.0,25191.300579894192,0.0,30061.092076154644,0.0,126906.48376200152,0.0,61066.424245162,0.0,52131.831317184675,0.0,63687.14219766266,0.0,31.47066637617043,30.98814656796869,31.664062008627045,36.72926782608073,27.336749997699023,27.336749997699023,27.336749997699023,27.336749997699023,27.336749997699023,27.336749997699023,27.336749997699023,27.336749997699023,20.11817475484842,20.135444995236767,20.158860049783314,20.235243916487175,20.31332681744794,20.313326817880203,24.261824013507145,20.22089029282787,20.284434430189634,20.284434430572436,24.566562009449505,20.193985721815476,20.229642848089043,20.229642848089206,23.11568731288545,24.577909834710177,24.881783768038968,23.53456345347909,24.317543134956477,24.31754432390236,24.31754432657634,24.317544329250325,27.336749997699023,25.63633165605867,26.345452868538977,20.11817475484842,20.11817475484842,0.0,0.027444384485016134,0.01747740461084418,0.008374575299085158,0.05771096446564683,0.0,0.0474020074013077,0.0,0.004989103185786444,0.0,0.06354704575964071,0.0068613868442081675,0.0,0.2474090596844636,0.0,0.0,0.0,0.0,0.0,0.0,0.0,0.0,0.0,0.0,0.0,0.0,0.0,0.0,0.0,0.0,0.0,0.0,0.0,0.0,0.0,0.0,0.0,0.0,0.0,0.0,0.0,0.0,0.0,0.0,0.0,0.0,0.0,0.0,0.0,0.0,0.0,0.0,0.0,0.0,0.0,0.0,0.0,0.0,0.0,0.0,0.0,0.0,0.0,0.0,0.0,0.0,0.0,0.0,0.0,0.0,0.0,0.0,0.0,0.0,0.0,0.0,31.502092836768547,0.0,0.0,30.951651137999917,0.0,0.0,31.652371409264646,0.0,0.0,36.443939703061794,0.0,0.0,0.0,0.0,0.0,0.0 
 07/21  19:10:00,43.92754651146923,122.25639329026295,-1.6493569224785318,-159.09947672177924,0.0,5.755426236105432,43.93125,82.62940176572815,0.0,-135.00322292181465,0.0,-8.746939424260095,26.358756,131.37863984912195,0.0,-163.3466360263251,0.0,-7.0889628897971075,0.0,150.07747147320737,0.0,-209.69642826215636,0.0,-62.52018910402488,30585.492605857522,0.0,26290.37369641087,0.0,31292.403691732172,0.0,125817.85695729383,0.0,64874.19342720996,0.0,54711.560056677874,0.0,66715.57792406292,0.0,31.502092836768547,30.951651137999917,31.652371409264646,36.443939703061794,27.14058333103236,27.14058333103236,27.14058333103236,27.14058333103236,27.14058333103236,27.14058333103236,27.14058333103236,27.14058333103236,20.11817475484842,20.135444995236767,20.158860049783314,20.235243916487175,20.31332681744794,20.313326817880203,24.261824013507145,20.22089029282787,20.284434430189634,20.284434430572436,24.566562009449505,20.193985721815476,20.229642848089043,20.229642848089206,23.11568731288545,24.577909834710177,24.881783768038968,23.53456345347909,24.317543134956477,24.31754432390236,24.31754432657634,24.317544329250325,27.14058333103236,25.63633165605867,26.345452868538977,20.11817475484842,20.11817475484842,0.0,0.027437248426965453,0.01747434483867145,0.0084742581966883,0.0577059541492271,0.0,0.04738746180517465,0.0,0.005088176409227239,0.0,0.06353952557382948,0.006954302748117745,0.0,0.2477313622273203,0.0,0.0,0.0,0.0,0.0,0.0,0.0,0.0,0.0,0.0,0.0,0.0,0.0,0.0,0.0,0.0,0.0,0.0,0.0,0.0,0.0,0.0,0.0,0.0,0.0,0.0,0.0,0.0,0.0,0.0,0.0,0.0,0.0,0.0,0.0,0.0,0.0,0.0,0.0,0.0,0.0,0.0,0.0,0.0,0.0,0.0,0.0,0.0,0.0,0.0,0.0,0.0,0.0,0.0,0.0,0.0,0.0,0.0,0.0,0.0,0.0,0.0,31.528788550307002,0.0,0.0,30.91116205342539,0.0,0.0,31.630440454894618,0.0,0.0,36.163545573441915,0.0,0.0,0.0,0.0,0.0,0.0 
 07/21  19:20:00,43.93125,129.05657780713506,-1.8448310135246402,-167.75792810184316,0.0,4.223010104414082,43.93125,87.55675721095167,0.0,-141.31908586604442,0.0,-9.927346709819538,26.358756,143.47237438566992,0.0,-170.97968130397732,0.0,-2.8840155706556816,0.0,122.31268579505667,0.0,-207.7501023656896,0.0,-83.35533769893922,32079.090407843334,0.0,27427.454597756645,0.0,32625.062669745792,0.0,124650.06141941377,0.0,68575.66645326256,0.0,57363.996921869984,0.0,69962.74611264058,0.0,31.5345899633898,30.898901685044663,31.627303035145225,36.06431064168026,26.94441666436569,26.94441666436569,26.94441666436569,26.94441666436569,26.94441666436569,26.94441666436569,26.94441666436569,26.94441666436569,20.11817475484842,20.135444995236767,20.158860049783314,20.235243916487175,20.31332681744794,20.313326817880203,24.261824013507145,20.22089029282787,20.284434430189634,20.284434430572436,24.566562009449505,20.193985721815476,20.229642848089043,20.229642848089206,23.11568731288545,24.577909834710177,24.881783768038968,23.53456345347909,24.317543134956477,24.31754432390236,24.31754432657634,24.317544329250325,26.94441666436569,25.63633165605867,26.345452868538977,20.11817475484842,20.11817475484842,0.0,0.027430237175219745,0.017467970114232227,0.008563779295512518,0.05770351185621832,0.0,0.047375581273193274,0.0,0.005165009607719175,0.0,0.06353553574532668,0.007032932869971647,0.0,0.24801910160556856,0.0,0.0,0.0,0.0,0.0,0.0,0.0,0.0,0.0,0.0,0.0,0.0,0.0,0.0,0.0,0.0,0.0,0.0,0.0,0.0,0.0,0.0,0.0,0.0,0.0,0.0,0.0,0.0,0.0,0.0,0.0,0.0,0.0,0.0,0.0,0.0,0.0,0.0,0.0,0.0,0.0,0.0,0.0,0.0,0.0,0.0,0.0,0.0,0.0,0.0,0.0,0.0,0.0,0.0,0.0,0.0,0.0,0.0,0.0,0.0,0.0,0.0,31.544384095083497,0.0,0.0,30.87592834878208,0.0,0.0,31.62284214955941,0.0,0.0,35.87756553365742,0.0,0.0,0.0,0.0,0.0,0.0 
 07/21  19:30:00,43.93125,133.95572282173333,-1.9962725828624457,-176.11367170364812,0.0,0.5815483757738935,43.93125,93.1244151572815,0.0,-147.28913954211328,0.0,-10.16989817209873,26.358756,150.48269885048148,0.0,-178.84236494070836,0.0,-1.6324603451910913,0.0,124.2855890421135,0.0,-203.80047363185474,0.0,-81.91763822407135,33512.76736807765,0.0,28485.658140361087,0.0,33976.761030595866,0.0,122280.28417911284,0.0,72155.43565411124,0.0,59887.82558490688,0.0,73328.65793382913,0.0,31.550443998785646,30.836538675570644,31.618656873439896,35.55981690307792,26.748249997699027,26.748249997699027,26.748249997699027,26.748249997699027,26.748249997699027,26.748249997699027,26.748249997699027,26.748249997699027,20.11817475484842,20.135444995236767,20.158860049783314,20.235243916487175,20.31332681744794,20.313326817880203,24.261824013507145,20.22089029282787,20.284434430189634,20.284434430572436,24.566562009449505,20.193985721815476,20.229642848089043,20.229642848089206,23.11568731288545,24.577909834710177,24.881783768038968,23.53456345347909,24.317543134956477,24.31754432390236,24.31754432657634,24.317544329250325,26.748249997699027,25.63633165605867,26.345452868538977,20.11817475484842,20.11817475484842,0.0,0.027428012145150074,0.017467560651769853,0.008629215290226177,0.05771454862671091,0.0,0.047378216757281676,0.0,0.005211644945133795,0.0,0.0635420355950767,0.007098643718180454,0.0,0.24822541163254136,0.0,0.0,0.0,0.0,0.0,0.0,0.0,0.0,0.0,0.0,0.0,0.0,0.0,0.0,0.0,0.0,0.0,0.0,0.0,0.0,0.0,0.0,0.0,0.0,0.0,0.0,0.0,0.0,0.0,0.0,0.0,0.0,0.0,0.0,0.0,0.0,0.0,0.0,0.0,0.0,0.0,0.0,0.0,0.0,0.0,0.0,0.0,0.0,0.0,0.0,0.0,0.0,0.0,0.0,0.0,0.0,0.0,0.0,0.0,0.0,0.0,0.0,31.551093859130205,0.0,0.0,30.829153502446978,0.0,0.0,31.617727730614497,0.0,0.0,35.50539092460437,0.0,0.0,0.0,0.0,0.0,0.0 
 07/21  19:40:00,43.93125,138.66224089279308,-2.107291855194994,-183.89108424465016,0.0,-2.767971323275289,43.93125,97.79024971655267,0.0,-153.1674094824481,0.0,-11.156160514453457,26.358756,154.6012244661053,0.0,-186.528929496593,0.0,-4.6469958905200635,0.0,119.94884438239832,0.0,-200.1405423531698,0.0,-80.16925656886036,34836.39916456173,0.0,29520.06281547168,0.0,35283.50846409149,0.0,120084.32541190187,0.0,75498.25138222835,0.0,62380.38287399718,0.0,76633.84923386431,0.0,31.54419843121132,30.78422759317758,31.60799359862306,35.180406557068636,26.552083331032357,26.552083331032357,26.552083331032357,26.552083331032357,26.552083331032357,26.552083331032357,26.552083331032357,26.552083331032357,20.11817475484842,20.135444995236767,20.158860049783314,20.235243916487175,20.31332681744794,20.313326817880203,24.261824013507145,20.22089029282787,20.284434430189634,20.284434430572436,24.566562009449505,20.193985721815476,20.229642848089043,20.229642848089206,23.11568731288545,24.577909834710177,24.881783768038968,23.53456345347909,24.317543134956477,24.31754432390236,24.31754432657634,24.317544329250325,26.552083331032357,25.63633165605867,26.345452868538977,20.11817475484842,20.11817475484842,0.0,0.027429111996821468,0.01747035425203062,0.008692128624015746,0.05772358342908335,0.0,0.047378263545548006,0.0,0.005270119406605569,0.0,0.06354769893591247,0.00716992946195266,0.0,0.24847327903479655,0.0,0.0,0.0,0.0,0.0,0.0,0.0,0.0,0.0,0.0,0.0,0.0,0.0,0.0,0.0,0.0,0.0,0.0,0.0,0.0,0.0,0.0,0.0,0.0,0.0,0.0,0.0,0.0,0.0,0.0,0.0,0.0,0.0,0.0,0.0,0.0,0.0,0.0,0.0,0.0,0.0,0.0,0.0,0.0,0.0,0.0,0.0,0.0,0.0,0.0,0.0,0.0,0.0,0.0,0.0,0.0,0.0,0.0,0.0,0.0,0.0,0.0,31.541741111081095,0.0,0.0,30.77876436037609,0.0,0.0,31.60590823260334,0.0,0.0,35.14591119251389,0.0,0.0,0.0,0.0,0.0,0.0 
 07/21  19:50:00,43.93125,142.8369339289415,-2.190848872167905,-191.13027156448118,0.0,-5.910877414438833,43.93125,102.21624895705341,0.0,-158.86251515454674,0.0,-12.437641491424916,26.358756,157.86512958545,0.0,-193.79115455308457,0.0,-8.680762530534253,0.0,115.29523226183366,0.0,-196.43426863948747,0.0,-81.06629146413675,36059.25813542593,0.0,30515.75378860562,0.0,36507.80254119167,0.0,117860.56118369248,0.0,78618.90480326278,0.0,64801.75530412244,0.0,79766.89019065905,0.0,31.521225221122606,30.729552525326724,31.585780058593187,34.826040579195336,26.355916664365694,26.355916664365694,26.355916664365694,26.355916664365694,26.355916664365694,26.355916664365694,26.355916664365694,26.355916664365694,20.11817475484842,20.135444995236767,20.158860049783314,20.235243916487175,20.31332681744794,20.313326817880203,24.261824013507145,20.22089029282787,20.284434430189634,20.284434430572436,24.566562009449505,20.193985721815476,20.229642848089043,20.229642848089206,23.11568731288545,24.577909834710177,24.881783768038968,23.53456345347909,24.317543134956477,24.31754432390236,24.31754432657634,24.317544329250325,26.355916664365694,25.63633165605867,26.345452868538977,20.11817475484842,20.11817475484842,0.0,0.02743337004190606,0.017475122205924933,0.008746746753863936,0.057736229758439755,0.0,0.04738194239727819,0.0,0.005323938557379018,0.0,0.06355828288255908,0.0072340258151744816,0.0,0.2487155027601297,0.0,0.0,0.0,0.0,0.0,0.0,0.0,0.0,0.0,0.0,0.0,0.0,0.0,0.0,0.0,0.0,0.0,0.0,0.0,0.0,0.0,0.0,0.0,0.0,0.0,0.0,0.0,0.0,0.0,0.0,0.0,0.0,0.0,0.0,0.0,0.0,0.0,0.0,0.0,0.0,0.0,0.0,0.0,0.0,0.0,0.0,0.0,0.0,0.0,0.0,0.0,0.0,0.0,0.0,0.0,0.0,0.0,0.0,0.0,0.0,0.0,0.0,31.51768671101849,0.0,0.0,30.722628517526882,0.0,0.0,31.582017661738035,0.0,0.0,34.78464385325748,0.0,0.0,0.0,0.0,0.0,0.0 
 07/21  20:00:00,43.93125,146.56611625129398,-2.250435837555635,-197.83638914552938,0.0,-8.966620935159348,43.93125,106.55600856889677,0.0,-164.37037404759832,0.0,-13.638611624568641,26.358756,160.67842101634167,0.0,-200.5936066102012,0.0,-12.703229235650978,0.0,112.04430891759093,0.0,-192.71520194328536,0.0,-80.94488314589344,37184.21184998172,0.0,31473.259313145816,0.0,37646.594707734155,0.0,115629.12116597123,0.0,81517.62163733589,0.0,67148.96511541319,0.0,82709.56925838659,0.0,31.48457528624333,30.668296943772773,31.55060931077916,34.46362677671171,26.159749997699024,26.159749997699024,26.159749997699024,26.159749997699024,26.159749997699024,26.159749997699024,26.159749997699024,26.159749997699024,20.11817475484842,20.135444995236767,20.158860049783314,20.235243916487175,20.31332681744794,20.313326817880203,24.261824013507145,20.22089029282787,20.284434430189634,20.284434430572436,24.566562009449505,20.193985721815476,20.229642848089043,20.229642848089206,23.11568731288545,24.577909834710177,24.881783768038968,23.53456345347909,24.317543134956477,24.31754432390236,24.31754432657634,24.317544329250325,26.159749997699024,25.63633165605867,26.345452868538977,20.11817475484842,20.11817475484842,0.0,0.02743977805606517,0.017481115481053047,0.008794751054873838,0.05775240737937189,0.0,0.047389323450510196,0.0,0.005371909381121912,0.0,0.0635732310629697,0.0072912801090741705,0.0,0.24894454525495566,0.0,0.0,0.0,0.0,0.0,0.0,0.0,0.0,0.0,0.0,0.0,0.0,0.0,0.0,0.0,0.0,0.0,0.0,0.0,0.0,0.0,0.0,0.0,0.0,0.0,0.0,0.0,0.0,0.0,0.0,0.0,0.0,0.0,0.0,0.0,0.0,0.0,0.0,0.0,0.0,0.0,0.0,0.0,0.0,0.0,0.0,0.0,0.0,0.0,0.0,0.0,0.0,0.0,0.0,0.0,0.0,0.0,0.0,0.0,0.0,0.0,0.0,31.47937005657561,0.0,0.0,30.660832595695567,0.0,0.0,31.545642309391223,0.0,0.0,34.423035331347336,0.0,0.0,0.0,0.0,0.0,0.0 
 07/21  20:10:00,43.93125,149.74166230488578,-2.2932873895328,-202.62367008220565,0.0,-10.949983018761056,43.93125,110.40159362686992,0.0,-168.33394815021893,0.0,-14.010146371310647,26.358756,163.0156210573316,0.0,-205.50030018091343,0.0,-15.623753482357962,0.0,108.68648580011697,0.0,-188.24070157430907,0.0,-79.89548543231604,37983.428844167895,0.0,32159.94723388655,0.0,38463.63872988388,0.0,112944.42094458546,0.0,83590.77320515554,0.0,68840.42165624481,0.0,84836.54137866414,0.0,31.436635893411133,30.60382610786565,31.505192748855656,34.10535427648924,25.999249997699025,25.999249997699025,25.999249997699025,25.999249997699025,25.999249997699025,25.999249997699025,25.999249997699025,25.999249997699025,20.11817475484842,20.135444995236767,20.158860049783314,20.235243916487175,20.31332681744794,20.313326817880203,24.261824013507145,20.22089029282787,20.284434430189634,20.284434430572436,24.566562009449505,20.193985721815476,20.229642848089043,20.229642848089206,23.11568731288545,24.577909834710177,24.881783768038968,23.53456345347909,24.317543134956477,24.31754432390236,24.31754432657634,24.317544329250325,25.999249997699025,25.63633165605867,26.345452868538977,20.11817475484842,20.11817475484842,0.0,0.02744776352815844,0.017487854957588714,0.00882283611228123,0.05777224346433811,0.0,0.047402480048715834,0.0,0.005397304398642079,0.0,0.0635923443329778,0.007327001391021696,0.0,0.24909439442333509,0.0,0.0,0.0,0.0,0.0,0.0,0.0,0.0,0.0,0.0,0.0,0.0,0.0,0.0,0.0,0.0,0.0,0.0,0.0,0.0,0.0,0.0,0.0,0.0,0.0,0.0,0.0,0.0,0.0,0.0,0.0,0.0,0.0,0.0,0.0,0.0,0.0,0.0,0.0,0.0,0.0,0.0,0.0,0.0,0.0,0.0,0.0,0.0,0.0,0.0,0.0,0.0,0.0,0.0,0.0,0.0,0.0,0.0,0.0,0.0,0.0,0.0,31.430500931531927,0.0,0.0,30.596282476452558,0.0,0.0,31.499291386415237,0.0,0.0,34.06580782071558,0.0,0.0,0.0,0.0,0.0,0.0 
 07/21  20:20:00,43.93125,152.0860738726792,-2.3156291460343468,-207.06672764553787,0.0,-12.919324094148019,43.93125,113.56854503407948,0.0,-172.23563197542947,0.0,-14.562331758175262,26.358756,164.52174062166347,0.0,-210.06638324458714,0.0,-18.52100388732456,0.0,105.10015565977605,0.0,-183.8732951267873,0.0,-78.98430849542095,38721.85262710713,0.0,32833.00849647696,0.0,39220.50387443887,0.0,110323.97707607233,0.0,85518.1839602156,0.0,70508.37068878072,0.0,86819.32607231339,0.0,31.379818576092454,30.537400061360906,31.45100479494943,33.75246268118835,25.838749997699026,25.838749997699026,25.838749997699026,25.838749997699026,25.838749997699026,25.838749997699026,25.838749997699026,25.838749997699026,20.11817475484842,20.135444995236767,20.158860049783314,20.235243916487175,20.31332681744794,20.313326817880203,24.261824013507145,20.22089029282787,20.284434430189634,20.284434430572436,24.566562009449505,20.193985721815476,20.229642848089043,20.229642848089206,23.11568731288545,24.577909834710177,24.881783768038968,23.53456345347909,24.317543134956477,24.31754432390236,24.31754432657634,24.317544329250325,25.838749997699026,25.63633165605867,26.345452868538977,20.11817475484842,20.11817475484842,0.0,0.027457191668837734,0.017495272151289428,0.008847141246810472,0.057793840258317644,0.0,0.047417452412677176,0.0,0.005420710955185773,0.0,0.06361410487309296,0.007358578867284544,0.0,0.24923977770819822,0.0,0.0,0.0,0.0,0.0,0.0,0.0,0.0,0.0,0.0,0.0,0.0,0.0,0.0,0.0,0.0,0.0,0.0,0.0,0.0,0.0,0.0,0.0,0.0,0.0,0.0,0.0,0.0,0.0,0.0,0.0,0.0,0.0,0.0,0.0,0.0,0.0,0.0,0.0,0.0,0.0,0.0,0.0,0.0,0.0,0.0,0.0,0.0,0.0,0.0,0.0,0.0,0.0,0.0,0.0,0.0,0.0,0.0,0.0,0.0,0.0,0.0,31.372804953541202,0.0,0.0,30.529675823443434,0.0,0.0,31.444198826949766,0.0,0.0,33.713386337225664,0.0,0.0,0.0,0.0,0.0,0.0 
 07/21  20:30:00,43.93125,154.09277422762733,-2.3191339739957044,-211.13047915717053,0.0,-14.994745875922401,43.93125,116.48020435188675,0.0,-176.0113960330875,0.0,-15.402052422646499,26.358756,165.82999003165943,0.0,-214.27148783168568,0.0,-21.459963010823476,0.0,101.84763474606723,0.0,-179.60872968541202,0.0,-78.01120445221446,39394.23265871,0.0,33481.45035482792,0.0,39914.533655167164,0.0,107765.2378112472,0.0,87284.05483559227,0.0,72125.38726502459,0.0,88648.35904384423,0.0,31.31387466212137,30.46784991199452,31.388022282669183,33.404172335712715,25.678249997699027,25.678249997699027,25.678249997699027,25.678249997699027,25.678249997699027,25.678249997699027,25.678249997699027,25.678249997699027,20.11817475484842,20.135444995236767,20.158860049783314,20.235243916487175,20.31332681744794,20.313326817880203,24.261824013507145,20.22089029282787,20.284434430189634,20.284434430572436,24.566562009449505,20.193985721815476,20.229642848089043,20.229642848089206,23.11568731288545,24.577909834710177,24.881783768038968,23.53456345347909,24.317543134956477,24.31754432390236,24.31754432657634,24.317544329250325,25.678249997699027,25.63633165605867,26.345452868538977,20.11817475484842,20.11817475484842,0.0,0.027467963081999017,0.017503313444552873,0.008867806696676934,0.057817266613831284,0.0,0.04743431289819464,0.0,0.005441898249302163,0.0,0.06363847955826266,0.007386157777656579,0.0,0.2493805739325485,0.0,0.0,0.0,0.0,0.0,0.0,0.0,0.0,0.0,0.0,0.0,0.0,0.0,0.0,0.0,0.0,0.0,0.0,0.0,0.0,0.0,0.0,0.0,0.0,0.0,0.0,0.0,0.0,0.0,0.0,0.0,0.0,0.0,0.0,0.0,0.0,0.0,0.0,0.0,0.0,0.0,0.0,0.0,0.0,0.0,0.0,0.0,0.0,0.0,0.0,0.0,0.0,0.0,0.0,0.0,0.0,0.0,0.0,0.0,0.0,0.0,0.0,31.305544817257548,0.0,0.0,30.459442761557227,0.0,0.0,31.379998385824802,0.0,0.0,33.36558093081716,0.0,0.0,0.0,0.0,0.0,0.0 
 07/21  20:40:00,43.93125,156.02083266588204,-2.30858851266472,-214.8378939540118,0.0,-16.835436720581463,43.93125,119.31899970061758,0.0,-179.64777888058228,0.0,-16.224246487203224,26.358756,167.14636096363603,0.0,-218.13897267560813,0.0,-24.096372836535195,0.0,98.90266311467344,0.0,-175.46655680044194,0.0,-76.83469795665985,40005.7425447032,0.0,34103.73053508983,0.0,40550.74225618507,0.0,105279.93408026517,0.0,88896.99382770393,0.0,73684.93679325953,0.0,90332.64134917979,0.0,31.23871993625625,30.394181722546044,31.316333815215792,33.061088610692835,25.517749997699024,25.517749997699024,25.517749997699024,25.517749997699024,25.517749997699024,25.517749997699024,25.517749997699024,25.517749997699024,20.11817475484842,20.135444995236767,20.158860049783314,20.235243916487175,20.31332681744794,20.313326817880203,24.261824013507145,20.22089029282787,20.284434430189634,20.284434430572436,24.566562009449505,20.193985721815476,20.229642848089043,20.229642848089206,23.11568731288545,24.577909834710177,24.881783768038968,23.53456345347909,24.317543134956477,24.31754432390236,24.31754432657634,24.317544329250325,25.517749997699024,25.63633165605867,26.345452868538977,20.11817475484842,20.11817475484842,0.0,0.0274799393479703,0.017511888708083404,0.008885121259685809,0.05784248893000478,0.0,0.04745302092748763,0.0,0.005460854464160356,0.0,0.06366533162628274,0.007410063254941852,0.0,0.2495174019944607,0.0,0.0,0.0,0.0,0.0,0.0,0.0,0.0,0.0,0.0,0.0,0.0,0.0,0.0,0.0,0.0,0.0,0.0,0.0,0.0,0.0,0.0,0.0,0.0,0.0,0.0,0.0,0.0,0.0,0.0,0.0,0.0,0.0,0.0,0.0,0.0,0.0,0.0,0.0,0.0,0.0,0.0,0.0,0.0,0.0,0.0,0.0,0.0,0.0,0.0,0.0,0.0,0.0,0.0,0.0,0.0,0.0,0.0,0.0,0.0,0.0,0.0,31.22947566255148,0.0,0.0,30.385368375984044,0.0,0.0,31.307421662473146,0.0,0.0,33.02322330908766,0.0,0.0,0.0,0.0,0.0,0.0 
 07/21  20:50:00,43.93125,157.8913466467049,-2.2871590357319107,-218.23951657139733,0.0,-18.397433322665723,43.93125,122.0861773817848,0.0,-183.15535769004413,0.0,-16.97643665186277,26.358756,168.51684192783472,0.0,-221.71111973675633,0.0,-26.372978248163115,0.0,96.15856102797957,0.0,-171.4590099834964,0.0,-75.5649947393716,40565.42823636941,0.0,34702.023212402244,0.0,41136.77282014083,0.0,102875.40599009783,0.0,90378.28170646905,0.0,75191.19140162425,0.0,91889.89902191295,0.0,31.155908449398993,30.31694638108981,31.237252345376184,32.72399957246946,25.357249997699025,25.357249997699025,25.357249997699025,25.357249997699025,25.357249997699025,25.357249997699025,25.357249997699025,25.357249997699025,20.11817475484842,20.135444995236767,20.158860049783314,20.235243916487175,20.31332681744794,20.313326817880203,24.261824013507145,20.22089029282787,20.284434430189634,20.284434430572436,24.566562009449505,20.193985721815476,20.229642848089043,20.229642848089206,23.11568731288545,24.577909834710177,24.881783768038968,23.53456345347909,24.317543134956477,24.31754432390236,24.31754432657634,24.317544329250325,25.357249997699025,25.63633165605867,26.345452868538977,20.11817475484842,20.11817475484842,0.0,0.027492835226554123,0.017520775839897335,0.008899805710871598,0.05786916617143992,0.0,0.04747321676945715,0.0,0.005478118150238953,0.0,0.0636942375572668,0.007430972632189915,0.0,0.24965161231911676,0.0,0.0,0.0,0.0,0.0,0.0,0.0,0.0,0.0,0.0,0.0,0.0,0.0,0.0,0.0,0.0,0.0,0.0,0.0,0.0,0.0,0.0,0.0,0.0,0.0,0.0,0.0,0.0,0.0,0.0,0.0,0.0,0.0,0.0,0.0,0.0,0.0,0.0,0.0,0.0,0.0,0.0,0.0,0.0,0.0,0.0,0.0,0.0,0.0,0.0,0.0,0.0,0.0,0.0,0.0,0.0,0.0,0.0,0.0,0.0,0.0,0.0,31.145904599986793,0.0,0.0,30.307769497475466,0.0,0.0,31.227574542508442,0.0,0.0,32.686829618060955,0.0,0.0,0.0,0.0,0.0,0.0 
 07/21  21:00:00,43.93125,159.7031926850882,-2.257150300591171,-221.3795138111453,0.0,-19.735368574378278,43.93125,124.76799061715684,0.0,-186.54218843104033,0.0,-17.6861923808354,26.358756,169.94772332284282,0.0,-225.02903342697115,0.0,-28.32465535357173,0.0,93.59344478370821,0.0,-167.59070548363735,0.0,-74.25590576032201,41080.93757326061,0.0,35277.90492500758,0.0,41679.81053442601,0.0,100554.42329018237,0.0,91746.77071342657,0.0,76647.40813361661,0.0,93337.6095217567,0.0,31.066626998944283,30.23643204090662,31.151846849847622,32.39307732092374,25.196749997699026,25.196749997699026,25.196749997699026,25.196749997699026,25.196749997699026,25.196749997699026,25.196749997699026,25.196749997699026,20.11817475484842,20.135444995236767,20.158860049783314,20.235243916487175,20.31332681744794,20.313326817880203,24.261824013507145,20.22089029282787,20.284434430189634,20.284434430572436,24.566562009449505,20.193985721815476,20.229642848089043,20.229642848089206,23.11568731288545,24.577909834710177,24.881783768038968,23.53456345347909,24.317543134956477,24.31754432390236,24.31754432657634,24.317544329250325,25.196749997699026,25.63633165605867,26.345452868538977,20.11817475484842,20.11817475484842,0.0,0.027506383071538,0.017529731735135196,0.008912370374922571,0.05789707153351982,0.0,0.047494662305007165,0.0,0.005493996273801503,0.0,0.06372489627843075,0.007449395794814121,0.0,0.24978402442622955,0.0,0.0,0.0,0.0,0.0,0.0,0.0,0.0,0.0,0.0,0.0,0.0,0.0,0.0,0.0,0.0,0.0,0.0,0.0,0.0,0.0,0.0,0.0,0.0,0.0,0.0,0.0,0.0,0.0,0.0,0.0,0.0,0.0,0.0,0.0,0.0,0.0,0.0,0.0,0.0,0.0,0.0,0.0,0.0,0.0,0.0,0.0,0.0,0.0,0.0,0.0,0.0,0.0,0.0,0.0,0.0,0.0,0.0,0.0,0.0,0.0,0.0,31.05593618088934,0.0,0.0,30.226876876190186,0.0,0.0,31.14149509997217,0.0,0.0,32.3565883677377,0.0,0.0,0.0,0.0,0.0,0.0 
 07/21  21:10:00,43.93125,161.46153886455176,-2.2206309337769525,-224.29395333072372,0.0,-20.888694947550547,43.93125,127.35086179350333,0.0,-189.81204416782697,0.0,-18.37423837580066,26.358756,171.4278833772387,0.0,-228.12876148436513,0.0,-29.998384966504133,0.0,91.1859309850276,0.0,-163.86375776124459,0.0,-72.92811319380738,41558.48913675874,0.0,35832.206183520204,0.0,42186.07361384548,0.0,98318.25465674672,0.0,93017.88286167546,0.0,78055.02031717601,0.0,94691.1832767736,0.0,30.971758836140594,30.152743414043684,31.061015032715915,32.06838483139599,25.036249997699024,25.036249997699024,25.036249997699024,25.036249997699024,25.036249997699024,25.036249997699024,25.036249997699024,25.036249997699024,20.11817475484842,20.135444995236767,20.158860049783314,20.235243916487175,20.31332681744794,20.313326817880203,24.261824013507145,20.22089029282787,20.284434430189634,20.284434430572436,24.566562009449505,20.193985721815476,20.229642848089043,20.229642848089206,23.11568731288545,24.577909834710177,24.881783768038968,23.53456345347909,24.317543134956477,24.31754432390236,24.31754432657634,24.317544329250325,25.036249997699024,25.63633165605867,26.345452868538977,20.11817475484842,20.11817475484842,0.0,0.027523734886657165,0.01754433780655011,0.008923685382965507,0.0579258116062422,0.0,0.04751692920006252,0.0,0.005508635418369325,0.0,0.06375610101088969,0.007465527439627077,0.0,0.24991517496959373,0.0,0.0,0.0,0.0,0.0,0.0,0.0,0.0,0.0,0.0,0.0,0.0,0.0,0.0,0.0,0.0,0.0,0.0,0.0,0.0,0.0,0.0,0.0,0.0,0.0,0.0,0.0,0.0,0.0,0.0,0.0,0.0,0.0,0.0,0.0,0.0,0.0,0.0,0.0,0.0,0.0,0.0,0.0,0.0,0.0,0.0,0.0,0.0,0.0,0.0,0.0,0.0,0.0,0.0,0.0,0.0,0.0,0.0,0.0,0.0,0.0,0.0,30.96046855597584,0.0,0.0,30.142814281417586,0.0,0.0,31.050081160614276,0.0,0.0,32.03258052099419,0.0,0.0,0.0,0.0,0.0,0.0 
 07/21  21:20:00,43.93125,163.1652525729642,-2.179502862961364,-227.01289127125284,0.0,-21.88981938760041,43.93125,129.80796184943978,0.0,-192.9646437318118,0.0,-19.064237882795567,26.358756,172.9471854695734,0.0,-231.04109740424005,0.0,-31.43700681806436,0.0,88.91099778446662,0.0,-160.2780645518083,0.0,-71.60438150812506,42003.23563016701,0.0,36365.047758548055,0.0,42660.83145906986,0.0,96166.83873108498,0.0,94204.49913258472,0.0,79413.73848053903,0.0,95963.82698347417,0.0,30.872057603337502,30.06591088838362,30.965529424787317,31.74992643862914,24.875749997699025,24.875749997699025,24.875749997699025,24.875749997699025,24.875749997699025,24.875749997699025,24.875749997699025,24.875749997699025,20.11817475484842,20.135444995236767,20.158860049783314,20.235243916487175,20.31332681744794,20.313326817880203,24.261824013507145,20.22089029282787,20.284434430189634,20.284434430572436,24.566562009449505,20.193985721815476,20.229642848089043,20.229642848089206,23.11568731288545,24.577909834710177,24.881783768038968,23.53456345347909,24.317543134956477,24.31754432390236,24.31754432657634,24.317544329250325,24.875749997699025,25.63633165605867,26.345452868538977,20.11817475484842,20.11817475484842,0.0,0.027539170658607177,0.0175549597775735,0.008933292185836385,0.05795562681858454,0.0,0.04754029228534029,0.0,0.005522253629503168,0.0,0.0637892227993413,0.007480135053766804,0.0,0.2500457868219639,0.0,0.0,0.0,0.0,0.0,0.0,0.0,0.0,0.0,0.0,0.0,0.0,0.0,0.0,0.0,0.0,0.0,0.0,0.0,0.0,0.0,0.0,0.0,0.0,0.0,0.0,0.0,0.0,0.0,0.0,0.0,0.0,0.0,0.0,0.0,0.0,0.0,0.0,0.0,0.0,0.0,0.0,0.0,0.0,0.0,0.0,0.0,0.0,0.0,0.0,0.0,0.0,0.0,0.0,0.0,0.0,0.0,0.0,0.0,0.0,0.0,0.0,30.86024581755409,0.0,0.0,30.05560391038035,0.0,0.0,30.9540931979476,0.0,0.0,31.714791903626782,0.0,0.0,0.0,0.0,0.0,0.0 
 07/21  21:30:00,43.93125,164.8058754247513,-2.135592104957105,-229.56027752407408,0.0,-22.77238162430991,43.93125,132.08509248449244,0.0,-195.9929725716171,0.0,-19.79755025466762,26.358756,174.4894029164114,0.0,-233.7918032260067,0.0,-32.68203565386304,0.0,86.74746814286573,0.0,-156.83151737093021,0.0,-70.30373399284183,42419.2586575177,0.0,36875.376103452,0.0,43108.461821065874,0.0,94098.91042255814,0.0,95316.90785692676,0.0,80720.40743951828,0.0,97166.62011453813,0.0,30.768133724958,29.975815994748096,30.866035396523515,31.437612240872692,24.715249997699026,24.715249997699026,24.715249997699026,24.715249997699026,24.715249997699026,24.715249997699026,24.715249997699026,24.715249997699026,20.11817475484842,20.135444995236767,20.158860049783314,20.235243916487175,20.31332681744794,20.313326817880203,24.261824013507145,20.22089029282787,20.284434430189634,20.284434430572436,24.566562009449505,20.193985721815476,20.229642848089043,20.229642848089206,23.11568731288545,24.577909834710177,24.881783768038968,23.53456345347909,24.317543134956477,24.31754432390236,24.31754432657634,24.317544329250325,24.715249997699026,25.63633165605867,26.345452868538977,20.11817475484842,20.11817475484842,0.0,0.02755506520525839,0.017565810792550193,0.008941819959849818,0.05798626415057562,0.0,0.0475644735270622,0.0,0.005534862710275663,0.0,0.06382337481031013,0.007493355959844356,0.0,0.25017612439217984,0.0,0.0,0.0,0.0,0.0,0.0,0.0,0.0,0.0,0.0,0.0,0.0,0.0,0.0,0.0,0.0,0.0,0.0,0.0,0.0,0.0,0.0,0.0,0.0,0.0,0.0,0.0,0.0,0.0,0.0,0.0,0.0,0.0,0.0,0.0,0.0,0.0,0.0,0.0,0.0,0.0,0.0,0.0,0.0,0.0,0.0,0.0,0.0,0.0,0.0,0.0,0.0,0.0,0.0,0.0,0.0,0.0,0.0,0.0,0.0,0.0,0.0,30.75585772767969,0.0,0.0,29.96510044999063,0.0,0.0,30.854162915797787,0.0,0.0,31.403122543599075,0.0,0.0,0.0,0.0,0.0,0.0 
 07/21  21:40:00,43.93125,166.36897127695772,-2.0909731308745023,-231.9536729729174,0.0,-23.570357672429438,43.93125,134.04401161833846,0.0,-198.87509606567912,0.0,-20.67080844257417,26.358756,176.03504803717274,0.0,-236.40157653185832,0.0,-33.773991665215746,0.0,84.6717508755692,0.0,-153.5204600613647,0.0,-69.04248660644714,42809.54554489965,0.0,37359.54035073701,0.0,43532.46479626608,0.0,92112.27603681883,0.0,96362.65823885077,0.0,81965.51728867044,0.0,98308.4811228489,0.0,30.660438647042117,29.882002615568503,30.763053360077578,31.131283888801974,24.554749997699027,24.554749997699027,24.554749997699027,24.554749997699027,24.554749997699027,24.554749997699027,24.554749997699027,24.554749997699027,20.11817475484842,20.135444995236767,20.158860049783314,20.235243916487175,20.31332681744794,20.313326817880203,24.261824013507145,20.22089029282787,20.284434430189634,20.284434430572436,24.566562009449505,20.193985721815476,20.229642848089043,20.229642848089206,23.11568731288545,24.577909834710177,24.881783768038968,23.53456345347909,24.317543134956477,24.31754432390236,24.31754432657634,24.317544329250325,24.554749997699027,25.63633165605867,26.345452868538977,20.11817475484842,20.11817475484842,0.0,0.027571305662060903,0.017576841802359418,0.00894947487716111,0.058017705233183406,0.0,0.04758944988540725,0.0,0.005546341208846754,0.0,0.06385842695610572,0.007505448120054329,0.0,0.2503063802412506,0.0,0.0,0.0,0.0,0.0,0.0,0.0,0.0,0.0,0.0,0.0,0.0,0.0,0.0,0.0,0.0,0.0,0.0,0.0,0.0,0.0,0.0,0.0,0.0,0.0,0.0,0.0,0.0,0.0,0.0,0.0,0.0,0.0,0.0,0.0,0.0,0.0,0.0,0.0,0.0,0.0,0.0,0.0,0.0,0.0,0.0,0.0,0.0,0.0,0.0,0.0,0.0,0.0,0.0,0.0,0.0,0.0,0.0,0.0,0.0,0.0,0.0,30.647736762831947,0.0,0.0,29.87078861182757,0.0,0.0,30.750795522532982,0.0,0.0,31.097406439630998,0.0,0.0,0.0,0.0,0.0,0.0 
 07/21  21:50:00,43.93125,167.8317640063661,-2.0488099501414823,-234.20389938148207,0.0,-24.31954859806963,43.93125,135.48354691696602,0.0,-201.5613444744284,0.0,-21.837059790822686,26.358756,177.56135009109465,0.0,-238.88615662698513,0.0,-34.75164739492158,0.0,82.64471181146541,0.0,-150.34020903428234,0.0,-67.83818355244641,43175.94721858887,0.0,37809.175336480665,0.0,43935.49723225936,0.0,90204.12542056938,0.0,97346.39241030032,0.0,83127.63134817636,0.0,99396.19674393168,0.0,30.549261791309117,29.783394709914106,30.656981089230783,30.830742570414145,24.394249997699024,24.394249997699024,24.394249997699024,24.394249997699024,24.394249997699024,24.394249997699024,24.394249997699024,24.394249997699024,20.11817475484842,20.135444995236767,20.158860049783314,20.235243916487175,20.31332681744794,20.313326817880203,24.261824013507145,20.22089029282787,20.284434430189634,20.284434430572436,24.566562009449505,20.193985721815476,20.229642848089043,20.229642848089206,23.11568731288545,24.577909834710177,24.881783768038968,23.53456345347909,24.317543134956477,24.31754432390236,24.31754432657634,24.317544329250325,24.394249997699024,25.63633165605867,26.345452868538977,20.11817475484842,20.11817475484842,0.0,0.027587818492328917,0.017588093669650102,0.008956423545822927,0.058050033508029536,0.0,0.04761530009228723,0.0,0.005556301474495202,0.0,0.0638942878385845,0.007516634170730507,0.0,0.2504365727628578,0.0,0.0,0.0,0.0,0.0,0.0,0.0,0.0,0.0,0.0,0.0,0.0,0.0,0.0,0.0,0.0,0.0,0.0,0.0,0.0,0.0,0.0,0.0,0.0,0.0,0.0,0.0,0.0,0.0,0.0,0.0,0.0,0.0,0.0,0.0,0.0,0.0,0.0,0.0,0.0,0.0,0.0,0.0,0.0,0.0,0.0,0.0,0.0,0.0,0.0,0.0,0.0,0.0,0.0,0.0,0.0,0.0,0.0,0.0,0.0,0.0,0.0,30.53615260126051,0.0,0.0,29.77148255805776,0.0,0.0,30.644375040098343,0.0,0.0,30.797434052998888,0.0,0.0,0.0,0.0,0.0,0.0 
 07/21  22:00:00,43.93125,169.18127804652195,-1.9324353315934388,-236.46984973408877,0.0,-24.911973070904786,43.93125,138.35579888750704,0.0,-204.28283590266665,0.0,-21.9913732708544,26.358756,179.08243720386076,0.0,-241.40377274157942,0.0,-35.49896443490318,0.0,80.66027499393117,0.0,-147.26487780554612,0.0,-67.09629186517398,43518.01805442627,0.0,38244.87638694868,0.0,44318.08728589155,0.0,88358.92668332772,0.0,98363.89178602702,0.0,84324.82515465132,0.0,100524.17635905612,0.0,30.50979989199068,29.747468754573028,30.618985919564764,30.73041836467819,24.233749997699025,24.233749997699025,24.233749997699025,24.233749997699025,24.233749997699025,24.233749997699025,24.233749997699025,24.233749997699025,20.11817475484842,20.135444995236767,20.158860049783314,20.235243916487175,20.31332681744794,20.313326817880203,24.261824013507145,20.22089029282787,20.284434430189634,20.284434430572436,24.566562009449505,20.193985721815476,20.229642848089043,20.229642848089206,23.11568731288545,24.577909834710177,24.881783768038968,23.53456345347909,24.317543134956477,24.31754432390236,24.31754432657634,24.317544329250325,24.233749997699025,25.63633165605867,26.345452868538977,20.11817475484842,20.11817475484842,0.0,0.02759411181747391,0.01759255631140214,0.0090035860088376,0.058057666632593735,0.0,0.04761462092616971,0.0,0.005617142823199151,0.0,0.0639042551174297,0.007569522989080151,0.0,0.25069969268435965,0.0,0.0,0.0,0.0,0.0,0.0,0.0,0.0,0.0,0.0,0.0,0.0,0.0,0.0,0.0,0.0,0.0,0.0,0.0,0.0,0.0,0.0,0.0,0.0,0.0,0.0,0.0,0.0,0.0,0.0,0.0,0.0,0.0,0.0,0.0,0.0,0.0,0.0,0.0,0.0,0.0,0.0,0.0,0.0,0.0,0.0,0.0,0.0,0.0,0.0,0.0,0.0,0.0,0.0,0.0,0.0,0.0,0.0,0.0,0.0,0.0,0.0,30.421047267300896,0.0,0.0,29.67012311608217,0.0,0.0,30.53498149217858,0.0,0.0,30.502090446919173,0.0,0.0,0.0,0.0,0.0,0.0 
 07/21  22:10:00,43.93125,169.44174628277662,-1.8185476827557494,-237.05048468297508,0.0,-25.37896321831914,43.93125,139.88994189317935,0.0,-205.48731313756258,0.0,-21.902309206983443,26.358756,179.37565224110546,0.0,-242.23097310330718,0.0,-36.23204915374115,0.0,75.12186369453289,0.0,-143.29295358264824,0.0,-67.55776014297602,43589.79376572057,0.0,38428.965022558936,0.0,44429.58613893645,0.0,85975.77214958894,0.0,98640.49704406448,0.0,84863.42285997866,0.0,100908.99772304785,0.0,30.421047267300896,29.67012311608217,30.53498149217858,30.502090446919173,24.10891666436569,24.10891666436569,24.10891666436569,24.10891666436569,24.10891666436569,24.10891666436569,24.10891666436569,24.10891666436569,20.11817475484842,20.135444995236767,20.158860049783314,20.235243916487175,20.31332681744794,20.313326817880203,24.261824013507145,20.22089029282787,20.284434430189634,20.284434430572436,24.566562009449505,20.193985721815476,20.229642848089043,20.229642848089206,23.11568731288545,24.577909834710177,24.881783768038968,23.53456345347909,24.317543134956477,24.31754432390236,24.31754432657634,24.317544329250325,24.10891666436569,25.63633165605867,26.345452868538977,20.11817475484842,20.11817475484842,0.0,0.027607238057418555,0.01760142645001953,0.009008532362349787,0.058083058543071164,0.0,0.04763495408994881,0.0,0.005624991893000061,0.0,0.06393261408989959,0.007577657357658839,0.0,0.25080194627706304,0.0,0.0,0.0,0.0,0.0,0.0,0.0,0.0,0.0,0.0,0.0,0.0,0.0,0.0,0.0,0.0,0.0,0.0,0.0,0.0,0.0,0.0,0.0,0.0,0.0,0.0,0.0,0.0,0.0,0.0,0.0,0.0,0.0,0.0,0.0,0.0,0.0,0.0,0.0,0.0,0.0,0.0,0.0,0.0,0.0,0.0,0.0,0.0,0.0,0.0,0.0,0.0,0.0,0.0,0.0,0.0,0.0,0.0,0.0,0.0,0.0,0.0,30.303829727695817,0.0,0.0,29.569208024092443,0.0,0.0,30.42337054848016,0.0,0.0,30.205007874231796,0.0,0.0,0.0,0.0,0.0,0.0 
 07/21  22:20:00,43.93125,169.9203043550445,-1.771253773211754,-237.46610614336203,0.0,-25.475761106356945,43.93125,143.22651927622832,0.0,-206.80095583294383,0.0,-20.659055418011906,26.358756,180.52695765090522,0.0,-242.90876485347286,0.0,-36.26245187354031,0.0,77.82124555920966,0.0,-139.6331710130023,0.0,-64.55619314289088,43658.80964314631,0.0,38653.678925828375,0.0,44540.81330909596,0.0,83779.90260780137,0.0,98820.85404287092,0.0,85426.89457393788,0.0,101204.44560298775,0.0,30.303829727695817,29.569208024092443,30.42337054848016,30.205007874231796,23.98408333103236,23.98408333103236,23.98408333103236,23.98408333103236,23.98408333103236,23.98408333103236,23.98408333103236,23.98408333103236,20.11817475484842,20.135444995236767,20.158860049783314,20.235243916487175,20.31332681744794,20.313326817880203,24.261824013507145,20.22089029282787,20.284434430189634,20.284434430572436,24.566562009449505,20.193985721815476,20.229642848089043,20.229642848089206,23.11568731288545,24.577909834710177,24.881783768038968,23.53456345347909,24.317543134956477,24.31754432390236,24.31754432657634,24.317544329250325,23.98408333103236,25.63633165605867,26.345452868538977,20.11817475484842,20.11817475484842,0.0,0.02762441091684315,0.017612845505315448,0.008998258352799724,0.058117771505787515,0.0,0.0476652718799519,0.0,0.005614299991384236,0.0,0.06397105836470232,0.007569579009121839,0.0,0.2508559130310719,0.0,0.0,0.0,0.0,0.0,0.0,0.0,0.0,0.0,0.0,0.0,0.0,0.0,0.0,0.0,0.0,0.0,0.0,0.0,0.0,0.0,0.0,0.0,0.0,0.0,0.0,0.0,0.0,0.0,0.0,0.0,0.0,0.0,0.0,0.0,0.0,0.0,0.0,0.0,0.0,0.0,0.0,0.0,0.0,0.0,0.0,0.0,0.0,0.0,0.0,0.0,0.0,0.0,0.0,0.0,0.0,0.0,0.0,0.0,0.0,0.0,0.0,30.186210912888452,0.0,0.0,29.474051320361603,0.0,0.0,30.311707609543454,0.0,0.0,29.921391169607887,0.0,0.0,0.0,0.0,0.0,0.0 
 07/21  22:30:00,43.93125,169.01115470052247,-1.699520813287208,-237.77545824346527,0.0,-26.078390876658506,43.93125,146.86075049133626,0.0,-208.46577989584205,0.0,-18.808827983396803,26.358756,180.82213034191517,0.0,-243.57809745594864,0.0,-36.35259656972099,0.0,76.75300936236523,0.0,-136.30856023273418,0.0,-61.325984069885614,43708.65825434078,0.0,38938.6773020828,0.0,44650.47605912377,0.0,81785.13613964051,0.0,98956.61669173834,0.0,86140.79063542243,0.0,101496.3824144454,0.0,30.186210912888452,29.474051320361603,30.311707609543454,29.921391169607887,23.859249997699024,23.859249997699024,23.859249997699024,23.859249997699024,23.859249997699024,23.859249997699024,23.859249997699024,23.859249997699024,20.11817475484842,20.135444995236767,20.158860049783314,20.235243916487175,20.31332681744794,20.313326817880203,24.261824013507145,20.22089029282787,20.284434430189634,20.284434430572436,24.566562009449505,20.193985721815476,20.229642848089043,20.229642848089206,23.11568731288545,24.577909834710177,24.881783768038968,23.53456345347909,24.317543134956477,24.31754432390236,24.31754432657634,24.317544329250325,23.859249997699024,25.63633165605867,26.345452868538977,20.11817475484842,20.11817475484842,0.0,0.027638684359355094,0.01761902501991089,0.008988493615685371,0.05815135383284113,0.0,0.04769440633780063,0.0,0.005607710685667146,0.0,0.06400966851593691,0.007562686035604418,0.0,0.25091719541310564,0.0,0.0,0.0,0.0,0.0,0.0,0.0,0.0,0.0,0.0,0.0,0.0,0.0,0.0,0.0,0.0,0.0,0.0,0.0,0.0,0.0,0.0,0.0,0.0,0.0,0.0,0.0,0.0,0.0,0.0,0.0,0.0,0.0,0.0,0.0,0.0,0.0,0.0,0.0,0.0,0.0,0.0,0.0,0.0,0.0,0.0,0.0,0.0,0.0,0.0,0.0,0.0,0.0,0.0,0.0,0.0,0.0,0.0,0.0,0.0,0.0,0.0,30.065857761667157,0.0,0.0,29.387441781480828,0.0,0.0,30.199808872915586,0.0,0.0,29.65220615472472,0.0,0.0,0.0,0.0,0.0,0.0 
 07/21  22:40:00,43.93125,169.1754899705867,-1.5986710950548968,-238.01072700850693,0.0,-26.4281906935832,43.93125,149.53366603552058,0.0,-210.40961315351166,0.0,-17.459202947263346,26.358756,180.28761794237406,0.0,-244.16989835603005,0.0,-37.019262187310325,0.0,74.09875924667882,0.0,-133.16929800098558,0.0,-59.54951363206385,43747.539434047096,0.0,39267.78022274933,0.0,44746.100762808914,0.0,79901.5788005914,0.0,99058.89677105704,0.0,86977.98766935768,0.0,101755.8382508091,0.0,30.065857761667157,29.387441781480828,30.199808872915586,29.65220615472472,23.734416664365693,23.734416664365693,23.734416664365693,23.734416664365693,23.734416664365693,23.734416664365693,23.734416664365693,23.734416664365693,20.11817475484842,20.135444995236767,20.158860049783314,20.235243916487175,20.31332681744794,20.313326817880203,24.261824013507145,20.22089029282787,20.284434430189634,20.284434430572436,24.566562009449505,20.193985721815476,20.229642848089043,20.229642848089206,23.11568731288545,24.577909834710177,24.881783768038968,23.53456345347909,24.317543134956477,24.31754432390236,24.31754432657634,24.317544329250325,23.734416664365693,25.63633165605867,26.345452868538977,20.11817475484842,20.11817475484842,0.0,0.02765728780025771,0.01763171319271502,0.008979569655030073,0.0581829135496361,0.0,0.04772141380391227,0.0,0.005606557308648358,0.0,0.06404650441010484,0.007556623908695543,0.0,0.25098642582149855,0.0,0.0,0.0,0.0,0.0,0.0,0.0,0.0,0.0,0.0,0.0,0.0,0.0,0.0,0.0,0.0,0.0,0.0,0.0,0.0,0.0,0.0,0.0,0.0,0.0,0.0,0.0,0.0,0.0,0.0,0.0,0.0,0.0,0.0,0.0,0.0,0.0,0.0,0.0,0.0,0.0,0.0,0.0,0.0,0.0,0.0,0.0,0.0,0.0,0.0,0.0,0.0,0.0,0.0,0.0,0.0,0.0,0.0,0.0,0.0,0.0,0.0,29.943939449754883,0.0,0.0,29.30706835391369,0.0,0.0,30.08590128692446,0.0,0.0,29.391045126466526,0.0,0.0,0.0,0.0,0.0,0.0 
 07/21  22:50:00,43.93125,170.16706309370733,-1.4843779197322817,-238.29864297903873,0.0,-26.094727133157765,43.93125,151.82056104494,0.0,-212.49825683228192,0.0,-16.828453247012046,26.358756,179.90835766183147,0.0,-244.64961328237712,0.0,-37.89625107237289,0.0,72.1329287340806,0.0,-130.14773591712208,0.0,-58.42936841220299,43797.61565575987,0.0,39617.73308332452,0.0,44823.135138204634,0.0,78088.64155027324,0.0,99181.57013166341,0.0,87881.22101604467,0.0,101966.6328312217,0.0,29.943939449754883,29.30706835391369,30.08590128692446,29.391045126466526,23.60958333103236,23.60958333103236,23.60958333103236,23.60958333103236,23.60958333103236,23.60958333103236,23.60958333103236,23.60958333103236,20.11817475484842,20.135444995236767,20.158860049783314,20.235243916487175,20.31332681744794,20.313326817880203,24.261824013507145,20.22089029282787,20.284434430189634,20.284434430572436,24.566562009449505,20.193985721815476,20.229642848089043,20.229642848089206,23.11568731288545,24.577909834710177,24.881783768038968,23.53456345347909,24.317543134956477,24.31754432390236,24.31754432657634,24.317544329250325,23.60958333103236,25.63633165605867,26.345452868538977,20.11817475484842,20.11817475484842,0.0,0.027676134469020508,0.017643980077500263,0.008970685984091965,0.05821343023402841,0.0,0.04774734790322695,0.0,0.005609021562595397,0.0,0.06408333735782246,0.007550307985983997,0.0,0.25105987282988895,0.0,0.0,0.0,0.0,0.0,0.0,0.0,0.0,0.0,0.0,0.0,0.0,0.0,0.0,0.0,0.0,0.0,0.0,0.0,0.0,0.0,0.0,0.0,0.0,0.0,0.0,0.0,0.0,0.0,0.0,0.0,0.0,0.0,0.0,0.0,0.0,0.0,0.0,0.0,0.0,0.0,0.0,0.0,0.0,0.0,0.0,0.0,0.0,0.0,0.0,0.0,0.0,0.0,0.0,0.0,0.0,0.0,0.0,0.0,0.0,0.0,0.0,29.823607379069074,0.0,0.0,29.22961849770183,0.0,0.0,29.96934046119314,0.0,0.0,29.135014255500465,0.0,0.0,0.0,0.0,0.0,0.0 
 07/21  23:00:00,43.93125,170.4325222397723,-1.3656314008741646,-238.64906398474227,0.0,-25.800257791882675,43.93125,154.12216645696526,0.0,-214.64864045525087,0.0,-16.58994115088666,26.358756,180.42610560989928,0.0,-245.0717223391361,0.0,-38.28113669216559,0.0,70.63747125263394,0.0,-127.24756350533562,0.0,-57.271834599056696,43857.62302181445,0.0,39975.84439215647,0.0,44892.22477574496,0.0,76348.53810320141,0.0,99331.81536903091,0.0,88813.33988099406,0.0,102150.80862773668,0.0,29.823607379069074,29.22961849770183,29.96934046119314,29.135014255500465,23.484749997699026,23.484749997699026,23.484749997699026,23.484749997699026,23.484749997699026,23.484749997699026,23.484749997699026,23.484749997699026,20.11817475484842,20.135444995236767,20.158860049783314,20.235243916487175,20.31332681744794,20.313326817880203,24.261824013507145,20.22089029282787,20.284434430189634,20.284434430572436,24.566562009449505,20.193985721815476,20.229642848089043,20.229642848089206,23.11568731288545,24.577909834710177,24.881783768038968,23.53456345347909,24.317543134956477,24.31754432390236,24.31754432657634,24.317544329250325,23.484749997699026,25.63633165605867,26.345452868538977,20.11817475484842,20.11817475484842,0.0,0.027694456563724164,0.01765514037600647,0.008962611117361486,0.058243496950271686,0.0,0.04777281510831559,0.0,0.005613303300585452,0.0,0.06412041857228568,0.007543216816476441,0.0,0.2511356147061495,0.0,0.0,0.0,0.0,0.0,0.0,0.0,0.0,0.0,0.0,0.0,0.0,0.0,0.0,0.0,0.0,0.0,0.0,0.0,0.0,0.0,0.0,0.0,0.0,0.0,0.0,0.0,0.0,0.0,0.0,0.0,0.0,0.0,0.0,0.0,0.0,0.0,0.0,0.0,0.0,0.0,0.0,0.0,0.0,0.0,0.0,0.0,0.0,0.0,0.0,0.0,0.0,0.0,0.0,0.0,0.0,0.0,0.0,0.0,0.0,0.0,0.0,29.704680009377306,0.0,0.0,29.153285687912184,0.0,0.0,29.85164190146887,0.0,0.0,28.884264428749887,0.0,0.0,0.0,0.0,0.0,0.0 
 07/21  23:10:00,43.93125,173.49453218857212,-1.2637461096469451,-239.27597099303853,0.0,-24.288575996646294,43.93125,156.53812765175277,0.0,-216.83885449150137,0.0,-16.429665811732157,26.358756,179.67240400978272,0.0,-245.40938285607695,0.0,-38.962335560792674,0.0,69.2257608717158,0.0,-124.4805798516569,0.0,-55.99789150936142,43967.04886766898,0.0,40339.58447951862,0.0,44946.95772153933,0.0,74688.34791099411,0.0,99598.53372815407,0.0,89763.72821538217,0.0,102298.67199210681,0.0,29.704680009377306,29.153285687912184,29.85164190146887,28.884264428749887,23.35991666436569,23.35991666436569,23.35991666436569,23.35991666436569,23.35991666436569,23.35991666436569,23.35991666436569,23.35991666436569,20.11817475484842,20.135444995236767,20.158860049783314,20.235243916487175,20.31332681744794,20.313326817880203,24.261824013507145,20.22089029282787,20.284434430189634,20.284434430572436,24.566562009449505,20.193985721815476,20.229642848089043,20.229642848089206,23.11568731288545,24.577909834710177,24.881783768038968,23.53456345347909,24.317543134956477,24.31754432390236,24.31754432657634,24.317544329250325,23.35991666436569,25.63633165605867,26.345452868538977,20.11817475484842,20.11817475484842,0.0,0.027712577419620892,0.017665882994006236,0.008955376857533559,0.05827320472450058,0.0,0.047797887984615324,0.0,0.005618642764611439,0.0,0.06415745450389101,0.0075359521104355785,0.0,0.25121383452427815,0.0,0.0,0.0,0.0,0.0,0.0,0.0,0.0,0.0,0.0,0.0,0.0,0.0,0.0,0.0,0.0,0.0,0.0,0.0,0.0,0.0,0.0,0.0,0.0,0.0,0.0,0.0,0.0,0.0,0.0,0.0,0.0,0.0,0.0,0.0,0.0,0.0,0.0,0.0,0.0,0.0,0.0,0.0,0.0,0.0,0.0,0.0,0.0,0.0,0.0,0.0,0.0,0.0,0.0,0.0,0.0,0.0,0.0,0.0,0.0,0.0,0.0,29.59276224963015,0.0,0.0,29.0777092807771,0.0,0.0,29.731896617438146,0.0,0.0,28.639291689001706,0.0,0.0,0.0,0.0,0.0,0.0 
 07/21  23:20:00,43.93125,176.15400674279067,-1.1843679673061729,-240.2711931154755,0.0,-22.42786879447482,43.93125,159.01645928248152,0.0,-219.0729051874523,0.0,-16.237715404381053,26.358756,185.5973510090038,0.0,-246.03676709006356,0.0,-36.434242080112,0.0,67.77344513534088,0.0,-121.84395592330145,0.0,-54.750027762339315,44137.225810401455,0.0,40709.9825819323,0.0,45056.7748388145,0.0,73106.3735539809,0.0,100025.4900588839,0.0,90733.76053053906,0.0,102565.28541522368,0.0,29.59276224963015,29.0777092807771,29.731896617438146,28.639291689001706,23.235083331032357,23.235083331032357,23.235083331032357,23.235083331032357,23.235083331032357,23.235083331032357,23.235083331032357,23.235083331032357,20.11817475484842,20.135444995236767,20.158860049783314,20.235243916487175,20.31332681744794,20.313326817880203,24.261824013507145,20.22089029282787,20.284434430189634,20.284434430572436,24.566562009449505,20.193985721815476,20.229642848089043,20.229642848089206,23.11568731288545,24.577909834710177,24.881783768038968,23.53456345347909,24.317543134956477,24.31754432390236,24.31754432657634,24.317544329250325,23.235083331032357,25.63633165605867,26.345452868538977,20.11817475484842,20.11817475484842,0.0,0.027729648164818373,0.017675225332214536,0.008950849571608153,0.05830238273451086,0.0,0.04782237157317891,0.0,0.0056248850500915295,0.0,0.06419431876408431,0.007528181937206418,0.0,0.2512953959049434,0.0,0.0,0.0,0.0,0.0,0.0,0.0,0.0,0.0,0.0,0.0,0.0,0.0,0.0,0.0,0.0,0.0,0.0,0.0,0.0,0.0,0.0,0.0,0.0,0.0,0.0,0.0,0.0,0.0,0.0,0.0,0.0,0.0,0.0,0.0,0.0,0.0,0.0,0.0,0.0,0.0,0.0,0.0,0.0,0.0,0.0,0.0,0.0,0.0,0.0,0.0,0.0,0.0,0.0,0.0,0.0,0.0,0.0,0.0,0.0,0.0,0.0,29.489453645535164,0.0,0.0,29.00303434351053,0.0,0.0,29.61996273600841,0.0,0.0,28.39996842137691,0.0,0.0,0.0,0.0,0.0,0.0 
 07/21  23:30:00,43.93125,178.13824100188307,-1.1200411754441006,-241.5502815440213,0.0,-21.098265463461665,43.93125,161.50266370861405,0.0,-221.35402669662966,0.0,-16.032756738766206,26.358756,188.95770595215612,0.0,-247.06458236064054,0.0,-33.42729385449295,0.0,66.34959454605566,0.0,-119.32847262124301,0.0,-53.590664738391546,44350.936919015774,0.0,41087.463885474455,0.0,45232.04859518418,0.0,71597.08357274575,0.0,100579.23200739697,0.0,91724.95213250331,0.0,103006.7008212002,0.0,29.489453645535164,29.00303434351053,29.61996273600841,28.39996842137691,23.11024999769903,23.11024999769903,23.11024999769903,23.11024999769903,23.11024999769903,23.11024999769903,23.11024999769903,23.11024999769903,20.11817475484842,20.135444995236767,20.158860049783314,20.235243916487175,20.31332681744794,20.313326817880203,24.261824013507145,20.22089029282787,20.284434430189634,20.284434430572436,24.566562009449505,20.193985721815476,20.229642848089043,20.229642848089206,23.11568731288545,24.577909834710177,24.881783768038968,23.53456345347909,24.317543134956477,24.31754432390236,24.31754432657634,24.317544329250325,23.11024999769903,25.63633165605867,26.345452868538977,20.11817475484842,20.11817475484842,0.0,0.027745507760709914,0.017683928680720343,0.00894934369117265,0.058330601971706565,0.0,0.04784579187293958,0.0,0.0056317852073079116,0.0,0.06422943519384455,0.007523325892956994,0.0,0.2513819834483553,0.0,0.0,0.0,0.0,0.0,0.0,0.0,0.0,0.0,0.0,0.0,0.0,0.0,0.0,0.0,0.0,0.0,0.0,0.0,0.0,0.0,0.0,0.0,0.0,0.0,0.0,0.0,0.0,0.0,0.0,0.0,0.0,0.0,0.0,0.0,0.0,0.0,0.0,0.0,0.0,0.0,0.0,0.0,0.0,0.0,0.0,0.0,0.0,0.0,0.0,0.0,0.0,0.0,0.0,0.0,0.0,0.0,0.0,0.0,0.0,0.0,0.0,29.39230078349718,0.0,0.0,28.929320005246602,0.0,0.0,29.517301898985316,0.0,0.0,28.165895265651468,0.0,0.0,0.0,0.0,0.0,0.0 
 07/21  23:40:00,43.93125,179.91927190833323,-1.0625712706706736,-242.99386205442158,0.0,-20.374793710289445,43.93125,163.98443814107875,0.0,-223.67865821847795,0.0,-15.851443025065224,26.358756,191.2452054503091,0.0,-248.3808602055737,0.0,-31.442734554780223,0.0,65.01457198212927,0.0,-116.92727994170559,0.0,-52.4968824590588,44588.52613743006,0.0,41471.26620327439,0.0,45450.66878728273,0.0,70156.36796502338,0.0,101207.79109522287,0.0,92735.92872781241,0.0,103577.84733606144,0.0,29.39230078349718,28.929320005246602,29.517301898985316,28.165895265651468,22.985416664365694,22.985416664365694,22.985416664365694,22.985416664365694,22.985416664365694,22.985416664365694,22.985416664365694,22.985416664365694,20.11817475484842,20.135444995236767,20.158860049783314,20.235243916487175,20.31332681744794,20.313326817880203,24.261824013507145,20.22089029282787,20.284434430189634,20.284434430572436,24.566562009449505,20.193985721815476,20.229642848089043,20.229642848089206,23.11568731288545,24.577909834710177,24.881783768038968,23.53456345347909,24.317543134956477,24.31754432390236,24.31754432657634,24.317544329250325,22.985416664365694,25.63633165605867,26.345452868538977,20.11817475484842,20.11817475484842,0.0,0.027760533435463305,0.017692556246962938,0.00895004304177541,0.058357906561272245,0.0,0.047868199817948806,0.0,0.005639351145546058,0.0,0.06426267853897596,0.007521943872782861,0.0,0.25147336058089126,0.0,0.0,0.0,0.0,0.0,0.0,0.0,0.0,0.0,0.0,0.0,0.0,0.0,0.0,0.0,0.0,0.0,0.0,0.0,0.0,0.0,0.0,0.0,0.0,0.0,0.0,0.0,0.0,0.0,0.0,0.0,0.0,0.0,0.0,0.0,0.0,0.0,0.0,0.0,0.0,0.0,0.0,0.0,0.0,0.0,0.0,0.0,0.0,0.0,0.0,0.0,0.0,0.0,0.0,0.0,0.0,0.0,0.0,0.0,0.0,0.0,0.0,29.2985084711213,0.0,0.0,28.8564569070351,0.0,0.0,29.42076696572323,0.0,0.0,27.93677429841539,0.0,0.0,0.0,0.0,0.0,0.0 
 07/21  23:50:00,43.93125,181.78258449671412,-1.0083148691278012,-244.53461053404715,0.0,-19.95046864184834,43.93125,166.47280628396084,0.0,-226.04053916338944,0.0,-15.704279337846796,26.358756,193.20771597184938,0.0,-249.851019427984,0.0,-30.45767919022149,0.0,63.76716048206859,0.0,-114.63636219794535,0.0,-51.441167806979806,44840.292819867194,0.0,41860.286309796604,0.0,45691.014072659644,0.0,68781.81731876722,0.0,101880.47350056113,0.0,93764.03718823704,0.0,104219.59758413078,0.0,29.2985084711213,28.8564569070351,29.42076696572323,27.93677429841539,22.86058333103236,22.86058333103236,22.86058333103236,22.86058333103236,22.86058333103236,22.86058333103236,22.86058333103236,22.86058333103236,20.11817475484842,20.135444995236767,20.158860049783314,20.235243916487175,20.31332681744794,20.313326817880203,24.261824013507145,20.22089029282787,20.284434430189634,20.284434430572436,24.566562009449505,20.193985721815476,20.229642848089043,20.229642848089206,23.11568731288545,24.577909834710177,24.881783768038968,23.53456345347909,24.317543134956477,24.31754432390236,24.31754432657634,24.317544329250325,22.86058333103236,25.63633165605867,26.345452868538977,20.11817475484842,20.11817475484842,0.0,0.027775099393140247,0.017701230591569972,0.008952126416583314,0.05838453374451202,0.0,0.04788985816499114,0.0,0.00564767223264205,0.0,0.06429464151554844,0.007523006938309611,0.0,0.2515685933505883,0.0,0.0,0.0,0.0,0.0,0.0,0.0,0.0,0.0,0.0,0.0,0.0,0.0,0.0,0.0,0.0,0.0,0.0,0.0,0.0,0.0,0.0,0.0,0.0,0.0,0.0,0.0,0.0,0.0,0.0,0.0,0.0,0.0,0.0,0.0,0.0,0.0,0.0,0.0,0.0,0.0,0.0,0.0,0.0,0.0,0.0,0.0,0.0,0.0,0.0,0.0,0.0,0.0,0.0,0.0,0.0,0.0,0.0,0.0,0.0,0.0,0.0,29.206697382950892,0.0,0.0,28.784287538263477,0.0,0.0,29.327285385376374,0.0,0.0,27.712428616703274,0.0,0.0,0.0,0.0,0.0,0.0 
 07/21  24:00:00,43.93125,183.7669512666557,-0.9569434815380902,-246.15500766765302,0.0,-19.58527838942552,43.93125,168.97811147251448,0.0,-228.43458584222822,0.0,-15.58286524690753,26.358756,195.2575337526107,0.0,-251.40558947979906,0.0,-29.921358554004655,0.0,62.58672481113942,0.0,-112.45212856241506,0.0,-50.41947540448123,45104.32282271062,0.0,42253.69256935905,0.0,45943.377564365044,0.0,67471.27713744904,0.0,102588.68177788118,0.0,94807.05893597785,0.0,104899.97612351443,0.0,29.206697382950892,28.784287538263477,29.327285385376374,27.712428616703274,22.735749997699024,22.735749997699024,22.735749997699024,22.735749997699024,22.735749997699024,22.735749997699024,22.735749997699024,22.735749997699024,20.11817475484842,20.135444995236767,20.158860049783314,20.235243916487175,20.31332681744794,20.313326817880203,24.261824013507145,20.22089029282787,20.284434430189634,20.284434430572436,24.566562009449505,20.193985721815476,20.229642848089043,20.229642848089206,23.11568731288545,24.577909834710177,24.881783768038968,23.53456345347909,24.317543134956477,24.31754432390236,24.31754432657634,24.317544329250325,22.735749997699024,25.63633165605867,26.345452868538977,20.11817475484842,20.11817475484842,0.0,0.02778936301383591,0.017709837437897405,0.008955222620828504,0.05841066632240107,0.0,0.0479109682267451,0.0,0.005656794726924097,0.0,0.06432584978338896,0.007525486731130414,0.0,0.25166698763737533,0.0,0.0,0.0,0.0,0.0,0.0,0.0,0.0,0.0,0.0,0.0,0.0,0.0,0.0,0.0,0.0,0.0,0.0,0.0,0.0,0.0,0.0,0.0,0.0,0.0,0.0,0.0,0.0,0.0,0.0,0.0,0.0,0.0,0.0,0.0,0.0,0.0,0.0,0.0,0.0,0.0,0.0,0.0,0.0,0.0,0.0,0.0,0.0,0.0,0.0,0.0,0.0,0.0,0.0,0.0,0.0,0.0,0.0,0.0,0.0,0.0,0.0,29.116593764822227,0.0,0.0,28.712693130007302,0.0,0.0,29.23547791067041,0.0,0.0,27.492699661256186,0.0,0.0,0.0,0.0,0.0,0.0 
